Res, Index, Disorder, ppLDDT
M, 1, 0.900, 29.799
A, 2, 0.940, 33.971
A, 3, 0.930, 35.049
F, 4, 0.930, 34.347
G, 5, 0.948, 36.077
I, 6, 0.939, 38.559
L, 7, 0.948, 33.285
S, 8, 0.944, 33.319
Y, 9, 0.952, 31.700
E, 10, 0.956, 36.062
H, 11, 0.950, 38.553
R, 12, 0.950, 38.986
P, 13, 0.948, 41.114
L, 14, 0.955, 35.082
K, 15, 0.955, 37.623
R, 16, 0.952, 37.824
P, 17, 0.941, 40.916
R, 18, 0.929, 35.491
L, 19, 0.933, 34.308
G, 20, 0.931, 38.759
P, 21, 0.925, 39.161
P, 22, 0.927, 37.327
D, 23, 0.936, 36.758
V, 24, 0.936, 38.903
Y, 25, 0.934, 37.837
P, 26, 0.924, 41.780
Q, 27, 0.914, 36.288
D, 28, 0.919, 37.922
P, 29, 0.910, 40.929
K, 30, 0.905, 40.011
Q, 31, 0.918, 38.168
K, 32, 0.922, 38.241
E, 33, 0.916, 39.267
D, 34, 0.934, 42.011
E, 35, 0.931, 44.412
L, 36, 0.909, 45.127
T, 37, 0.913, 41.864
A, 38, 0.913, 43.157
L, 39, 0.905, 43.092
N, 40, 0.919, 42.191
V, 41, 0.925, 43.858
K, 42, 0.936, 43.473
Q, 43, 0.953, 42.898
G, 44, 0.951, 40.911
F, 45, 0.946, 40.622
N, 46, 0.966, 43.242
N, 47, 0.975, 43.118
Q, 48, 0.976, 40.343
P, 49, 0.986, 39.398
A, 50, 0.978, 36.086
V, 51, 0.978, 36.609
S, 52, 0.984, 34.329
G, 53, 0.976, 33.414
D, 54, 0.973, 35.423
E, 55, 0.964, 37.021
H, 56, 0.942, 38.057
G, 57, 0.923, 38.631
S, 58, 0.909, 40.774
A, 59, 0.895, 42.903
K, 60, 0.873, 44.148
N, 61, 0.886, 46.528
V, 62, 0.877, 47.267
S, 63, 0.869, 45.840
F, 64, 0.837, 45.447
N, 65, 0.785, 48.058
P, 66, 0.754, 51.802
A, 67, 0.744, 50.158
K, 68, 0.722, 50.110
I, 69, 0.679, 52.031
S, 70, 0.660, 50.898
S, 71, 0.628, 51.403
N, 72, 0.599, 53.218
F, 73, 0.572, 53.691
S, 74, 0.554, 56.200
S, 75, 0.547, 58.255
I, 76, 0.530, 59.188
I, 77, 0.528, 59.627
A, 78, 0.538, 57.670
E, 79, 0.560, 58.262
K, 80, 0.570, 60.103
L, 81, 0.565, 61.564
R, 82, 0.569, 60.842
C, 83, 0.575, 60.584
N, 84, 0.572, 58.006
T, 85, 0.580, 59.410
L, 86, 0.569, 60.877
P, 87, 0.566, 55.684
D, 88, 0.570, 57.800
T, 89, 0.573, 56.132
G, 90, 0.577, 53.945
R, 91, 0.575, 55.020
R, 92, 0.588, 59.026
K, 93, 0.593, 61.282
P, 94, 0.586, 64.648
Q, 95, 0.583, 61.731
V, 96, 0.577, 64.539
N, 97, 0.562, 62.620
Q, 98, 0.538, 64.447
K, 99, 0.528, 66.645
D, 100, 0.507, 69.459
N, 101, 0.496, 67.139
F, 102, 0.475, 70.762
W, 103, 0.461, 77.627
L, 104, 0.455, 80.571
V, 105, 0.450, 78.912
T, 106, 0.442, 78.261
A, 107, 0.432, 79.145
R, 108, 0.410, 77.035
S, 109, 0.401, 77.000
Q, 110, 0.383, 75.288
S, 111, 0.374, 74.585
A, 112, 0.361, 75.637
I, 113, 0.362, 76.979
N, 114, 0.365, 78.087
T, 115, 0.364, 79.769
W, 116, 0.353, 81.649
F, 117, 0.361, 80.305
T, 118, 0.360, 79.256
D, 119, 0.349, 80.058
L, 120, 0.338, 81.153
A, 121, 0.331, 79.296
G, 122, 0.327, 78.111
T, 123, 0.332, 79.596
K, 124, 0.311, 79.195
P, 125, 0.296, 82.976
L, 126, 0.278, 85.062
T, 127, 0.273, 82.348
Q, 128, 0.258, 81.828
L, 129, 0.251, 83.871
A, 130, 0.244, 82.539
K, 131, 0.218, 82.030
K, 132, 0.203, 82.130
V, 133, 0.196, 83.999
P, 134, 0.180, 85.958
I, 135, 0.167, 85.196
F, 136, 0.159, 83.227
S, 137, 0.154, 84.226
K, 138, 0.147, 82.545
K, 139, 0.143, 81.608
E, 140, 0.132, 82.831
E, 141, 0.128, 82.190
V, 142, 0.130, 84.175
F, 143, 0.127, 86.765
G, 144, 0.117, 87.643
Y, 145, 0.115, 88.910
L, 146, 0.111, 89.474
A, 147, 0.104, 90.486
K, 148, 0.096, 90.901
Y, 149, 0.091, 90.419
T, 150, 0.078, 90.917
V, 151, 0.063, 91.165
P, 152, 0.052, 92.577
V, 153, 0.042, 91.631
M, 154, 0.037, 91.229
R, 155, 0.031, 90.447
A, 156, 0.032, 92.166
A, 157, 0.030, 92.786
W, 158, 0.026, 92.547
L, 159, 0.031, 93.187
I, 160, 0.038, 91.868
K, 161, 0.044, 91.001
M, 162, 0.055, 89.293
T, 163, 0.068, 89.295
C, 164, 0.078, 88.066
A, 165, 0.083, 88.775
Y, 166, 0.094, 86.854
Y, 167, 0.108, 85.337
A, 168, 0.111, 85.561
A, 169, 0.114, 84.701
I, 170, 0.121, 82.404
S, 171, 0.120, 81.419
E, 172, 0.114, 81.789
T, 173, 0.111, 81.105
K, 174, 0.111, 79.646
V, 175, 0.108, 80.474
K, 176, 0.109, 78.385
K, 177, 0.106, 77.533
R, 178, 0.108, 77.111
H, 179, 0.113, 77.667
V, 180, 0.109, 80.080
D, 181, 0.103, 79.800
P, 182, 0.099, 81.143
F, 183, 0.094, 83.351
M, 184, 0.084, 82.982
E, 185, 0.079, 85.585
W, 186, 0.080, 86.563
T, 187, 0.077, 87.669
Q, 188, 0.069, 88.119
I, 189, 0.070, 88.416
I, 190, 0.064, 88.777
T, 191, 0.060, 89.009
K, 192, 0.057, 87.794
Y, 193, 0.057, 86.980
L, 194, 0.055, 86.526
W, 195, 0.066, 84.889
E, 196, 0.078, 79.545
Q, 197, 0.097, 79.655
L, 198, 0.125, 78.984
Q, 199, 0.149, 74.216
K, 200, 0.180, 73.164
M, 201, 0.213, 71.512
A, 202, 0.246, 70.324
E, 203, 0.273, 68.687
Y, 204, 0.306, 70.910
Y, 205, 0.338, 69.147
R, 206, 0.366, 68.821
P, 207, 0.388, 64.174
G, 208, 0.407, 59.928
P, 209, 0.417, 57.639
A, 210, 0.430, 56.755
G, 211, 0.440, 54.480
S, 212, 0.443, 53.332
G, 213, 0.442, 51.999
G, 214, 0.446, 51.439
C, 215, 0.442, 50.902
G, 216, 0.450, 53.260
S, 217, 0.454, 54.437
T, 218, 0.441, 57.154
I, 219, 0.423, 60.726
G, 220, 0.410, 61.961
P, 221, 0.388, 63.896
L, 222, 0.362, 64.034
P, 223, 0.341, 66.131
H, 224, 0.301, 65.601
D, 225, 0.275, 69.204
V, 226, 0.251, 71.389
E, 227, 0.219, 71.803
V, 228, 0.193, 75.508
A, 229, 0.172, 75.973
I, 230, 0.153, 80.060
R, 231, 0.122, 83.922
Q, 232, 0.102, 84.704
W, 233, 0.089, 85.371
D, 234, 0.058, 86.375
Y, 235, 0.051, 87.276
T, 236, 0.045, 88.445
E, 237, 0.036, 88.497
K, 238, 0.028, 88.174
L, 239, 0.027, 89.430
A, 240, 0.027, 91.063
M, 241, 0.024, 90.650
F, 242, 0.024, 90.665
M, 243, 0.019, 89.540
F, 244, 0.021, 88.495
Q, 245, 0.021, 86.384
D, 246, 0.021, 85.618
G, 247, 0.026, 85.080
M, 248, 0.026, 86.726
L, 249, 0.028, 87.615
D, 250, 0.023, 87.376
R, 251, 0.025, 87.420
H, 252, 0.024, 87.696
E, 253, 0.020, 88.391
F, 254, 0.025, 89.483
L, 255, 0.027, 91.072
T, 256, 0.030, 92.125
W, 257, 0.032, 93.022
V, 258, 0.031, 92.937
L, 259, 0.033, 92.886
E, 260, 0.032, 91.085
C, 261, 0.032, 89.494
F, 262, 0.034, 87.002
E, 263, 0.034, 85.069
K, 264, 0.035, 83.682
I, 265, 0.034, 83.708
R, 266, 0.032, 82.249
P, 267, 0.030, 81.813
G, 268, 0.031, 82.208
E, 269, 0.029, 81.610
D, 270, 0.022, 82.238
E, 271, 0.025, 83.051
L, 272, 0.023, 83.956
L, 273, 0.027, 85.867
K, 274, 0.031, 90.076
L, 275, 0.035, 90.247
L, 276, 0.035, 90.810
L, 277, 0.032, 91.040
P, 278, 0.030, 90.046
L, 279, 0.026, 90.075
L, 280, 0.021, 89.955
L, 281, 0.020, 88.909
R, 282, 0.015, 87.306
Y, 283, 0.014, 86.144
S, 284, 0.014, 84.826
G, 285, 0.010, 84.098
E, 286, 0.010, 84.374
F, 287, 0.004, 86.209
V, 288, 0.004, 86.538
Q, 289, 0.005, 84.848
S, 290, 0.005, 84.816
A, 291, 0.010, 86.260
Y, 292, 0.013, 85.583
L, 293, 0.014, 86.204
S, 294, 0.015, 86.360
R, 295, 0.022, 86.459
R, 296, 0.032, 86.216
L, 297, 0.047, 86.523
A, 298, 0.060, 86.854
Y, 299, 0.074, 85.469
F, 300, 0.094, 85.172
C, 301, 0.116, 82.693
T, 302, 0.131, 78.690
R, 303, 0.162, 78.656
R, 304, 0.191, 77.051
L, 305, 0.227, 75.004
A, 306, 0.262, 71.675
L, 307, 0.309, 69.965
Q, 308, 0.343, 68.028
L, 309, 0.391, 66.166
D, 310, 0.428, 63.358
G, 311, 0.468, 60.561
V, 312, 0.499, 61.634
S, 313, 0.537, 59.525
S, 314, 0.576, 56.544
H, 315, 0.621, 54.918
S, 316, 0.662, 50.965
S, 317, 0.699, 45.511
H, 318, 0.744, 42.430
V, 319, 0.786, 42.383
I, 320, 0.823, 43.422
S, 321, 0.866, 46.267
A, 322, 0.892, 47.514
Q, 323, 0.912, 46.164
S, 324, 0.928, 43.587
T, 325, 0.939, 39.888
S, 326, 0.944, 35.026
T, 327, 0.953, 33.531
L, 328, 0.959, 32.789
P, 329, 0.964, 36.804
T, 330, 0.963, 32.746
T, 331, 0.966, 31.724
P, 332, 0.963, 35.283
A, 333, 0.956, 31.296
P, 334, 0.956, 35.389
Q, 335, 0.944, 30.747
P, 336, 0.941, 36.077
P, 337, 0.922, 36.947
T, 338, 0.909, 33.912
S, 339, 0.894, 35.078
S, 340, 0.877, 38.949
T, 341, 0.867, 41.051
P, 342, 0.865, 46.938
S, 343, 0.834, 47.395
T, 344, 0.811, 48.804
P, 345, 0.799, 53.657
F, 346, 0.756, 48.892
S, 347, 0.700, 52.233
D, 348, 0.655, 55.558
L, 349, 0.600, 51.874
L, 350, 0.546, 52.903
M, 351, 0.479, 54.054
C, 352, 0.423, 52.034
P, 353, 0.374, 55.963
Q, 354, 0.321, 51.087
H, 355, 0.294, 53.394
R, 356, 0.257, 56.482
P, 357, 0.233, 61.339
L, 358, 0.199, 56.265
V, 359, 0.164, 60.932
F, 360, 0.135, 62.069
G, 361, 0.108, 60.917
L, 362, 0.087, 63.156
S, 363, 0.074, 68.575
C, 364, 0.063, 68.089
I, 365, 0.051, 76.446
L, 366, 0.042, 75.882
Q, 367, 0.039, 76.710
T, 368, 0.035, 79.116
I, 369, 0.035, 79.860
L, 370, 0.033, 78.202
L, 371, 0.034, 77.189
C, 372, 0.042, 76.430
C, 373, 0.039, 73.457
P, 374, 0.043, 70.238
S, 375, 0.053, 70.868
A, 376, 0.065, 72.993
L, 377, 0.079, 71.205
V, 378, 0.102, 69.281
W, 379, 0.116, 67.792
H, 380, 0.138, 62.227
Y, 381, 0.159, 61.812
S, 382, 0.171, 59.396
L, 383, 0.191, 59.442
T, 384, 0.207, 56.682
D, 385, 0.225, 55.799
S, 386, 0.244, 53.740
R, 387, 0.262, 55.079
I, 388, 0.279, 52.591
K, 389, 0.287, 53.730
T, 390, 0.303, 51.377
G, 391, 0.329, 47.037
S, 392, 0.351, 41.731
P, 393, 0.357, 43.532
L, 394, 0.366, 38.403
D, 395, 0.384, 41.627
H, 396, 0.402, 42.421
L, 397, 0.409, 42.636
P, 398, 0.410, 44.731
I, 399, 0.407, 40.273
A, 400, 0.409, 41.348
P, 401, 0.401, 41.593
S, 402, 0.391, 37.730
N, 403, 0.373, 40.608
L, 404, 0.353, 40.920
P, 405, 0.333, 46.690
M, 406, 0.316, 43.458
P, 407, 0.311, 48.048
E, 408, 0.293, 47.750
G, 409, 0.287, 46.923
N, 410, 0.284, 49.683
S, 411, 0.270, 53.922
A, 412, 0.259, 55.624
F, 413, 0.252, 54.312
T, 414, 0.239, 57.503
Q, 415, 0.216, 58.123
Q, 416, 0.202, 59.459
V, 417, 0.187, 60.929
R, 418, 0.170, 62.126
A, 419, 0.154, 65.326
K, 420, 0.149, 68.242
L, 421, 0.135, 73.238
R, 422, 0.121, 72.028
E, 423, 0.113, 73.941
I, 424, 0.103, 74.959
E, 425, 0.100, 74.642
Q, 426, 0.092, 75.529
Q, 427, 0.091, 75.224
I, 428, 0.086, 75.276
K, 429, 0.085, 75.224
E, 430, 0.080, 76.160
R, 431, 0.082, 75.252
G, 432, 0.079, 72.683
Q, 433, 0.084, 72.787
A, 434, 0.083, 76.884
V, 435, 0.083, 76.977
E, 436, 0.083, 77.494
V, 437, 0.083, 78.611
R, 438, 0.084, 79.782
W, 439, 0.081, 81.325
S, 440, 0.075, 81.090
F, 441, 0.071, 81.930
D, 442, 0.064, 79.251
K, 443, 0.063, 80.546
C, 444, 0.061, 80.692
Q, 445, 0.057, 77.996
E, 446, 0.057, 77.717
A, 447, 0.058, 79.045
T, 448, 0.058, 77.383
A, 449, 0.058, 77.814
G, 450, 0.058, 73.218
F, 451, 0.057, 75.642
T, 452, 0.060, 76.318
I, 453, 0.062, 77.231
G, 454, 0.072, 74.568
R, 455, 0.080, 78.481
V, 456, 0.090, 79.544
L, 457, 0.100, 78.146
H, 458, 0.106, 74.925
T, 459, 0.116, 75.825
L, 460, 0.125, 76.300
E, 461, 0.130, 71.283
V, 462, 0.134, 73.640
L, 463, 0.141, 70.179
D, 464, 0.145, 66.570
S, 465, 0.156, 65.266
H, 466, 0.158, 65.850
S, 467, 0.162, 64.058
F, 468, 0.163, 66.773
E, 469, 0.169, 63.011
R, 470, 0.177, 66.015
S, 471, 0.182, 62.661
D, 472, 0.188, 61.557
F, 473, 0.194, 62.693
S, 474, 0.208, 58.037
N, 475, 0.218, 59.354
S, 476, 0.227, 57.467
L, 477, 0.237, 59.178
D, 478, 0.251, 60.193
S, 479, 0.261, 60.245
L, 480, 0.273, 61.946
C, 481, 0.289, 61.327
N, 482, 0.307, 61.746
R, 483, 0.313, 65.330
I, 484, 0.317, 64.789
F, 485, 0.320, 62.615
G, 486, 0.323, 59.410
L, 487, 0.313, 61.185
G, 488, 0.320, 58.775
P, 489, 0.318, 57.453
S, 490, 0.313, 55.287
K, 491, 0.308, 55.296
D, 492, 0.313, 53.921
G, 493, 0.321, 53.507
H, 494, 0.311, 52.279
E, 495, 0.311, 53.801
I, 496, 0.311, 57.059
S, 497, 0.301, 56.839
S, 498, 0.294, 57.709
D, 499, 0.289, 60.232
D, 500, 0.275, 61.281
D, 501, 0.251, 62.334
A, 502, 0.227, 63.816
V, 503, 0.212, 66.656
V, 504, 0.195, 70.550
S, 505, 0.186, 72.708
L, 506, 0.166, 76.767
L, 507, 0.159, 81.737
C, 508, 0.153, 80.601
E, 509, 0.136, 83.038
W, 510, 0.121, 83.156
A, 511, 0.114, 82.596
V, 512, 0.101, 82.485
S, 513, 0.094, 82.759
C, 514, 0.094, 81.289
K, 515, 0.092, 78.983
R, 516, 0.093, 77.697
S, 517, 0.092, 74.989
G, 518, 0.090, 73.941
R, 519, 0.095, 75.725
H, 520, 0.097, 75.866
R, 521, 0.099, 78.029
A, 522, 0.099, 81.140
M, 523, 0.105, 80.710
V, 524, 0.114, 81.043
V, 525, 0.126, 81.692
A, 526, 0.138, 81.484
K, 527, 0.147, 79.939
L, 528, 0.157, 79.791
L, 529, 0.182, 74.639
E, 530, 0.206, 69.329
K, 531, 0.231, 69.639
R, 532, 0.257, 67.898
Q, 533, 0.283, 65.318
A, 534, 0.316, 64.555
E, 535, 0.349, 62.351
I, 536, 0.382, 62.731
E, 537, 0.407, 61.912
A, 538, 0.440, 63.302
E, 539, 0.476, 61.363
R, 540, 0.513, 63.527
C, 541, 0.541, 64.420
G, 542, 0.577, 58.104
E, 543, 0.608, 55.764
S, 544, 0.649, 52.066
E, 545, 0.675, 48.613
A, 546, 0.708, 47.411
A, 547, 0.738, 47.263
D, 548, 0.757, 45.948
E, 549, 0.771, 44.531
K, 550, 0.780, 43.871
G, 551, 0.797, 41.590
S, 552, 0.807, 38.310
I, 553, 0.802, 39.080
A, 554, 0.791, 40.309
S, 555, 0.778, 39.795
G, 556, 0.753, 38.828
S, 557, 0.732, 39.513
L, 558, 0.689, 39.918
S, 559, 0.654, 43.028
A, 560, 0.612, 43.962
P, 561, 0.586, 49.837
S, 562, 0.547, 48.920
A, 563, 0.516, 50.121
P, 564, 0.485, 57.085
I, 565, 0.438, 54.582
F, 566, 0.406, 53.747
Q, 567, 0.389, 55.694
D, 568, 0.371, 58.722
V, 569, 0.357, 57.408
L, 570, 0.337, 56.528
L, 571, 0.326, 57.814
Q, 572, 0.296, 58.355
F, 573, 0.280, 59.953
L, 574, 0.275, 56.474
D, 575, 0.253, 55.135
T, 576, 0.240, 56.110
Q, 577, 0.227, 55.232
A, 578, 0.226, 57.965
P, 579, 0.214, 55.193
M, 580, 0.206, 52.503
L, 581, 0.213, 53.950
T, 582, 0.216, 51.699
D, 583, 0.211, 53.213
P, 584, 0.197, 52.292
R, 585, 0.196, 49.667
S, 586, 0.194, 51.594
E, 587, 0.188, 53.293
S, 588, 0.185, 53.466
E, 589, 0.177, 56.430
R, 590, 0.170, 58.227
V, 591, 0.158, 62.467
E, 592, 0.152, 65.484
F, 593, 0.142, 67.092
F, 594, 0.122, 72.956
N, 595, 0.103, 78.217
L, 596, 0.093, 80.271
V, 597, 0.082, 83.090
L, 598, 0.068, 84.592
L, 599, 0.060, 84.936
F, 600, 0.054, 84.878
C, 601, 0.050, 83.109
E, 602, 0.041, 81.992
L, 603, 0.035, 81.031
I, 604, 0.033, 77.218
R, 605, 0.033, 73.950
H, 606, 0.038, 70.856
D, 607, 0.047, 69.774
V, 608, 0.053, 71.821
F, 609, 0.059, 71.010
S, 610, 0.071, 66.658
H, 611, 0.084, 67.808
N, 612, 0.106, 67.505
M, 613, 0.127, 69.956
Y, 614, 0.154, 69.847
T, 615, 0.183, 68.511
C, 616, 0.224, 70.804
T, 617, 0.254, 66.344
L, 618, 0.284, 66.938
I, 619, 0.321, 63.475
S, 620, 0.357, 63.103
R, 621, 0.396, 62.453
G, 622, 0.427, 57.377
D, 623, 0.455, 55.605
L, 624, 0.488, 57.047
A, 625, 0.522, 61.068
F, 626, 0.556, 61.869
G, 627, 0.595, 60.127
A, 628, 0.628, 60.814
P, 629, 0.667, 57.527
G, 630, 0.704, 52.248
P, 631, 0.728, 49.061
R, 632, 0.755, 44.853
P, 633, 0.797, 44.131
P, 634, 0.828, 40.746
S, 635, 0.853, 35.526
P, 636, 0.874, 39.550
F, 637, 0.899, 32.530
D, 638, 0.922, 36.342
D, 639, 0.937, 36.222
P, 640, 0.947, 37.261
A, 641, 0.946, 34.618
D, 642, 0.958, 34.677
D, 643, 0.968, 34.833
P, 644, 0.970, 36.319
E, 645, 0.974, 34.382
H, 646, 0.974, 33.125
K, 647, 0.974, 32.690
E, 648, 0.979, 31.633
A, 649, 0.973, 30.475
E, 650, 0.981, 29.790
G, 651, 0.978, 28.551
S, 652, 0.978, 28.377
S, 653, 0.979, 29.448
S, 654, 0.984, 30.440
S, 655, 0.987, 31.468
K, 656, 0.985, 31.852
L, 657, 0.984, 28.347
E, 658, 0.984, 31.862
D, 659, 0.988, 33.185
P, 660, 0.987, 35.427
G, 661, 0.984, 33.276
L, 662, 0.980, 26.947
S, 663, 0.978, 31.461
E, 664, 0.978, 31.114
S, 665, 0.979, 31.950
M, 666, 0.975, 30.272
D, 667, 0.976, 34.263
I, 668, 0.972, 29.662
D, 669, 0.984, 34.496
P, 670, 0.978, 36.813
S, 671, 0.990, 34.752
S, 672, 0.980, 36.201
S, 673, 0.982, 39.055
V, 674, 0.978, 38.985
L, 675, 0.969, 32.827
F, 676, 0.979, 31.021
E, 677, 0.980, 33.471
D, 678, 0.988, 33.917
M, 679, 0.975, 32.194
E, 680, 0.993, 33.654
K, 681, 0.989, 34.599
P, 682, 0.989, 37.806
D, 683, 0.987, 36.449
F, 684, 0.983, 33.382
S, 685, 0.985, 35.235
L, 686, 0.987, 32.021
F, 687, 0.993, 32.761
S, 688, 0.990, 34.507
P, 689, 0.993, 36.316
T, 690, 0.996, 33.019
M, 691, 0.991, 30.762
P, 692, 0.994, 36.436
C, 693, 0.986, 29.400
E, 694, 0.993, 30.994
G, 695, 0.990, 29.583
K, 696, 0.997, 28.685
G, 697, 0.989, 30.593
S, 698, 0.985, 30.649
P, 699, 0.984, 34.994
S, 700, 0.983, 33.530
P, 701, 0.982, 36.247
E, 702, 0.981, 34.923
K, 703, 0.981, 33.629
P, 704, 0.976, 38.632
D, 705, 0.963, 39.845
V, 706, 0.952, 37.396
E, 707, 0.947, 35.399
K, 708, 0.928, 36.296
E, 709, 0.908, 37.991
V, 710, 0.894, 37.130
K, 711, 0.883, 38.614
P, 712, 0.849, 45.225
P, 713, 0.823, 47.519
P, 714, 0.795, 50.279
K, 715, 0.799, 50.418
E, 716, 0.770, 52.257
K, 717, 0.742, 51.651
I, 718, 0.721, 51.910
E, 719, 0.678, 51.600
G, 720, 0.626, 50.007
T, 721, 0.585, 52.439
L, 722, 0.577, 49.895
G, 723, 0.560, 50.279
V, 724, 0.525, 50.055
L, 725, 0.501, 48.716
Y, 726, 0.480, 49.201
D, 727, 0.445, 51.531
Q, 728, 0.409, 51.556
P, 729, 0.398, 53.552
R, 730, 0.369, 51.516
H, 731, 0.348, 52.804
V, 732, 0.341, 51.740
Q, 733, 0.319, 50.201
Y, 734, 0.311, 53.854
A, 735, 0.301, 54.420
T, 736, 0.296, 55.275
H, 737, 0.277, 55.831
F, 738, 0.270, 57.351
P, 739, 0.255, 57.019
I, 740, 0.245, 54.664
P, 741, 0.236, 56.291
Q, 742, 0.229, 54.683
E, 743, 0.223, 56.394
E, 744, 0.211, 57.397
S, 745, 0.207, 58.658
C, 746, 0.198, 56.298
S, 747, 0.205, 61.199
H, 748, 0.203, 61.422
E, 749, 0.202, 64.200
C, 750, 0.205, 60.752
N, 751, 0.198, 65.692
Q, 752, 0.192, 67.719
R, 753, 0.191, 72.444
L, 754, 0.185, 77.780
V, 755, 0.175, 79.788
V, 756, 0.165, 80.852
L, 757, 0.155, 80.050
F, 758, 0.149, 75.441
G, 759, 0.138, 72.142
V, 760, 0.133, 74.943
G, 761, 0.129, 72.149
K, 762, 0.124, 73.894
Q, 763, 0.121, 73.849
R, 764, 0.130, 72.551
D, 765, 0.126, 72.170
D, 766, 0.120, 70.868
A, 767, 0.113, 72.903
R, 768, 0.118, 71.795
H, 769, 0.121, 73.349
A, 770, 0.122, 77.224
I, 771, 0.130, 76.018
K, 772, 0.144, 77.715
K, 773, 0.156, 78.290
I, 774, 0.166, 78.814
T, 775, 0.183, 77.793
K, 776, 0.201, 77.164
D, 777, 0.219, 75.998
I, 778, 0.245, 76.800
L, 779, 0.269, 75.352
K, 780, 0.288, 73.313
V, 781, 0.309, 74.083
L, 782, 0.331, 70.271
N, 783, 0.363, 66.034
R, 784, 0.390, 66.561
K, 785, 0.418, 63.208
G, 786, 0.452, 58.314
T, 787, 0.476, 56.042
A, 788, 0.502, 57.662
E, 789, 0.528, 57.630
T, 790, 0.555, 59.373
D, 791, 0.586, 58.558
Q, 792, 0.620, 58.045
L, 793, 0.650, 62.605
A, 794, 0.673, 64.489
P, 795, 0.703, 63.469
I, 796, 0.717, 61.275
V, 797, 0.718, 59.803
P, 798, 0.734, 58.350
L, 799, 0.731, 57.046
N, 800, 0.756, 56.343
P, 801, 0.763, 56.265
G, 802, 0.759, 51.821
D, 803, 0.773, 54.197
L, 804, 0.770, 55.213
T, 805, 0.765, 53.238
F, 806, 0.759, 55.492
L, 807, 0.783, 51.964
G, 808, 0.784, 48.300
G, 809, 0.788, 46.062
E, 810, 0.778, 44.668
D, 811, 0.774, 47.130
G, 812, 0.771, 46.956
Q, 813, 0.758, 46.635
K, 814, 0.741, 49.464
R, 815, 0.716, 51.440
R, 816, 0.692, 53.410
R, 817, 0.664, 55.023
N, 818, 0.628, 55.917
R, 819, 0.604, 57.461
P, 820, 0.584, 58.964
E, 821, 0.544, 56.679
A, 822, 0.516, 57.678
F, 823, 0.492, 60.784
P, 824, 0.466, 63.210
T, 825, 0.435, 62.442
A, 826, 0.418, 63.702
E, 827, 0.382, 65.608
D, 828, 0.351, 67.648
I, 829, 0.323, 70.246
F, 830, 0.297, 72.830
A, 831, 0.264, 74.445
K, 832, 0.242, 77.113
F, 833, 0.218, 80.019
Q, 834, 0.188, 76.898
H, 835, 0.168, 77.624
L, 836, 0.158, 79.179
S, 837, 0.148, 77.637
H, 838, 0.141, 77.381
Y, 839, 0.134, 77.225
D, 840, 0.117, 76.508
Q, 841, 0.119, 76.938
H, 842, 0.117, 76.771
Q, 843, 0.111, 76.363
V, 844, 0.109, 78.591
T, 845, 0.115, 77.490
A, 846, 0.113, 79.681
Q, 847, 0.107, 77.189
V, 848, 0.110, 79.458
S, 849, 0.108, 79.008
R, 850, 0.100, 80.072
N, 851, 0.093, 81.035
V, 852, 0.094, 82.734
L, 853, 0.092, 84.008
E, 854, 0.084, 83.837
Q, 855, 0.067, 83.637
I, 856, 0.070, 84.467
T, 857, 0.062, 85.297
S, 858, 0.052, 84.642
F, 859, 0.049, 84.626
A, 860, 0.046, 85.601
L, 861, 0.040, 84.616
G, 862, 0.034, 82.702
M, 863, 0.031, 84.507
S, 864, 0.030, 86.178
Y, 865, 0.029, 86.346
H, 866, 0.025, 85.909
L, 867, 0.028, 87.651
P, 868, 0.022, 88.109
L, 869, 0.026, 89.112
V, 870, 0.027, 89.246
Q, 871, 0.019, 89.317
H, 872, 0.019, 88.613
V, 873, 0.020, 90.014
Q, 874, 0.015, 89.609
F, 875, 0.017, 90.387
I, 876, 0.017, 91.368
F, 877, 0.017, 90.801
D, 878, 0.012, 89.867
L, 879, 0.012, 89.633
M, 880, 0.012, 87.736
E, 881, 0.013, 87.691
Y, 882, 0.011, 87.335
S, 883, 0.009, 86.816
L, 884, 0.011, 87.323
S, 885, 0.011, 87.665
I, 886, 0.014, 88.363
S, 887, 0.016, 87.366
G, 888, 0.017, 87.175
L, 889, 0.014, 88.873
I, 890, 0.018, 89.533
D, 891, 0.020, 90.139
F, 892, 0.017, 90.156
A, 893, 0.022, 90.894
I, 894, 0.025, 90.631
Q, 895, 0.020, 89.993
L, 896, 0.024, 89.720
L, 897, 0.024, 88.730
N, 898, 0.023, 87.180
E, 899, 0.026, 87.438
L, 900, 0.027, 87.579
S, 901, 0.030, 87.757
V, 902, 0.033, 88.384
V, 903, 0.037, 88.959
E, 904, 0.040, 88.208
A, 905, 0.038, 89.132
E, 906, 0.038, 88.268
L, 907, 0.042, 88.379
L, 908, 0.044, 88.034
L, 909, 0.048, 86.703
K, 910, 0.050, 84.632
S, 911, 0.048, 83.563
S, 912, 0.049, 82.188
D, 913, 0.049, 81.788
L, 914, 0.052, 83.620
V, 915, 0.052, 84.617
G, 916, 0.055, 84.420
S, 917, 0.048, 86.123
Y, 918, 0.044, 86.715
T, 919, 0.043, 88.011
T, 920, 0.043, 88.411
S, 921, 0.041, 87.689
L, 922, 0.037, 89.064
C, 923, 0.037, 90.614
L, 924, 0.031, 93.340
C, 925, 0.031, 93.533
I, 926, 0.025, 94.338
V, 927, 0.026, 93.760
A, 928, 0.024, 93.906
V, 929, 0.021, 91.995
L, 930, 0.019, 91.498
R, 931, 0.014, 90.215
H, 932, 0.015, 89.746
Y, 933, 0.015, 88.567
H, 934, 0.014, 88.769
A, 935, 0.013, 90.117
C, 936, 0.012, 88.994
L, 937, 0.007, 89.778
I, 938, 0.008, 88.357
L, 939, 0.009, 86.645
N, 940, 0.012, 83.853
Q, 941, 0.017, 83.292
D, 942, 0.022, 83.351
Q, 943, 0.029, 82.821
M, 944, 0.038, 83.471
A, 945, 0.046, 85.845
Q, 946, 0.055, 85.180
V, 947, 0.066, 86.371
F, 948, 0.072, 86.636
E, 949, 0.083, 84.897
G, 950, 0.094, 82.531
L, 951, 0.105, 84.753
C, 952, 0.113, 83.248
G, 953, 0.122, 80.272
V, 954, 0.131, 82.644
V, 955, 0.135, 81.926
K, 956, 0.136, 78.448
H, 957, 0.136, 75.597
G, 958, 0.143, 73.166
M, 959, 0.142, 74.681
N, 960, 0.148, 73.371
R, 961, 0.154, 74.147
S, 962, 0.155, 72.174
D, 963, 0.154, 70.526
G, 964, 0.155, 67.661
S, 965, 0.148, 65.354
S, 966, 0.138, 66.186
A, 967, 0.128, 70.048
E, 968, 0.115, 73.791
R, 969, 0.113, 78.921
C, 970, 0.105, 81.702
I, 971, 0.091, 88.695
L, 972, 0.083, 90.232
A, 973, 0.079, 92.841
Y, 974, 0.076, 90.238
L, 975, 0.067, 90.775
Y, 976, 0.062, 88.365
D, 977, 0.052, 88.245
L, 978, 0.046, 87.640
Y, 979, 0.045, 85.737
T, 980, 0.045, 85.316
S, 981, 0.041, 84.868
C, 982, 0.039, 83.607
S, 983, 0.038, 83.021
H, 984, 0.039, 81.974
L, 985, 0.040, 82.755
K, 986, 0.042, 80.813
N, 987, 0.042, 79.710
K, 988, 0.049, 79.435
F, 989, 0.054, 79.979
G, 990, 0.057, 78.760
E, 991, 0.060, 79.678
L, 992, 0.064, 82.131
F, 993, 0.071, 82.286
S, 994, 0.077, 83.517
D, 995, 0.085, 82.720
F, 996, 0.097, 84.124
C, 997, 0.106, 82.168
S, 998, 0.112, 82.155
K, 999, 0.125, 80.663
V, 1000, 0.137, 81.216
K, 1001, 0.153, 78.772
N, 1002, 0.165, 78.325
T, 1003, 0.177, 79.100
I, 1004, 0.189, 79.844
Y, 1005, 0.186, 78.919
C, 1006, 0.193, 77.091
N, 1007, 0.198, 75.138
V, 1008, 0.197, 76.174
E, 1009, 0.200, 73.018
P, 1010, 0.202, 72.215
S, 1011, 0.201, 70.485
E, 1012, 0.197, 69.941
S, 1013, 0.196, 67.761
N, 1014, 0.195, 66.442
M, 1015, 0.190, 69.711
R, 1016, 0.186, 74.084
W, 1017, 0.181, 79.037
A, 1018, 0.184, 80.304
P, 1019, 0.178, 79.479
E, 1020, 0.166, 79.116
F, 1021, 0.164, 81.455
M, 1022, 0.156, 78.255
I, 1023, 0.156, 77.735
D, 1024, 0.145, 78.535
T, 1025, 0.139, 79.433
L, 1026, 0.139, 79.795
E, 1027, 0.136, 76.651
N, 1028, 0.135, 77.661
P, 1029, 0.139, 75.903
A, 1030, 0.145, 75.394
A, 1031, 0.163, 74.941
H, 1032, 0.165, 74.351
T, 1033, 0.177, 75.289
F, 1034, 0.181, 77.364
T, 1035, 0.182, 76.624
Y, 1036, 0.176, 77.716
T, 1037, 0.177, 75.307
G, 1038, 0.174, 73.410
L, 1039, 0.159, 74.357
G, 1040, 0.155, 69.769
K, 1041, 0.147, 72.657
S, 1042, 0.142, 72.597
L, 1043, 0.134, 74.288
S, 1044, 0.132, 72.199
E, 1045, 0.123, 71.055
N, 1046, 0.116, 70.530
P, 1047, 0.118, 69.601
A, 1048, 0.111, 67.058
N, 1049, 0.102, 67.970
R, 1050, 0.098, 73.813
Y, 1051, 0.092, 78.431
S, 1052, 0.086, 80.237
F, 1053, 0.083, 84.125
V, 1054, 0.081, 87.112
C, 1055, 0.081, 87.687
N, 1056, 0.074, 89.193
A, 1057, 0.071, 92.419
L, 1058, 0.065, 90.872
M, 1059, 0.057, 86.734
H, 1060, 0.051, 86.240
V, 1061, 0.044, 87.509
C, 1062, 0.037, 85.234
V, 1063, 0.031, 82.330
G, 1064, 0.029, 80.236
H, 1065, 0.026, 79.616
H, 1066, 0.028, 79.894
D, 1067, 0.028, 80.832
P, 1068, 0.028, 82.056
D, 1069, 0.024, 82.029
R, 1070, 0.034, 82.830
V, 1071, 0.039, 85.151
N, 1072, 0.041, 86.073
D, 1073, 0.038, 87.558
I, 1074, 0.034, 90.218
A, 1075, 0.034, 92.429
I, 1076, 0.034, 92.118
L, 1077, 0.034, 92.583
C, 1078, 0.032, 92.255
A, 1079, 0.028, 93.068
E, 1080, 0.020, 91.421
L, 1081, 0.014, 91.173
T, 1082, 0.013, 90.461
G, 1083, 0.011, 88.796
Y, 1084, 0.013, 89.142
C, 1085, 0.009, 89.097
K, 1086, 0.009, 88.152
S, 1087, 0.011, 87.778
L, 1088, 0.014, 88.292
S, 1089, 0.022, 88.725
A, 1090, 0.030, 89.727
E, 1091, 0.034, 89.379
W, 1092, 0.043, 90.327
L, 1093, 0.052, 89.954
G, 1094, 0.065, 89.292
V, 1095, 0.078, 91.154
L, 1096, 0.091, 90.812
K, 1097, 0.097, 89.418
A, 1098, 0.101, 89.619
L, 1099, 0.122, 88.285
C, 1100, 0.127, 86.702
C, 1101, 0.122, 83.232
S, 1102, 0.132, 80.035
S, 1103, 0.140, 79.250
N, 1104, 0.147, 78.629
N, 1105, 0.152, 78.487
G, 1106, 0.153, 79.794
T, 1107, 0.155, 81.409
C, 1108, 0.154, 82.040
G, 1109, 0.153, 82.387
F, 1110, 0.168, 85.097
N, 1111, 0.176, 85.134
D, 1112, 0.174, 86.028
L, 1113, 0.160, 87.513
L, 1114, 0.151, 87.681
C, 1115, 0.156, 86.391
N, 1116, 0.144, 85.426
V, 1117, 0.132, 85.602
D, 1118, 0.118, 84.051
V, 1119, 0.113, 84.787
S, 1120, 0.104, 83.946
D, 1121, 0.089, 83.711
L, 1122, 0.073, 84.771
S, 1123, 0.068, 85.785
F, 1124, 0.062, 87.072
H, 1125, 0.058, 85.667
D, 1126, 0.050, 86.055
S, 1127, 0.053, 86.524
L, 1128, 0.044, 87.965
A, 1129, 0.033, 89.888
T, 1130, 0.028, 91.496
F, 1131, 0.025, 92.296
V, 1132, 0.023, 93.221
A, 1133, 0.020, 94.674
I, 1134, 0.014, 94.202
L, 1135, 0.010, 94.188
I, 1136, 0.008, 93.672
A, 1137, 0.014, 93.574
R, 1138, 0.011, 92.064
Q, 1139, 0.014, 91.608
C, 1140, 0.011, 90.022
L, 1141, 0.009, 91.000
L, 1142, 0.012, 90.914
L, 1143, 0.015, 90.057
E, 1144, 0.021, 88.708
D, 1145, 0.031, 87.698
L, 1146, 0.040, 87.670
I, 1147, 0.054, 88.065
R, 1148, 0.065, 86.825
C, 1149, 0.079, 85.214
A, 1150, 0.086, 83.672
A, 1151, 0.101, 83.458
I, 1152, 0.113, 83.329
P, 1153, 0.123, 81.551
S, 1154, 0.137, 82.445
L, 1155, 0.140, 82.737
L, 1156, 0.152, 80.714
N, 1157, 0.165, 76.704
A, 1158, 0.176, 78.862
A, 1159, 0.186, 78.499
C, 1160, 0.203, 77.024
S, 1161, 0.208, 72.840
E, 1162, 0.212, 73.865
Q, 1163, 0.216, 71.942
D, 1164, 0.215, 71.664
S, 1165, 0.210, 69.558
E, 1166, 0.208, 68.569
P, 1167, 0.212, 67.615
G, 1168, 0.201, 60.804
A, 1169, 0.204, 62.830
R, 1170, 0.205, 69.980
L, 1171, 0.204, 76.338
T, 1172, 0.205, 81.048
C, 1173, 0.215, 80.817
R, 1174, 0.210, 85.423
I, 1175, 0.221, 85.146
L, 1176, 0.226, 83.667
L, 1177, 0.234, 81.348
H, 1178, 0.222, 78.603
L, 1179, 0.222, 77.838
F, 1180, 0.230, 72.850
K, 1181, 0.239, 69.471
T, 1182, 0.261, 67.430
P, 1183, 0.272, 66.195
Q, 1184, 0.289, 65.724
L, 1185, 0.306, 67.248
N, 1186, 0.318, 64.672
P, 1187, 0.319, 65.517
C, 1188, 0.332, 66.315
Q, 1189, 0.357, 60.360
S, 1190, 0.382, 59.195
D, 1191, 0.394, 59.160
G, 1192, 0.403, 55.925
N, 1193, 0.406, 53.540
K, 1194, 0.406, 56.055
P, 1195, 0.396, 61.524
T, 1196, 0.385, 59.821
V, 1197, 0.366, 59.984
G, 1198, 0.357, 57.398
I, 1199, 0.333, 61.913
R, 1200, 0.307, 65.228
S, 1201, 0.285, 67.265
S, 1202, 0.261, 67.106
C, 1203, 0.233, 66.533
D, 1204, 0.204, 71.293
R, 1205, 0.180, 74.695
H, 1206, 0.161, 74.842
L, 1207, 0.145, 78.063
L, 1208, 0.132, 77.795
A, 1209, 0.117, 76.563
A, 1210, 0.102, 75.694
S, 1211, 0.086, 73.128
Q, 1212, 0.069, 71.437
N, 1213, 0.061, 71.737
R, 1214, 0.054, 75.210
I, 1215, 0.047, 78.929
V, 1216, 0.044, 78.882
D, 1217, 0.034, 78.117
G, 1218, 0.029, 76.202
A, 1219, 0.030, 78.337
V, 1220, 0.033, 80.590
F, 1221, 0.034, 83.163
A, 1222, 0.044, 84.044
V, 1223, 0.056, 83.928
L, 1224, 0.067, 82.141
K, 1225, 0.083, 80.111
A, 1226, 0.103, 80.741
V, 1227, 0.124, 79.430
F, 1228, 0.152, 77.233
V, 1229, 0.181, 72.699
L, 1230, 0.213, 68.476
G, 1231, 0.254, 64.435
D, 1232, 0.293, 64.511
A, 1233, 0.325, 66.672
E, 1234, 0.356, 65.457
L, 1235, 0.396, 66.983
K, 1236, 0.438, 65.060
G, 1237, 0.483, 61.838
S, 1238, 0.528, 58.814
G, 1239, 0.561, 57.823
F, 1240, 0.591, 60.371
T, 1241, 0.624, 59.053
V, 1242, 0.660, 61.300
T, 1243, 0.703, 60.172
G, 1244, 0.749, 57.867
G, 1245, 0.789, 56.819
T, 1246, 0.810, 55.204
E, 1247, 0.828, 53.558
E, 1248, 0.850, 51.839
L, 1249, 0.883, 53.712
P, 1250, 0.921, 51.913
E, 1251, 0.922, 46.963
E, 1252, 0.939, 43.123
E, 1253, 0.949, 40.369
G, 1254, 0.952, 36.765
G, 1255, 0.945, 32.843
G, 1256, 0.937, 31.822
G, 1257, 0.917, 33.682
S, 1258, 0.891, 37.352
G, 1259, 0.877, 39.843
G, 1260, 0.863, 42.129
R, 1261, 0.823, 43.522
R, 1262, 0.765, 46.681
Q, 1263, 0.696, 46.810
G, 1264, 0.636, 44.406
G, 1265, 0.603, 44.334
R, 1266, 0.549, 46.015
N, 1267, 0.511, 52.521
I, 1268, 0.481, 54.965
S, 1269, 0.451, 55.644
V, 1270, 0.415, 55.832
E, 1271, 0.375, 56.818
T, 1272, 0.343, 57.863
A, 1273, 0.315, 58.482
S, 1274, 0.296, 60.373
L, 1275, 0.271, 62.375
D, 1276, 0.244, 68.050
V, 1277, 0.217, 67.588
Y, 1278, 0.189, 70.916
A, 1279, 0.161, 73.793
K, 1280, 0.139, 78.948
Y, 1281, 0.121, 80.966
V, 1282, 0.103, 82.759
L, 1283, 0.089, 83.305
R, 1284, 0.077, 84.711
S, 1285, 0.069, 85.920
I, 1286, 0.070, 86.404
C, 1287, 0.072, 85.106
Q, 1288, 0.069, 83.046
Q, 1289, 0.074, 81.953
E, 1290, 0.082, 81.385
W, 1291, 0.088, 82.336
V, 1292, 0.100, 79.415
G, 1293, 0.117, 76.974
E, 1294, 0.132, 78.105
R, 1295, 0.142, 79.939
C, 1296, 0.151, 80.446
L, 1297, 0.162, 77.773
K, 1298, 0.170, 74.526
S, 1299, 0.172, 72.112
L, 1300, 0.179, 74.626
C, 1301, 0.183, 72.449
E, 1302, 0.176, 66.969
D, 1303, 0.180, 65.727
S, 1304, 0.186, 64.337
N, 1305, 0.177, 64.745
D, 1306, 0.175, 63.971
L, 1307, 0.170, 66.216
Q, 1308, 0.166, 65.197
D, 1309, 0.171, 68.762
P, 1310, 0.168, 68.323
V, 1311, 0.163, 64.990
L, 1312, 0.162, 65.450
S, 1313, 0.165, 66.690
S, 1314, 0.165, 68.171
A, 1315, 0.156, 69.894
Q, 1316, 0.153, 68.938
A, 1317, 0.149, 71.730
Q, 1318, 0.150, 71.759
R, 1319, 0.154, 76.976
L, 1320, 0.170, 78.815
M, 1321, 0.180, 78.053
Q, 1322, 0.193, 79.349
L, 1323, 0.208, 80.285
I, 1324, 0.215, 79.306
C, 1325, 0.214, 79.382
Y, 1326, 0.224, 75.747
P, 1327, 0.230, 71.890
H, 1328, 0.236, 72.840
R, 1329, 0.230, 73.105
L, 1330, 0.230, 72.356
L, 1331, 0.249, 67.263
D, 1332, 0.267, 63.979
N, 1333, 0.277, 62.774
E, 1334, 0.278, 61.841
D, 1335, 0.281, 59.116
G, 1336, 0.284, 57.319
E, 1337, 0.289, 54.472
N, 1338, 0.288, 56.070
P, 1339, 0.295, 59.684
Q, 1340, 0.291, 58.622
R, 1341, 0.285, 61.853
Q, 1342, 0.277, 65.834
R, 1343, 0.269, 70.159
I, 1344, 0.250, 73.916
K, 1345, 0.233, 76.012
R, 1346, 0.216, 78.555
I, 1347, 0.205, 78.564
L, 1348, 0.192, 78.237
Q, 1349, 0.175, 76.080
N, 1350, 0.165, 75.725
L, 1351, 0.156, 77.022
D, 1352, 0.140, 73.270
Q, 1353, 0.137, 74.034
W, 1354, 0.132, 76.310
T, 1355, 0.132, 72.282
M, 1356, 0.130, 74.655
R, 1357, 0.136, 73.882
Q, 1358, 0.140, 72.708
S, 1359, 0.156, 70.592
S, 1360, 0.168, 70.092
L, 1361, 0.173, 73.088
E, 1362, 0.177, 72.258
L, 1363, 0.190, 74.880
Q, 1364, 0.192, 73.057
L, 1365, 0.190, 74.005
M, 1366, 0.189, 69.782
I, 1367, 0.194, 66.980
K, 1368, 0.187, 66.183
Q, 1369, 0.186, 64.544
T, 1370, 0.193, 61.613
P, 1371, 0.196, 56.975
N, 1372, 0.198, 52.385
N, 1373, 0.200, 50.475
E, 1374, 0.198, 50.754
M, 1375, 0.203, 54.299
N, 1376, 0.215, 54.770
S, 1377, 0.217, 56.233
L, 1378, 0.217, 58.284
L, 1379, 0.233, 56.946
E, 1380, 0.244, 55.153
N, 1381, 0.255, 57.608
I, 1382, 0.278, 57.580
A, 1383, 0.304, 56.515
K, 1384, 0.329, 56.776
A, 1385, 0.350, 58.827
T, 1386, 0.375, 56.230
I, 1387, 0.404, 57.523
E, 1388, 0.426, 57.149
V, 1389, 0.453, 59.747
F, 1390, 0.482, 59.708
Q, 1391, 0.512, 60.739
Q, 1392, 0.549, 59.650
S, 1393, 0.590, 54.069
A, 1394, 0.625, 52.468
E, 1395, 0.650, 48.876
T, 1396, 0.685, 45.949
G, 1397, 0.723, 39.783
S, 1398, 0.758, 33.217
S, 1399, 0.789, 30.628
S, 1400, 0.821, 29.180
G, 1401, 0.864, 29.034
S, 1402, 0.884, 29.508
T, 1403, 0.910, 29.549
A, 1404, 0.919, 29.444
S, 1405, 0.924, 30.540
N, 1406, 0.920, 31.757
M, 1407, 0.910, 30.563
P, 1408, 0.897, 35.749
S, 1409, 0.870, 34.624
S, 1410, 0.854, 37.064
S, 1411, 0.827, 40.562
K, 1412, 0.796, 42.511
T, 1413, 0.759, 44.161
K, 1414, 0.712, 45.026
P, 1415, 0.684, 52.017
V, 1416, 0.639, 48.811
L, 1417, 0.617, 43.634
S, 1418, 0.568, 47.212
S, 1419, 0.521, 49.069
L, 1420, 0.495, 45.636
E, 1421, 0.455, 49.492
R, 1422, 0.410, 49.419
S, 1423, 0.391, 51.390
G, 1424, 0.365, 50.248
V, 1425, 0.352, 50.813
W, 1426, 0.331, 53.928
L, 1427, 0.320, 53.903
V, 1428, 0.301, 55.165
A, 1429, 0.289, 53.525
P, 1430, 0.278, 52.684
L, 1431, 0.269, 48.799
I, 1432, 0.261, 47.363
A, 1433, 0.246, 46.491
K, 1434, 0.238, 49.317
L, 1435, 0.240, 50.696
P, 1436, 0.242, 48.576
T, 1437, 0.250, 45.655
S, 1438, 0.260, 44.718
V, 1439, 0.272, 49.860
Q, 1440, 0.295, 46.150
G, 1441, 0.321, 46.017
H, 1442, 0.350, 47.732
V, 1443, 0.389, 51.473
L, 1444, 0.429, 48.816
K, 1445, 0.461, 49.042
A, 1446, 0.494, 49.529
A, 1447, 0.529, 47.067
G, 1448, 0.557, 43.530
E, 1449, 0.578, 42.810
E, 1450, 0.595, 44.921
L, 1451, 0.615, 48.856
E, 1452, 0.637, 47.336
K, 1453, 0.664, 48.532
G, 1454, 0.685, 45.782
Q, 1455, 0.704, 42.414
H, 1456, 0.718, 43.707
L, 1457, 0.728, 45.216
G, 1458, 0.735, 43.444
S, 1459, 0.739, 39.763
S, 1460, 0.745, 39.960
S, 1461, 0.750, 43.633
R, 1462, 0.745, 45.763
K, 1463, 0.741, 48.435
E, 1464, 0.724, 51.120
R, 1465, 0.701, 50.433
D, 1466, 0.682, 54.790
R, 1467, 0.673, 55.055
Q, 1468, 0.653, 56.339
K, 1469, 0.636, 57.917
Q, 1470, 0.613, 58.845
K, 1471, 0.572, 60.965
S, 1472, 0.534, 61.046
M, 1473, 0.505, 60.684
S, 1474, 0.472, 61.642
L, 1475, 0.446, 61.572
L, 1476, 0.423, 65.039
S, 1477, 0.405, 66.325
Q, 1478, 0.389, 64.942
Q, 1479, 0.378, 67.080
P, 1480, 0.358, 68.018
F, 1481, 0.324, 64.619
L, 1482, 0.300, 69.050
S, 1483, 0.276, 72.808
L, 1484, 0.256, 72.604
V, 1485, 0.238, 75.637
L, 1486, 0.218, 77.852
T, 1487, 0.194, 79.130
C, 1488, 0.176, 78.585
L, 1489, 0.155, 76.005
K, 1490, 0.139, 71.986
G, 1491, 0.125, 71.605
Q, 1492, 0.119, 70.773
D, 1493, 0.112, 72.250
E, 1494, 0.100, 73.459
Q, 1495, 0.089, 71.163
R, 1496, 0.089, 74.183
E, 1497, 0.082, 76.186
G, 1498, 0.081, 71.018
L, 1499, 0.079, 72.879
L, 1500, 0.077, 77.854
T, 1501, 0.076, 80.736
S, 1502, 0.078, 80.677
L, 1503, 0.076, 81.487
Y, 1504, 0.073, 80.741
S, 1505, 0.070, 82.895
Q, 1506, 0.067, 82.050
V, 1507, 0.068, 82.925
H, 1508, 0.066, 81.530
Q, 1509, 0.064, 81.949
I, 1510, 0.067, 82.178
V, 1511, 0.067, 81.573
N, 1512, 0.068, 80.758
N, 1513, 0.065, 80.113
W, 1514, 0.065, 81.483
R, 1515, 0.063, 78.340
D, 1516, 0.064, 78.462
D, 1517, 0.068, 78.271
Q, 1518, 0.068, 77.529
Y, 1519, 0.068, 80.633
L, 1520, 0.065, 81.168
D, 1521, 0.070, 80.710
D, 1522, 0.071, 81.334
C, 1523, 0.077, 81.790
K, 1524, 0.074, 82.037
P, 1525, 0.078, 82.950
K, 1526, 0.085, 83.124
Q, 1527, 0.087, 82.875
L, 1528, 0.084, 87.244
M, 1529, 0.083, 85.668
H, 1530, 0.090, 86.557
E, 1531, 0.090, 88.440
A, 1532, 0.096, 88.821
L, 1533, 0.105, 86.816
K, 1534, 0.111, 89.754
L, 1535, 0.117, 89.234
R, 1536, 0.123, 89.976
L, 1537, 0.134, 89.724
N, 1538, 0.136, 87.897
L, 1539, 0.136, 88.173
V, 1540, 0.137, 86.150
G, 1541, 0.140, 82.570
G, 1542, 0.146, 82.636
M, 1543, 0.144, 84.260
F, 1544, 0.147, 83.611
D, 1545, 0.145, 81.585
T, 1546, 0.152, 82.207
V, 1547, 0.149, 83.201
Q, 1548, 0.147, 80.625
R, 1549, 0.142, 80.115
S, 1550, 0.141, 79.522
T, 1551, 0.138, 79.567
Q, 1552, 0.130, 78.095
Q, 1553, 0.121, 78.124
T, 1554, 0.114, 80.126
T, 1555, 0.106, 81.033
E, 1556, 0.100, 82.271
W, 1557, 0.091, 84.833
A, 1558, 0.086, 88.842
M, 1559, 0.083, 87.984
L, 1560, 0.079, 88.768
L, 1561, 0.081, 90.201
L, 1562, 0.081, 90.284
E, 1563, 0.084, 88.920
I, 1564, 0.079, 88.709
I, 1565, 0.075, 86.233
I, 1566, 0.073, 82.271
S, 1567, 0.072, 77.584
G, 1568, 0.066, 77.630
T, 1569, 0.069, 78.772
V, 1570, 0.065, 80.303
D, 1571, 0.060, 77.996
M, 1572, 0.057, 79.512
Q, 1573, 0.054, 77.631
S, 1574, 0.059, 76.886
N, 1575, 0.062, 76.821
N, 1576, 0.064, 76.896
E, 1577, 0.066, 76.953
L, 1578, 0.063, 78.603
F, 1579, 0.067, 80.139
T, 1580, 0.070, 81.493
T, 1581, 0.075, 83.030
V, 1582, 0.086, 84.150
L, 1583, 0.093, 83.014
D, 1584, 0.108, 81.239
M, 1585, 0.124, 83.357
L, 1586, 0.142, 82.207
S, 1587, 0.158, 80.357
V, 1588, 0.170, 82.163
L, 1589, 0.182, 79.582
I, 1590, 0.200, 74.509
N, 1591, 0.220, 71.456
G, 1592, 0.243, 70.390
T, 1593, 0.253, 71.486
L, 1594, 0.257, 72.875
A, 1595, 0.266, 70.227
A, 1596, 0.275, 69.442
D, 1597, 0.278, 67.747
M, 1598, 0.286, 70.784
S, 1599, 0.298, 68.487
S, 1600, 0.303, 68.913
I, 1601, 0.302, 71.627
S, 1602, 0.303, 67.168
Q, 1603, 0.304, 68.730
G, 1604, 0.309, 68.172
S, 1605, 0.297, 69.129
M, 1606, 0.301, 73.093
E, 1607, 0.310, 70.182
E, 1608, 0.294, 70.671
N, 1609, 0.299, 69.136
K, 1610, 0.295, 70.098
R, 1611, 0.279, 72.797
A, 1612, 0.266, 76.324
Y, 1613, 0.267, 78.138
M, 1614, 0.266, 77.149
N, 1615, 0.261, 78.319
L, 1616, 0.264, 80.498
A, 1617, 0.263, 78.155
K, 1618, 0.259, 78.011
K, 1619, 0.252, 77.616
L, 1620, 0.245, 78.068
Q, 1621, 0.250, 73.416
K, 1622, 0.253, 73.678
E, 1623, 0.251, 72.279
L, 1624, 0.245, 73.130
G, 1625, 0.256, 66.223
E, 1626, 0.268, 67.333
R, 1627, 0.273, 70.176
Q, 1628, 0.283, 69.660
S, 1629, 0.306, 69.104
D, 1630, 0.319, 68.420
S, 1631, 0.321, 65.457
L, 1632, 0.337, 67.758
E, 1633, 0.355, 67.592
K, 1634, 0.370, 69.726
V, 1635, 0.377, 72.429
R, 1636, 0.394, 72.779
Q, 1637, 0.407, 73.913
L, 1638, 0.413, 77.412
L, 1639, 0.411, 76.728
P, 1640, 0.411, 74.376
L, 1641, 0.404, 75.574
P, 1642, 0.412, 71.333
K, 1643, 0.422, 71.831
Q, 1644, 0.428, 70.091
T, 1645, 0.449, 70.483
R, 1646, 0.473, 71.541
D, 1647, 0.488, 73.316
V, 1648, 0.495, 74.822
I, 1649, 0.511, 75.048
T, 1650, 0.505, 73.978
C, 1651, 0.496, 76.154
E, 1652, 0.494, 73.231
P, 1653, 0.504, 73.775
Q, 1654, 0.495, 70.772
G, 1655, 0.520, 69.267
S, 1656, 0.506, 67.768
L, 1657, 0.533, 71.704
I, 1658, 0.555, 69.524
D, 1659, 0.559, 70.535
T, 1660, 0.547, 71.645
K, 1661, 0.539, 69.299
G, 1662, 0.539, 67.803
N, 1663, 0.544, 66.145
K, 1664, 0.533, 68.699
I, 1665, 0.531, 73.820
A, 1666, 0.492, 72.070
G, 1667, 0.486, 70.702
F, 1668, 0.477, 73.651
D, 1669, 0.480, 74.622
S, 1670, 0.452, 75.937
I, 1671, 0.442, 78.023
F, 1672, 0.407, 77.071
K, 1673, 0.418, 76.185
K, 1674, 0.414, 75.900
E, 1675, 0.390, 75.325
G, 1676, 0.378, 72.891
L, 1677, 0.379, 75.008
Q, 1678, 0.361, 72.021
V, 1679, 0.361, 74.892
S, 1680, 0.344, 73.285
T, 1681, 0.346, 73.303
K, 1682, 0.356, 71.820
Q, 1683, 0.344, 70.721
K, 1684, 0.336, 71.232
I, 1685, 0.338, 74.393
S, 1686, 0.318, 73.728
P, 1687, 0.313, 72.442
W, 1688, 0.310, 72.455
D, 1689, 0.298, 72.272
L, 1690, 0.295, 74.763
F, 1691, 0.291, 73.880
E, 1692, 0.284, 71.990
G, 1693, 0.279, 70.892
L, 1694, 0.272, 71.530
K, 1695, 0.265, 73.907
P, 1696, 0.255, 73.484
S, 1697, 0.247, 69.207
A, 1698, 0.240, 69.451
P, 1699, 0.237, 69.452
L, 1700, 0.231, 68.756
S, 1701, 0.238, 70.205
W, 1702, 0.231, 73.408
G, 1703, 0.229, 71.172
W, 1704, 0.222, 75.497
F, 1705, 0.217, 73.319
G, 1706, 0.213, 72.107
T, 1707, 0.217, 75.353
V, 1708, 0.205, 77.906
R, 1709, 0.197, 75.547
V, 1710, 0.198, 74.581
D, 1711, 0.194, 73.240
R, 1712, 0.187, 75.781
R, 1713, 0.192, 74.620
V, 1714, 0.196, 74.221
A, 1715, 0.194, 72.950
R, 1716, 0.201, 71.827
G, 1717, 0.211, 69.712
E, 1718, 0.219, 70.830
E, 1719, 0.224, 71.784
Q, 1720, 0.243, 70.963
Q, 1721, 0.259, 70.584
R, 1722, 0.274, 73.280
L, 1723, 0.289, 74.358
L, 1724, 0.299, 74.457
L, 1725, 0.311, 73.654
Y, 1726, 0.325, 71.285
H, 1727, 0.340, 69.865
T, 1728, 0.354, 69.395
H, 1729, 0.366, 68.421
L, 1730, 0.381, 69.867
R, 1731, 0.399, 70.481
P, 1732, 0.416, 67.061
R, 1733, 0.430, 65.807
P, 1734, 0.451, 63.262
R, 1735, 0.463, 62.585
A, 1736, 0.484, 62.463
Y, 1737, 0.503, 64.614
Y, 1738, 0.522, 66.394
L, 1739, 0.548, 67.780
E, 1740, 0.567, 68.846
P, 1741, 0.605, 67.226
L, 1742, 0.640, 64.470
P, 1743, 0.678, 64.094
L, 1744, 0.718, 61.690
P, 1745, 0.760, 60.085
P, 1746, 0.788, 53.295
E, 1747, 0.820, 45.287
D, 1748, 0.851, 42.871
E, 1749, 0.873, 40.424
E, 1750, 0.892, 39.680
P, 1751, 0.909, 42.298
P, 1752, 0.913, 40.839
A, 1753, 0.928, 36.943
P, 1754, 0.938, 41.665
T, 1755, 0.944, 39.365
L, 1756, 0.955, 36.399
L, 1757, 0.965, 34.067
E, 1758, 0.975, 36.295
P, 1759, 0.968, 34.864
E, 1760, 0.976, 32.143
K, 1761, 0.969, 31.048
K, 1762, 0.973, 32.258
A, 1763, 0.976, 32.733
P, 1764, 0.971, 34.177
E, 1765, 0.982, 31.429
P, 1766, 0.970, 34.793
P, 1767, 0.976, 35.581
K, 1768, 0.975, 33.104
T, 1769, 0.977, 31.787
D, 1770, 0.973, 33.286
K, 1771, 0.976, 32.189
P, 1772, 0.975, 36.150
G, 1773, 0.984, 34.002
A, 1774, 0.982, 31.832
A, 1775, 0.982, 31.315
P, 1776, 0.978, 34.747
P, 1777, 0.980, 35.825
S, 1778, 0.983, 35.336
T, 1779, 0.985, 34.470
E, 1780, 0.982, 34.600
E, 1781, 0.987, 35.084
R, 1782, 0.986, 33.217
K, 1783, 0.991, 33.933
K, 1784, 0.995, 32.650
K, 1785, 0.996, 31.571
S, 1786, 0.995, 31.478
T, 1787, 0.994, 30.812
K, 1788, 0.997, 29.874
G, 1789, 0.995, 30.566
K, 1790, 1.000, 29.403
K, 1791, 1.000, 30.697
R, 1792, 0.996, 30.127
S, 1793, 0.987, 31.161
Q, 1794, 0.990, 29.871
P, 1795, 0.989, 33.459
A, 1796, 0.986, 30.954
T, 1797, 0.992, 29.780
K, 1798, 0.992, 30.201
T, 1799, 0.988, 31.283
E, 1800, 0.980, 30.828
D, 1801, 0.987, 34.099
Y, 1802, 0.989, 30.719
G, 1803, 0.992, 32.979
M, 1804, 0.996, 31.012
G, 1805, 0.985, 32.101
P, 1806, 0.992, 34.403
G, 1807, 0.981, 32.542
R, 1808, 0.994, 30.340
S, 1809, 0.985, 33.700
G, 1810, 0.979, 34.791
P, 1811, 0.993, 39.209
Y, 1812, 0.992, 32.023
G, 1813, 0.996, 34.848
V, 1814, 0.995, 32.463
T, 1815, 0.993, 33.743
V, 1816, 0.988, 33.598
P, 1817, 0.998, 38.956
P, 1818, 0.996, 39.181
D, 1819, 0.999, 38.579
L, 1820, 0.998, 33.967
L, 1821, 1.000, 31.048
H, 1822, 0.990, 34.282
H, 1823, 0.986, 34.408
P, 1824, 0.997, 37.946
N, 1825, 1.000, 35.377
P, 1826, 1.000, 39.555
G, 1827, 1.000, 38.723
S, 1828, 1.000, 40.002
I, 1829, 1.000, 38.550
T, 1830, 1.000, 37.841
H, 1831, 1.000, 38.569
L, 1832, 1.000, 34.516
N, 1833, 1.000, 36.137
Y, 1834, 1.000, 33.036
R, 1835, 1.000, 34.732
Q, 1836, 1.000, 35.745
G, 1837, 1.000, 33.967
S, 1838, 1.000, 33.786
I, 1839, 1.000, 33.072
G, 1840, 1.000, 33.277
L, 1841, 1.000, 29.996
Y, 1842, 0.994, 32.952
T, 1843, 0.997, 35.810
Q, 1844, 0.990, 35.723
N, 1845, 1.000, 36.373
Q, 1846, 1.000, 36.166
P, 1847, 1.000, 38.762
L, 1848, 1.000, 30.934
P, 1849, 0.997, 36.145
A, 1850, 0.989, 31.380
G, 1851, 0.996, 30.921
G, 1852, 1.000, 31.232
P, 1853, 1.000, 36.548
R, 1854, 0.994, 32.989
V, 1855, 1.000, 32.426
D, 1856, 1.000, 35.478
P, 1857, 1.000, 39.986
Y, 1858, 1.000, 33.417
R, 1859, 1.000, 34.782
P, 1860, 0.996, 39.488
V, 1861, 0.993, 34.721
R, 1862, 1.000, 33.544
L, 1863, 0.998, 32.681
P, 1864, 1.000, 36.964
M, 1865, 0.999, 31.298
Q, 1866, 1.000, 31.817
K, 1867, 1.000, 34.157
L, 1868, 1.000, 33.388
P, 1869, 0.996, 37.461
T, 1870, 0.995, 33.194
R, 1871, 0.997, 32.311
P, 1872, 0.988, 38.924
T, 1873, 0.994, 35.410
Y, 1874, 1.000, 32.434
P, 1875, 1.000, 38.493
G, 1876, 1.000, 35.575
V, 1877, 0.998, 33.061
L, 1878, 1.000, 29.723
P, 1879, 1.000, 36.741
T, 1880, 0.995, 33.370
T, 1881, 0.991, 32.640
M, 1882, 0.990, 32.398
T, 1883, 1.000, 33.104
G, 1884, 0.992, 32.774
V, 1885, 1.000, 31.947
M, 1886, 0.998, 30.561
G, 1887, 0.998, 31.292
L, 1888, 1.000, 27.802
E, 1889, 1.000, 33.062
P, 1890, 1.000, 34.520
S, 1891, 1.000, 32.063
S, 1892, 0.995, 33.656
Y, 1893, 1.000, 30.339
K, 1894, 1.000, 33.966
T, 1895, 1.000, 34.218
S, 1896, 0.994, 34.873
V, 1897, 1.000, 35.347
Y, 1898, 0.999, 31.796
R, 1899, 1.000, 35.880
Q, 1900, 0.993, 37.639
Q, 1901, 0.996, 38.242
Q, 1902, 0.994, 39.281
P, 1903, 0.989, 38.997
A, 1904, 0.983, 34.462
V, 1905, 0.981, 33.685
P, 1906, 0.991, 36.927
Q, 1907, 0.984, 34.104
G, 1908, 0.997, 34.470
Q, 1909, 1.000, 36.099
R, 1910, 1.000, 38.253
L, 1911, 1.000, 37.161
R, 1912, 0.998, 38.259
Q, 1913, 0.994, 39.268
Q, 1914, 0.998, 39.216
L, 1915, 1.000, 38.227
Q, 1916, 0.993, 40.638
Q, 1917, 0.993, 40.991
S, 1918, 0.992, 37.394
Q, 1919, 0.993, 35.560
G, 1920, 0.998, 32.435
M, 1921, 0.991, 31.255
L, 1922, 0.997, 31.080
G, 1923, 0.997, 31.338
Q, 1924, 0.989, 30.048
S, 1925, 0.990, 30.190
S, 1926, 0.990, 29.757
V, 1927, 0.994, 28.313
H, 1928, 0.996, 29.275
Q, 1929, 0.986, 30.431
M, 1930, 0.991, 31.631
T, 1931, 0.994, 32.600
P, 1932, 0.992, 34.217
S, 1933, 0.993, 31.770
S, 1934, 0.992, 32.499
S, 1935, 0.991, 34.249
Y, 1936, 1.000, 29.562
G, 1937, 1.000, 32.539
L, 1938, 1.000, 26.623
Q, 1939, 1.000, 30.640
T, 1940, 1.000, 30.557
S, 1941, 0.998, 31.084
Q, 1942, 1.000, 30.831
G, 1943, 1.000, 32.606
Y, 1944, 1.000, 30.067
T, 1945, 1.000, 33.356
P, 1946, 0.995, 38.040
Y, 1947, 1.000, 31.414
V, 1948, 0.995, 32.120
S, 1949, 0.997, 31.841
H, 1950, 0.996, 32.388
V, 1951, 0.995, 30.330
G, 1952, 1.000, 29.683
L, 1953, 1.000, 25.021
Q, 1954, 1.000, 30.156
Q, 1955, 1.000, 30.675
H, 1956, 1.000, 31.859
T, 1957, 1.000, 31.171
G, 1958, 1.000, 29.717
P, 1959, 0.997, 33.180
A, 1960, 1.000, 29.676
G, 1961, 1.000, 30.511
T, 1962, 1.000, 30.145
M, 1963, 0.996, 29.394
V, 1964, 1.000, 30.273
P, 1965, 0.997, 34.099
P, 1966, 0.996, 34.504
S, 1967, 0.993, 32.515
Y, 1968, 0.995, 26.624
S, 1969, 1.000, 30.999
S, 1970, 0.992, 31.437
Q, 1971, 0.999, 29.901
P, 1972, 0.994, 34.780
Y, 1973, 1.000, 27.124
Q, 1974, 0.999, 29.537
S, 1975, 0.994, 30.871
T, 1976, 0.998, 30.508
H, 1977, 0.994, 30.676
P, 1978, 0.994, 35.379
S, 1979, 0.995, 33.578
T, 1980, 0.998, 32.840
N, 1981, 0.993, 33.600
P, 1982, 0.999, 39.053
T, 1983, 0.995, 36.963
L, 1984, 0.991, 31.950
V, 1985, 0.994, 31.666
D, 1986, 1.000, 33.781
P, 1987, 0.998, 36.764
T, 1988, 0.999, 34.609
R, 1989, 1.000, 31.996
H, 1990, 0.998, 34.571
L, 1991, 1.000, 29.441
Q, 1992, 1.000, 31.709
Q, 1993, 1.000, 31.749
R, 1994, 1.000, 32.367
P, 1995, 0.992, 36.142
S, 1996, 0.997, 33.217
G, 1997, 1.000, 34.300
Y, 1998, 1.000, 29.166
V, 1999, 1.000, 30.529
H, 2000, 0.998, 30.862
Q, 2001, 0.995, 31.096
Q, 2002, 0.994, 31.128
A, 2003, 0.993, 31.393
P, 2004, 0.990, 34.176
T, 2005, 0.992, 31.700
Y, 2006, 0.994, 27.488
G, 2007, 1.000, 29.823
H, 2008, 0.996, 29.133
G, 2009, 1.000, 30.418
L, 2010, 1.000, 25.526
T, 2011, 1.000, 29.503
S, 2012, 1.000, 29.858
T, 2013, 1.000, 30.254
Q, 2014, 1.000, 29.962
R, 2015, 1.000, 30.789
F, 2016, 1.000, 29.684
S, 2017, 0.996, 31.143
H, 2018, 1.000, 30.720
Q, 2019, 1.000, 30.784
T, 2020, 1.000, 30.990
L, 2021, 1.000, 27.892
Q, 2022, 0.997, 32.001
Q, 2023, 0.993, 33.617
T, 2024, 0.998, 33.864
P, 2025, 0.991, 36.272
M, 2026, 0.990, 31.588
I, 2027, 0.988, 29.659
S, 2028, 0.990, 32.706
T, 2029, 0.989, 31.700
M, 2030, 0.982, 31.024
T, 2031, 0.986, 32.451
P, 2032, 0.979, 35.656
M, 2033, 0.980, 31.245
S, 2034, 0.980, 32.448
A, 2035, 0.980, 31.705
Q, 2036, 0.978, 30.374
G, 2037, 0.977, 30.253
V, 2038, 0.976, 29.143
Q, 2039, 0.971, 29.414
A, 2040, 0.959, 29.478
G, 2041, 0.948, 28.336
V, 2042, 0.951, 28.459
R, 2043, 0.946, 29.924
S, 2044, 0.928, 32.052
T, 2045, 0.929, 32.143
A, 2046, 0.906, 32.660
I, 2047, 0.885, 33.037
L, 2048, 0.875, 33.555
P, 2049, 0.875, 36.307
E, 2050, 0.862, 35.449
Q, 2051, 0.856, 34.885
Q, 2052, 0.851, 35.507
Q, 2053, 0.844, 36.122
Q, 2054, 0.840, 36.801
Q, 2055, 0.838, 37.482
Q, 2056, 0.832, 38.163
Q, 2057, 0.827, 38.844
Q, 2058, 0.821, 39.521
Q, 2059, 0.816, 40.193
Q, 2060, 0.808, 40.859
Q, 2061, 0.799, 41.518
Q, 2062, 0.792, 42.171
Q, 2063, 0.784, 42.820
Q, 2064, 0.774, 43.466
Q, 2065, 0.761, 44.114
Q, 2066, 0.753, 44.768
Q, 2067, 0.741, 45.439
Q, 2068, 0.723, 46.144
Q, 2069, 0.708, 46.916
Q, 2070, 0.700, 47.816
Q, 2071, 0.685, 48.941
Q, 2072, 0.667, 50.408
Q, 2073, 0.660, 52.263
Q, 2074, 0.656, 54.369
Q, 2075, 0.638, 56.545
Q, 2076, 0.626, 58.837
Y, 2077, 0.625, 61.609
H, 2078, 0.613, 59.605
I, 2079, 0.596, 59.590
R, 2080, 0.592, 60.937
Q, 2081, 0.599, 61.768
Q, 2082, 0.596, 62.050
Q, 2083, 0.598, 62.714
Q, 2084, 0.601, 63.826
Q, 2085, 0.604, 65.317
Q, 2086, 0.605, 66.843
I, 2087, 0.605, 67.242
L, 2088, 0.602, 66.562
R, 2089, 0.605, 68.104
Q, 2090, 0.615, 67.989
Q, 2091, 0.621, 65.648
Q, 2092, 0.630, 63.824
Q, 2093, 0.640, 62.565
Q, 2094, 0.649, 61.753
Q, 2095, 0.656, 61.236
Q, 2096, 0.663, 60.888
Q, 2097, 0.669, 60.623
Q, 2098, 0.673, 60.390
Q, 2099, 0.677, 60.165
Q, 2100, 0.681, 59.938
Q, 2101, 0.684, 59.707
Q, 2102, 0.687, 59.473
Q, 2103, 0.691, 59.236
Q, 2104, 0.693, 58.992
Q, 2105, 0.696, 58.738
Q, 2106, 0.699, 58.466
Q, 2107, 0.703, 58.165
Q, 2108, 0.706, 57.824
Q, 2109, 0.710, 57.425
Q, 2110, 0.716, 56.950
Q, 2111, 0.724, 56.376
Q, 2112, 0.732, 55.690
Q, 2113, 0.741, 54.857
Q, 2114, 0.753, 54.006
Q, 2115, 0.769, 52.790
H, 2116, 0.788, 50.774
Q, 2117, 0.798, 49.078
Q, 2118, 0.807, 46.991
Q, 2119, 0.817, 46.421
Q, 2120, 0.826, 46.559
Q, 2121, 0.836, 47.010
Q, 2122, 0.844, 47.775
Q, 2123, 0.852, 48.544
A, 2124, 0.866, 50.789
A, 2125, 0.876, 50.986
P, 2126, 0.887, 44.249
P, 2127, 0.902, 35.622
Q, 2128, 0.919, 29.888
P, 2129, 0.923, 34.401
Q, 2130, 0.933, 30.771
P, 2131, 0.936, 35.534
Q, 2132, 0.936, 32.664
S, 2133, 0.927, 34.439
Q, 2134, 0.918, 35.105
P, 2135, 0.927, 42.219
Q, 2136, 0.924, 42.095
F, 2137, 0.932, 37.964
Q, 2138, 0.917, 38.440
R, 2139, 0.925, 38.257
Q, 2140, 0.914, 38.777
G, 2141, 0.911, 38.154
L, 2142, 0.905, 35.767
Q, 2143, 0.891, 37.774
Q, 2144, 0.880, 39.691
T, 2145, 0.873, 41.175
Q, 2146, 0.853, 44.710
Q, 2147, 0.847, 47.536
Q, 2148, 0.843, 49.905
Q, 2149, 0.834, 51.990
Q, 2150, 0.831, 54.270
T, 2151, 0.829, 54.994
A, 2152, 0.832, 54.642
A, 2153, 0.844, 54.223
L, 2154, 0.840, 54.328
V, 2155, 0.848, 54.034
R, 2156, 0.870, 53.808
Q, 2157, 0.873, 53.994
L, 2158, 0.881, 54.146
Q, 2159, 0.884, 50.557
Q, 2160, 0.896, 50.901
Q, 2161, 0.920, 50.923
L, 2162, 0.928, 52.641
S, 2163, 0.937, 48.762
N, 2164, 0.950, 47.387
T, 2165, 0.955, 44.222
Q, 2166, 0.956, 42.560
P, 2167, 0.967, 48.108
Q, 2168, 0.980, 44.217
P, 2169, 0.991, 50.759
S, 2170, 0.983, 50.098
T, 2171, 1.000, 51.023
N, 2172, 1.000, 52.831
I, 2173, 1.000, 54.209
F, 2174, 1.000, 54.153
G, 2175, 1.000, 55.787
R, 2176, 1.000, 59.461
Y, 2177, 1.000, 60.857
