,Ensembl,Gene
0,DUX1_HUMAN,DUX1
1,DUX3_HUMAN,DUX3
2,ENSG00000001167,NFYA
3,ENSG00000004848,ARX
4,ENSG00000005073,HOXA11
5,ENSG00000005102,MEOX1
6,ENSG00000005513,SOX8
7,ENSG00000005801,ZNF195
8,ENSG00000005889,ZFX
9,ENSG00000006047,YBX2
10,ENSG00000006194,ZNF263
11,ENSG00000006377,DLX6
12,ENSG00000006468,ETV1
13,ENSG00000006576,PHTF2
14,ENSG00000006704,GTF2IRD1
15,ENSG00000007372,PAX6
16,ENSG00000007545,CRAMP1
17,ENSG00000007866,TEAD3
18,ENSG00000007968,E2F2
19,ENSG00000008083,JARID2
20,ENSG00000008196,TFAP2B
21,ENSG00000008197,TFAP2D
22,ENSG00000008441,NFIX
23,ENSG00000009709,PAX7
24,ENSG00000009950,MLXIPL
25,ENSG00000010030,ETV7
26,ENSG00000010244,ZNF207
27,ENSG00000010539,ZNF200
28,ENSG00000010803,SCMH1
29,ENSG00000010818,HIVEP2
30,ENSG00000011243,AKAP8L
31,ENSG00000011332,DPF1
32,ENSG00000011451,WIZ
33,ENSG00000011590,ZBTB32
34,ENSG00000012223,LTF
35,ENSG00000012504,NR1H4
36,ENSG00000012817,KDM5D
37,ENSG00000016082,ISL1
38,ENSG00000018869,ZNF582
39,ENSG00000019549,SNAI2
40,ENSG00000020256,ZFP64
41,ENSG00000020633,RUNX3
42,ENSG00000025156,HSF2
43,ENSG00000025293,PHF20
44,ENSG00000025434,NR1H3
45,ENSG00000028277,POU2F2
46,ENSG00000028839,TBPL1
47,ENSG00000029153,BMAL2
48,ENSG00000030419,IKZF2
49,ENSG00000032219,ARID4A
50,ENSG00000036549,ZZZ3
51,ENSG00000037965,HOXC8
52,ENSG00000039600,SOX30
53,ENSG00000041988,THAP3
54,ENSG00000043039,BARX2
55,ENSG00000043355,ZIC2
56,ENSG00000048405,ZNF800
57,ENSG00000049618,ARID1B
58,ENSG00000049768,FOXP3
59,ENSG00000050344,NFE2L3
60,ENSG00000052850,ALX4
61,ENSG00000053254,FOXN3
62,ENSG00000054267,ARID4B
63,ENSG00000054598,FOXC1
64,ENSG00000056277,ZNF280C
65,ENSG00000056586,RC3H2
66,ENSG00000057657,PRDM1
67,ENSG00000057935,MTA3
68,ENSG00000059122,FLYWCH1
69,ENSG00000059728,MXD1
70,ENSG00000060138,YBX3
71,ENSG00000060566,CREB3L3
72,ENSG00000061455,PRDM6
73,ENSG00000062194,GPBP1
74,ENSG00000062370,ZNF112
75,ENSG00000063438,AHRR
76,ENSG00000063515,GSC2
77,ENSG00000063587,ZNF275
78,ENSG00000064195,DLX3
79,ENSG00000064218,DMRT3
80,ENSG00000064489,BORCS8-MEF2B
81,ENSG00000064490,RFXANK
82,ENSG00000064835,POU1F1
83,ENSG00000064961,HMG20B
84,ENSG00000065029,ZNF76
85,ENSG00000065526,SPEN
86,ENSG00000065970,FOXJ2
87,ENSG00000065978,YBX1
88,ENSG00000066136,NFYC
89,ENSG00000066336,SPI1
90,ENSG00000066422,ZBTB11
91,ENSG00000066697,MSANTD3
92,ENSG00000066827,ZFAT
93,ENSG00000067066,SP100
94,ENSG00000067082,KLF6
95,ENSG00000067646,ZFY
96,ENSG00000068305,MEF2A
97,ENSG00000068323,TFE3
98,ENSG00000069011,PITX1
99,ENSG00000069399,BCL3
100,ENSG00000069667,RORA
101,ENSG00000069812,HES2
102,ENSG00000070444,MNT
103,ENSG00000070476,ZXDC
104,ENSG00000071564,TCF3
105,ENSG00000071655,MBD3
106,ENSG00000072310,SREBF1
107,ENSG00000072736,NFATC3
108,ENSG00000073282,TP63
109,ENSG00000073584,SMARCE1
110,ENSG00000073614,KDM5A
111,ENSG00000073861,TBX21
112,ENSG00000074047,GLI2
113,ENSG00000074219,TEAD2
114,ENSG00000074657,ZNF532
115,ENSG00000075407,ZNF37A
116,ENSG00000075426,FOSL2
117,ENSG00000075891,PAX2
118,ENSG00000076108,BAZ2A
119,ENSG00000077092,RARB
120,ENSG00000077150,NFKB2
121,ENSG00000078399,HOXA9
122,ENSG00000078900,TP73
123,ENSG00000079263,SP140
124,ENSG00000079432,CIC
125,ENSG00000080298,RFX3
126,ENSG00000080603,SRCAP
127,ENSG00000080802,CNOT4
128,ENSG00000081059,TCF7
129,ENSG00000081189,MEF2C
130,ENSG00000081386,ZNF510
131,ENSG00000081665,ZNF506
132,ENSG00000082175,PGR
133,ENSG00000082641,NFE2L1
134,ENSG00000083168,KAT6A
135,ENSG00000083307,GRHL2
136,ENSG00000083812,ZNF324
137,ENSG00000083814,ZNF671
138,ENSG00000083817,ZNF416
139,ENSG00000083828,ZNF586
140,ENSG00000083838,ZNF446
141,ENSG00000083844,ZNF264
142,ENSG00000084093,REST
143,ENSG00000084676,NCOA1
144,ENSG00000085224,ATRX
145,ENSG00000085274,MYNN
146,ENSG00000085276,MECOM
147,ENSG00000085644,ZNF213
148,ENSG00000086102,NFX1
149,ENSG00000087510,TFAP2C
150,ENSG00000087903,RFX2
151,ENSG00000088305,DNMT3B
152,ENSG00000088876,ZNF343
153,ENSG00000088881,EBF4
154,ENSG00000089094,KDM2B
155,ENSG00000089116,LHX5
156,ENSG00000089225,TBX5
157,ENSG00000089335,ZNF302
158,ENSG00000089775,ZBTB25
159,ENSG00000090447,TFAP4
160,ENSG00000090612,ZNF268
161,ENSG00000091010,POU4F3
162,ENSG00000091656,ZFHX4
163,ENSG00000091831,ESR1
164,ENSG00000092067,CEBPE
165,ENSG00000092203,TOX4
166,ENSG00000092607,TBX15
167,ENSG00000093167,LRRFIP2
168,ENSG00000095574,IKZF5
169,ENSG00000095794,CREM
170,ENSG00000095951,HIVEP1
171,ENSG00000096401,CDC5L
172,ENSG00000096654,ZNF184
173,ENSG00000099326,MZF1
174,ENSG00000099364,FBXL19
175,ENSG00000100105,PATZ1
176,ENSG00000100146,SOX10
177,ENSG00000100207,TCF20
178,ENSG00000100219,XBP1
179,ENSG00000100281,HMGXB4
180,ENSG00000100410,PHF5A
181,ENSG00000100426,ZBED4
182,ENSG00000100625,SIX4
183,ENSG00000100644,HIF1A
184,ENSG00000100811,YY1
185,ENSG00000100906,NFKBIA
186,ENSG00000100968,NFATC4
187,ENSG00000100987,VSX1
188,ENSG00000101057,MYBL2
189,ENSG00000101076,HNF4A
190,ENSG00000101096,NFATC2
191,ENSG00000101115,SALL4
192,ENSG00000101126,ADNP
193,ENSG00000101190,TCFL5
194,ENSG00000101216,GMEB2
195,ENSG00000101412,E2F1
196,ENSG00000101457,DNTTIP1
197,ENSG00000101493,ZNF516
198,ENSG00000101544,ADNP2
199,ENSG00000101665,SMAD7
200,ENSG00000101883,RHOXF1
201,ENSG00000102034,ELF4
202,ENSG00000102038,SMARCA1
203,ENSG00000102145,GATA1
204,ENSG00000102189,EEA1
205,ENSG00000102349,KLF8
206,ENSG00000102554,KLF5
207,ENSG00000102804,TSC22D1
208,ENSG00000102870,ZNF629
209,ENSG00000102878,HSF4
210,ENSG00000102901,CENPT
211,ENSG00000102908,NFAT5
212,ENSG00000102935,ZNF423
213,ENSG00000102974,CTCF
214,ENSG00000102984,ZNF821
215,ENSG00000103199,ZNF500
216,ENSG00000103241,FOXF1
217,ENSG00000103343,ZNF174
218,ENSG00000103449,SALL1
219,ENSG00000103460,TOX3
220,ENSG00000103495,MAZ
221,ENSG00000103510,KAT8
222,ENSG00000104221,BRF2
223,ENSG00000104447,TRPS1
224,ENSG00000104825,NFKBIB
225,ENSG00000104856,RELB
226,ENSG00000104881,PPP1R13L
227,ENSG00000104885,DOT1L
228,ENSG00000104903,LYL1
229,ENSG00000104976,SNAPC2
230,ENSG00000105127,AKAP8
231,ENSG00000105136,ZNF419
232,ENSG00000105261,OVOL3
233,ENSG00000105392,CRX
234,ENSG00000105419,MEIS3
235,ENSG00000105497,ZNF175
236,ENSG00000105516,DBP
237,ENSG00000105556,MIER2
238,ENSG00000105610,KLF1
239,ENSG00000105672,ETV2
240,ENSG00000105698,USF2
241,ENSG00000105708,ZNF14
242,ENSG00000105717,PBX4
243,ENSG00000105722,ERF
244,ENSG00000105732,ZNF574
245,ENSG00000105750,ZNF85
246,ENSG00000105821,DNAJC2
247,ENSG00000105856,HBP1
248,ENSG00000105866,SP4
249,ENSG00000105880,DLX5
250,ENSG00000105967,TFEC
251,ENSG00000105991,HOXA1
252,ENSG00000105996,HOXA2
253,ENSG00000105997,HOXA3
254,ENSG00000106004,HOXA5
255,ENSG00000106006,HOXA6
256,ENSG00000106031,HOXA13
257,ENSG00000106038,EVX1
258,ENSG00000106261,ZKSCAN1
259,ENSG00000106331,PAX4
260,ENSG00000106410,NOBOX
261,ENSG00000106459,NRF1
262,ENSG00000106511,MEOX2
263,ENSG00000106536,POU6F2
264,ENSG00000106546,AHR
265,ENSG00000106554,CHCHD3
266,ENSG00000106571,GLI3
267,ENSG00000106624,AEBP1
268,ENSG00000106689,LHX2
269,ENSG00000106852,LHX6
270,ENSG00000106948,AKNA
271,ENSG00000107175,CREB3
272,ENSG00000107187,LHX3
273,ENSG00000107249,GLIS3
274,ENSG00000107485,GATA3
275,ENSG00000107807,TLX1
276,ENSG00000107859,PITX3
277,ENSG00000108001,EBF3
278,ENSG00000108064,TFAM
279,ENSG00000108312,UBTF
280,ENSG00000108509,CAMTA2
281,ENSG00000108511,HOXB6
282,ENSG00000108788,MLX
283,ENSG00000108813,DLX4
284,ENSG00000108924,HLF
285,ENSG00000109101,FOXN1
286,ENSG00000109132,PHOX2B
287,ENSG00000109320,NFKB1
288,ENSG00000109381,ELF2
289,ENSG00000109685,NSD2
290,ENSG00000109705,NKX3-2
291,ENSG00000109787,KLF3
292,ENSG00000109851,DBX1
293,ENSG00000109906,ZBTB16
294,ENSG00000110693,SOX6
295,ENSG00000110777,POU2AF1
296,ENSG00000110851,PRDM4
297,ENSG00000110925,CSRNP2
298,ENSG00000111046,MYF6
299,ENSG00000111049,MYF5
300,ENSG00000111087,GLI1
301,ENSG00000111145,ELK3
302,ENSG00000111206,FOXM1
303,ENSG00000111249,CUX2
304,ENSG00000111269,CREBL2
305,ENSG00000111424,VDR
306,ENSG00000111704,NANOG
307,ENSG00000111783,RFX4
308,ENSG00000112033,PPARD
309,ENSG00000112182,BACH2
310,ENSG00000112200,ZNF451
311,ENSG00000112238,PRDM13
312,ENSG00000112242,E2F3
313,ENSG00000112246,SIM1
314,ENSG00000112333,NR2E1
315,ENSG00000112365,ZBTB24
316,ENSG00000112511,PHF1
317,ENSG00000112561,TFEB
318,ENSG00000112592,TBP
319,ENSG00000112658,SRF
320,ENSG00000112837,TBX18
321,ENSG00000113196,HAND1
322,ENSG00000113430,IRX4
323,ENSG00000113580,NR3C1
324,ENSG00000113658,SMAD5
325,ENSG00000113716,HMGXB3
326,ENSG00000113722,CDX1
327,ENSG00000113761,ZNF346
328,ENSG00000113916,BCL6
329,ENSG00000114126,TFDP2
330,ENSG00000114315,HES1
331,ENSG00000114439,BBX
332,ENSG00000114853,ZBTB47
333,ENSG00000114861,FOXP1
334,ENSG00000115041,KCNIP3
335,ENSG00000115112,TFCP2L1
336,ENSG00000115163,CENPA
337,ENSG00000115297,TLX2
338,ENSG00000115415,STAT1
339,ENSG00000115507,OTX1
340,ENSG00000115568,ZNF142
341,ENSG00000115738,ID2
342,ENSG00000115816,CEBPZ
343,ENSG00000115844,DLX2
344,ENSG00000115966,ATF2
345,ENSG00000116016,EPAS1
346,ENSG00000116017,ARID3A
347,ENSG00000116035,VAX2
348,ENSG00000116044,NFE2L2
349,ENSG00000116132,PRRX1
350,ENSG00000116539,ASH1L
351,ENSG00000116560,SFPQ
352,ENSG00000116604,MEF2D
353,ENSG00000116731,PRDM2
354,ENSG00000116793,PHTF1
355,ENSG00000116809,ZBTB17
356,ENSG00000116819,TFAP2E
357,ENSG00000116833,NR5A2
358,ENSG00000116990,MYCL
359,ENSG00000117000,RLF
360,ENSG00000117010,ZNF684
361,ENSG00000117036,ETV3
362,ENSG00000117139,KDM5B
363,ENSG00000117318,ID3
364,ENSG00000117505,DR1
365,ENSG00000117595,IRF6
366,ENSG00000117625,RCOR3
367,ENSG00000117707,PROX1
368,ENSG00000117713,ARID1A
369,ENSG00000118058,KMT2A
370,ENSG00000118156,ZNF541
371,ENSG00000118217,ATF6
372,ENSG00000118260,CREB1
373,ENSG00000118263,KLF7
374,ENSG00000118418,HMGN3
375,ENSG00000118495,PLAGL1
376,ENSG00000118513,MYB
377,ENSG00000118526,TCF21
378,ENSG00000118620,ZNF430
379,ENSG00000118689,FOXO3
380,ENSG00000118707,TGIF2
381,ENSG00000118922,KLF12
382,ENSG00000119042,SATB2
383,ENSG00000119138,KLF9
384,ENSG00000119403,PHF19 
385,ENSG00000119508,NR4A3
386,ENSG00000119547,ONECUT2
387,ENSG00000119574,ZBTB45
388,ENSG00000119608,PROX2
389,ENSG00000119614,VSX2
390,ENSG00000119715,ESRRB
391,ENSG00000119725,ZNF410
392,ENSG00000119772,DNMT3A
393,ENSG00000119866,BCL11A
394,ENSG00000119919,NKX2-3
395,ENSG00000119950,MXI1
396,ENSG00000120068,HOXB8
397,ENSG00000120075,HOXB5
398,ENSG00000120093,HOXB3
399,ENSG00000120094,HOXB1
400,ENSG00000120149,MSX2
401,ENSG00000120669,SOHLH2
402,ENSG00000120690,ELF1
403,ENSG00000120693,SMAD9
404,ENSG00000120738,EGR1
405,ENSG00000120784,ZFP30
406,ENSG00000120798,NR2C1
407,ENSG00000120832,MTERF2
408,ENSG00000120837,NFYB
409,ENSG00000120963,ZNF706
410,ENSG00000121068,TBX2
411,ENSG00000121075,TBX4
412,ENSG00000121297,TSHZ3
413,ENSG00000121390,PSPC1
414,ENSG00000121406,ZNF549
415,ENSG00000121413,ZSCAN18
416,ENSG00000121417,ZNF211
417,ENSG00000121454,LHX4
418,ENSG00000121864,ZNF639
419,ENSG00000121903,ZSCAN20
420,ENSG00000122034,GTF3A
421,ENSG00000122085,MTERF4
422,ENSG00000122145,TBX22
423,ENSG00000122180,MYOG
424,ENSG00000122386,ZNF205
425,ENSG00000122482,ZNF644
426,ENSG00000122592,HOXA7
427,ENSG00000122691,TWIST1
428,ENSG00000122859,NEUROG3
429,ENSG00000122877,EGR2
430,ENSG00000123095,BHLHE41
431,ENSG00000123268,ATF1
432,ENSG00000123307,NEUROD4
433,ENSG00000123358,NR4A1
434,ENSG00000123364,HOXC13
435,ENSG00000123388,HOXC11
436,ENSG00000123405,NFE2
437,ENSG00000123407,HOXC12
438,ENSG00000123411,IKZF4
439,ENSG00000123576,ESX1
440,ENSG00000123636,BAZ2B
441,ENSG00000123685,BATF3
442,ENSG00000123933,MXD4
443,ENSG00000124092,CTCFL
444,ENSG00000124151,NCOA3
445,ENSG00000124191,TOX2
446,ENSG00000124201,ZNFX1
447,ENSG00000124203,ZNF831
448,ENSG00000124216,SNAI1
449,ENSG00000124232,RBPJL
450,ENSG00000124440,HIF3A
451,ENSG00000124444,ZNF576
452,ENSG00000124459,ZNF45
453,ENSG00000124496,TRERF1
454,ENSG00000124613,ZNF391
455,ENSG00000124664,SPDEF
456,ENSG00000124766,SOX4
457,ENSG00000124782,RREB1
458,ENSG00000124813,RUNX2
459,ENSG00000124827,GCM2
460,ENSG00000124831,LRRFIP1
461,ENSG00000124920,MYRF
462,ENSG00000125285,SOX21
463,ENSG00000125347,IRF1
464,ENSG00000125398,SOX9
465,ENSG00000125482,TTF1
466,ENSG00000125492,BARHL1
467,ENSG00000125520,SLC2A4RG
468,ENSG00000125533,BHLHE23
469,ENSG00000125618,PAX8
470,ENSG00000125740,FOSB
471,ENSG00000125798,FOXA2
472,ENSG00000125812,GZF1
473,ENSG00000125813,PAX1
474,ENSG00000125816,NKX2-4
475,ENSG00000125817,CENPB
476,ENSG00000125820,NKX2-2
477,ENSG00000125826,RBCK1
478,ENSG00000125846,ZNF133
479,ENSG00000125850,OVOL2
480,ENSG00000125878,TCF15
481,ENSG00000125945,ZNF436
482,ENSG00000125952,MAX
483,ENSG00000125968,ID1
484,ENSG00000126003,PLAGL2
485,ENSG00000126012,KDM5C
486,ENSG00000126351,THRA
487,ENSG00000126368,NR1D1
488,ENSG00000126456,IRF3
489,ENSG00000126464,PRR12
490,ENSG00000126561,STAT5A
491,ENSG00000126603,GLIS2
492,ENSG00000126705,AHDC1
493,ENSG00000126733,DACH2
494,ENSG00000126746,ZNF384
495,ENSG00000126767,ELK1
496,ENSG00000126778,SIX1
497,ENSG00000126804,ZBTB1
498,ENSG00000127081,ZNF484
499,ENSG00000127124,HIVEP3
500,ENSG00000127152,BCL11B
501,ENSG00000127445,PIN1
502,ENSG00000127528,KLF2
503,ENSG00000127903,ZNF835
504,ENSG00000127989,MTERF1
505,ENSG00000128000,ZNF780B
506,ENSG00000128272,ATF4
507,ENSG00000128573,FOXP2
508,ENSG00000128604,IRF5
509,ENSG00000128610,FEZF1
510,ENSG00000128645,HOXD1
511,ENSG00000128652,HOXD3
512,ENSG00000128709,HOXD9
513,ENSG00000128710,HOXD10
514,ENSG00000128713,HOXD11
515,ENSG00000128714,HOXD13
516,ENSG00000129028,THAP10
517,ENSG00000129071,MBD4
518,ENSG00000129152,MYOD1
519,ENSG00000129173,E2F8
520,ENSG00000129194,SOX15
521,ENSG00000129514,FOXA1
522,ENSG00000129535,NRL
523,ENSG00000129654,FOXJ1
524,ENSG00000129911,KLF16
525,ENSG00000130182,ZSCAN10
526,ENSG00000130254,SAFB2
527,ENSG00000130522,JUND
528,ENSG00000130544,ZNF557
529,ENSG00000130584,ZBTB46
530,ENSG00000130675,MNX1
531,ENSG00000130684,ZNF337
532,ENSG00000130700,GATA5
533,ENSG00000130711,PRDM12
534,ENSG00000130749,ZC3H4
535,ENSG00000130751,NPAS1
536,ENSG00000130803,ZNF317
537,ENSG00000130816,DNMT1
538,ENSG00000130818,ZNF426
539,ENSG00000130844,ZNF331
540,ENSG00000130856,ZNF236
541,ENSG00000130940,CASZ1
542,ENSG00000131061,ZNF341
543,ENSG00000131115,ZNF227
544,ENSG00000131116,ZNF428
545,ENSG00000131127,ZNF141
546,ENSG00000131196,NFATC1
547,ENSG00000131264,CDX4
548,ENSG00000131381,RBSN
549,ENSG00000131408,NR1H2
550,ENSG00000131668,BARX1
551,ENSG00000131721,RHOXF2
552,ENSG00000131759,RARA
553,ENSG00000131845,ZNF304
554,ENSG00000131848,ZSCAN5A
555,ENSG00000131849,ZNF132
556,ENSG00000131910,NR0B2
557,ENSG00000131914,LIN28A
558,ENSG00000131931,THAP1
559,ENSG00000132005,RFX1
560,ENSG00000132010,ZNF20
561,ENSG00000132024,CC2D1A
562,ENSG00000132170,PPARG
563,ENSG00000132604,TERF2
564,ENSG00000132846,ZBED3
565,ENSG00000133111,RFXAP
566,ENSG00000133250,ZNF414
567,ENSG00000133740,E2F5
568,ENSG00000133794,BMAL1
569,ENSG00000133937,GSC
570,ENSG00000134046,MBD2
571,ENSG00000134107,BHLHE40
572,ENSG00000134138,MEIS2
573,ENSG00000134317,GRHL1
574,ENSG00000134323,MYCN
575,ENSG00000134438,RAX
576,ENSG00000134532,SOX5
577,ENSG00000134595,SOX3
578,ENSG00000134852,CLOCK
579,ENSG00000134874,DZIP1
580,ENSG00000134954,ETS1
581,ENSG00000135100,HNF1A
582,ENSG00000135111,TBX3
583,ENSG00000135148,TRAFD1
584,ENSG00000135164,DMTF1
585,ENSG00000135365,PHF21A
586,ENSG00000135373,EHF
587,ENSG00000135374,ELF5
588,ENSG00000135457,TFCP2
589,ENSG00000135547,HEY2
590,ENSG00000135625,EGR4
591,ENSG00000135638,EMX1
592,ENSG00000135899,SP110
593,ENSG00000135903,PAX3
594,ENSG00000136169,SETDB2
595,ENSG00000136327,NKX2-8
596,ENSG00000136352,NKX2-1
597,ENSG00000136367,ZFHX2
598,ENSG00000136451,VEZF1
599,ENSG00000136504,KAT7
600,ENSG00000136535,TBR1
601,ENSG00000136574,GATA4
602,ENSG00000136603,SKIL
603,ENSG00000136630,HLX
604,ENSG00000136770,DNAJC1
605,ENSG00000136826,KLF4
606,ENSG00000136866,ZFP37
607,ENSG00000136870,ZNF189
608,ENSG00000136931,NR5A1
609,ENSG00000136936,XPA
610,ENSG00000136944,LMX1B
611,ENSG00000136997,MYC
612,ENSG00000137090,DMRT1
613,ENSG00000137166,FOXP4
614,ENSG00000137185,ZSCAN9
615,ENSG00000137203,TFAP2A
616,ENSG00000137265,IRF4
617,ENSG00000137270,GCM1
618,ENSG00000137273,FOXF2
619,ENSG00000137309,HMGA1
620,ENSG00000137492,THAP12
621,ENSG00000137504,CREBZF
622,ENSG00000137709,POU2F3
623,ENSG00000137834,SMAD6
624,ENSG00000137871,ZNF280D
625,ENSG00000137947,GTF2B
626,ENSG00000138073,PREB
627,ENSG00000138083,SIX3
628,ENSG00000138136,LBX1
629,ENSG00000138311,ZNF365
630,ENSG00000138336,TET1
631,ENSG00000138378,STAT4
632,ENSG00000138380,CARF
633,ENSG00000138738,PRDM5
634,ENSG00000138795,LEF1
635,ENSG00000139083,ETV6
636,ENSG00000139154,AEBP2
637,ENSG00000139352,ASCL1
638,ENSG00000139445,FOXN4
639,ENSG00000139515,PDX1
640,ENSG00000139613,SMARCC2
641,ENSG00000139651,ZNF740
642,ENSG00000139793,MBNL2
643,ENSG00000139800,ZIC5
644,ENSG00000140009,ESR2
645,ENSG00000140044,JDP2
646,ENSG00000140262,TCF12
647,ENSG00000140265,ZSCAN29
648,ENSG00000140382,HMG20A
649,ENSG00000140396,NCOA2
650,ENSG00000140548,ZNF710
651,ENSG00000140632,GLYR1
652,ENSG00000140836,ZFHX3
653,ENSG00000140968,IRF8
654,ENSG00000140987,ZSCAN32
655,ENSG00000140993,TIGD7
656,ENSG00000141002,TCF25
657,ENSG00000141027,NCOR1
658,ENSG00000141040,ZNF287
659,ENSG00000141258,SGSM2
660,ENSG00000141448,GATA6
661,ENSG00000141510,TP53
662,ENSG00000141568,FOXK2
663,ENSG00000141579,ZNF750
664,ENSG00000141644,MBD1
665,ENSG00000141646,SMAD4
666,ENSG00000141905,NFIC
667,ENSG00000141946,ZIM3
668,ENSG00000141956,PRDM15
669,ENSG00000142025,DMRTC2
670,ENSG00000142065,ZFP14
671,ENSG00000142182,DNMT3L
672,ENSG00000142409,ZNF787
673,ENSG00000142528,ZNF473
674,ENSG00000142556,ZNF614
675,ENSG00000142599,RERE
676,ENSG00000142611,PRDM16
677,ENSG00000142700,DMRTA2
678,ENSG00000143006,DMRTB1
679,ENSG00000143032,BARHL2
680,ENSG00000143033,MTF2
681,ENSG00000143067,ZNF697
682,ENSG00000143157,POGK
683,ENSG00000143171,RXRG
684,ENSG00000143178,TBX19
685,ENSG00000143190,POU2F1
686,ENSG00000143257,NR1I3
687,ENSG00000143355,LHX9
688,ENSG00000143365,RORC
689,ENSG00000143373,ZNF687
690,ENSG00000143379,SETDB1
691,ENSG00000143390,RFX5
692,ENSG00000143437,ARNT
693,ENSG00000143442,POGZ
694,ENSG00000143578,CREB3L4
695,ENSG00000143614,GATAD2B
696,ENSG00000143842,SOX13
697,ENSG00000143867,OSR1
698,ENSG00000143995,MEIS1
699,ENSG00000144026,ZNF514
700,ENSG00000144161,ZC3H8
701,ENSG00000144331,ZNF385B
702,ENSG00000144355,DLX1
703,ENSG00000144485,HES6
704,ENSG00000144655,CSRNP1
705,ENSG00000144747,TMF1
706,ENSG00000144792,ZNF660
707,ENSG00000144802,NFKBIZ
708,ENSG00000144852,NR1I2
709,ENSG00000145220,LYAR
710,ENSG00000145908,ZNF300
711,ENSG00000146232,NFKBIE
712,ENSG00000146285,SCML4
713,ENSG00000146587,RBAK
714,ENSG00000146592,CREB5
715,ENSG00000146618,FERD3L
716,ENSG00000146676,PURB
717,ENSG00000146757,ZNF92
718,ENSG00000147117,ZNF157
719,ENSG00000147118,ZNF182
720,ENSG00000147124,ZNF41
721,ENSG00000147133,TAF1
722,ENSG00000147140,NONO
723,ENSG00000147180,ZNF711
724,ENSG00000147183,CPXCR1
725,ENSG00000147421,HMBOX1
726,ENSG00000147488,ST18
727,ENSG00000147596,PRDM14
728,ENSG00000147601,TERF1
729,ENSG00000147789,ZNF7
730,ENSG00000147862,NFIB
731,ENSG00000148143,ZNF462
732,ENSG00000148200,NR6A1
733,ENSG00000148300,REXO4
734,ENSG00000148411,NACC2
735,ENSG00000148516,ZEB1
736,ENSG00000148704,VAX1
737,ENSG00000148737,TCF7L2
738,ENSG00000148826,NKX6-2
739,ENSG00000149050,ZNF214
740,ENSG00000149054,ZNF215
741,ENSG00000149136,SSRP1
742,ENSG00000149480,MTA2
743,ENSG00000149922,TBX6
744,ENSG00000149948,HMGA2
745,ENSG00000150051,MKX
746,ENSG00000150347,ARID5B
747,ENSG00000150907,FOXO1
748,ENSG00000151090,THRB
749,ENSG00000151322,NPAS3
750,ENSG00000151379,MSGN1
751,ENSG00000151500,THYN1
752,ENSG00000151612,ZNF827
753,ENSG00000151615,POU4F2
754,ENSG00000151623,NR3C2
755,ENSG00000151650,VENTX
756,ENSG00000151657,KIN
757,ENSG00000151702,FLI1
758,ENSG00000151789,ZNF385D
759,ENSG00000152192,POU4F1
760,ENSG00000152217,SETBP1
761,ENSG00000152284,TCF7L1
762,ENSG00000152433,ZNF547
763,ENSG00000152439,ZNF773
764,ENSG00000152443,ZNF776
765,ENSG00000152454,ZNF256
766,ENSG00000152467,ZSCAN1
767,ENSG00000152475,ZNF837
768,ENSG00000152784,PRDM8
769,ENSG00000152804,HHEX
770,ENSG00000152926,ZNF117
771,ENSG00000152977,ZIC1
772,ENSG00000153147,SMARCA5
773,ENSG00000153207,AHCTF1
774,ENSG00000153234,NR4A2
775,ENSG00000153266,FEZF2
776,ENSG00000153560,UBP1
777,ENSG00000153779,TGIF2LX
778,ENSG00000153814,JAZF1
779,ENSG00000153879,CEBPG
780,ENSG00000153896,ZNF599
781,ENSG00000153975,ZUFSP
782,ENSG00000154655,L3MBTL4
783,ENSG00000154727,GABPA
784,ENSG00000154832,CXXC1
785,ENSG00000154957,ZNF18
786,ENSG00000155090,KLF10
787,ENSG00000155545,MIER3
788,ENSG00000155592,ZKSCAN2
789,ENSG00000156030,MIDEAS
790,ENSG00000156127,BATF
791,ENSG00000156150,ALX3
792,ENSG00000156273,BACH1
793,ENSG00000156374,PCGF6
794,ENSG00000156469,MTERF3
795,ENSG00000156650,KAT6B
796,ENSG00000156853,ZNF689
797,ENSG00000156925,ZIC3
798,ENSG00000157259,GATAD1
799,ENSG00000157429,ZNF19
800,ENSG00000157514,TSC22D3
801,ENSG00000157554,ERG
802,ENSG00000157557,ETS2
803,ENSG00000157613,CREB3L1
804,ENSG00000157657,ZNF618
805,ENSG00000157933,SKI
806,ENSG00000158055,GRHL3
807,ENSG00000158691,ZSCAN12
808,ENSG00000158711,ELK4
809,ENSG00000158773,USF1
810,ENSG00000158805,ZNF276
811,ENSG00000159140,SON
812,ENSG00000159184,HOXB13
813,ENSG00000159216,RUNX1
814,ENSG00000159263,SIM2
815,ENSG00000159387,IRX6
816,ENSG00000159556,ISL2
817,ENSG00000159588,CCDC17
818,ENSG00000159592,GPBP1L1
819,ENSG00000159882,ZNF230
820,ENSG00000159885,ZNF222
821,ENSG00000159905,ZNF221
822,ENSG00000159915,ZNF233
823,ENSG00000159917,ZNF235
824,ENSG00000160007,ARHGAP35
825,ENSG00000160062,ZBTB8A
826,ENSG00000160094,ZNF362
827,ENSG00000160113,NR2F6
828,ENSG00000160199,PKNOX1
829,ENSG00000160224,AIRE
830,ENSG00000160229,ZNF66
831,ENSG00000160321,ZNF208
832,ENSG00000160336,ZNF761
833,ENSG00000160352,ZNF714
834,ENSG00000160633,SAFB
835,ENSG00000160685,ZBTB7B
836,ENSG00000160908,ZNF394
837,ENSG00000160949,TONSL
838,ENSG00000160961,ZNF333
839,ENSG00000160973,FOXH1
840,ENSG00000161277,THAP8
841,ENSG00000161298,ZNF382
842,ENSG00000161405,IKZF3
843,ENSG00000161551,ZNF577
844,ENSG00000161642,ZNF385A
845,ENSG00000161914,ZNF653
846,ENSG00000161940,BCL6B
847,ENSG00000162086,ZNF75A
848,ENSG00000162367,TAL1
849,ENSG00000162419,GMEB1
850,ENSG00000162599,NFIA
851,ENSG00000162601,MYSM1
852,ENSG00000162624,LHX8
853,ENSG00000162664,ZNF326
854,ENSG00000162676,GFI1
855,ENSG00000162702,ZNF281
856,ENSG00000162714,ZNF496
857,ENSG00000162761,LMX1A
858,ENSG00000162772,ATF3
859,ENSG00000162924,REL
860,ENSG00000162992,NEUROD1
861,ENSG00000163064,EN1
862,ENSG00000163132,MSX1
863,ENSG00000163320,CGGBP1
864,ENSG00000163435,ELF3
865,ENSG00000163497,FEV
866,ENSG00000163508,EOMES
867,ENSG00000163516,ANKZF1
868,ENSG00000163623,NKX6-1
869,ENSG00000163666,HESX1
870,ENSG00000163792,TCF23
871,ENSG00000163795,ZNF513
872,ENSG00000163848,ZNF148
873,ENSG00000163884,KLF15
874,ENSG00000163909,HEYL
875,ENSG00000163939,PBRM1
876,ENSG00000164011,ZNF691
877,ENSG00000164048,ZNF589
878,ENSG00000164093,PITX2
879,ENSG00000164107,HAND2
880,ENSG00000164185,ZNF474
881,ENSG00000164256,PRDM9
882,ENSG00000164296,TIGD6
883,ENSG00000164299,SPZ1
884,ENSG00000164330,EBF1
885,ENSG00000164334,FAM170A
886,ENSG00000164379,FOXQ1
887,ENSG00000164438,TLX3
888,ENSG00000164458,TBXT
889,ENSG00000164532,TBX20
890,ENSG00000164600,NEUROD6
891,ENSG00000164631,ZNF12
892,ENSG00000164651,SP8
893,ENSG00000164683,HEY1
894,ENSG00000164684,ZNF704
895,ENSG00000164736,SOX17
896,ENSG00000164749,HNF4G
897,ENSG00000164778,EN2
898,ENSG00000164853,UNCX
899,ENSG00000164900,GBX1
900,ENSG00000164916,FOXK1
901,ENSG00000164920,OSR2
902,ENSG00000165030,NFIL3
903,ENSG00000165061,ZMAT4
904,ENSG00000165066,NKX6-3
905,ENSG00000165156,ZHX1
906,ENSG00000165244,ZNF367
907,ENSG00000165259,HDX
908,ENSG00000165462,PHOX2A
909,ENSG00000165495,PKNOX2
910,ENSG00000165512,ZNF22
911,ENSG00000165556,CDX2
912,ENSG00000165588,OTX2
913,ENSG00000165606,DRGX
914,ENSG00000165643,SOHLH1
915,ENSG00000165655,ZNF503
916,ENSG00000165684,SNAPC4
917,ENSG00000165702,GFI1B
918,ENSG00000165804,ZNF219
919,ENSG00000165821,SALL2
920,ENSG00000165891,E2F7
921,ENSG00000166188,ZNF319
922,ENSG00000166211,SPIC
923,ENSG00000166261,ZNF202
924,ENSG00000166268,MYRFL
925,ENSG00000166349,RAG1
926,ENSG00000166432,ZMAT1
927,ENSG00000166454,ATMIN
928,ENSG00000166478,ZNF143
929,ENSG00000166526,ZNF3
930,ENSG00000166529,ZSCAN21
931,ENSG00000166704,ZNF606
932,ENSG00000166716,ZNF592
933,ENSG00000166823,MESP1
934,ENSG00000166860,ZBTB39
935,ENSG00000166888,STAT6
936,ENSG00000166925,TSC22D4
937,ENSG00000166949,SMAD3
938,ENSG00000166987,MBD6
939,ENSG00000167034,NKX3-1
940,ENSG00000167074,TEF
941,ENSG00000167081,PBX3
942,ENSG00000167157,PRRX2
943,ENSG00000167182,SP2
944,ENSG00000167232,ZNF91
945,ENSG00000167377,ZNF23
946,ENSG00000167380,ZNF226
947,ENSG00000167384,ZNF180
948,ENSG00000167394,ZNF668
949,ENSG00000167395,ZNF646
950,ENSG00000167491,GATAD2A
951,ENSG00000167528,ZNF641
952,ENSG00000167554,ZNF610
953,ENSG00000167555,ZNF528
954,ENSG00000167562,ZNF701
955,ENSG00000167604,NFKBID
956,ENSG00000167625,ZNF526
957,ENSG00000167635,ZNF146
958,ENSG00000167637,ZNF283
959,ENSG00000167685,ZNF444
960,ENSG00000167766,ZNF83
961,ENSG00000167771,RCOR2
962,ENSG00000167785,ZNF558
963,ENSG00000167800,TBX10
964,ENSG00000167840,ZNF232
965,ENSG00000167962,ZNF598
966,ENSG00000167967,E4F1
967,ENSG00000167981,ZNF597
968,ENSG00000168062,BATF2
969,ENSG00000168152,THAP9
970,ENSG00000168214,RBPJ
971,ENSG00000168267,PTF1A
972,ENSG00000168269,FOXI1
973,ENSG00000168286,THAP11
974,ENSG00000168310,IRF2
975,ENSG00000168348,INSM2
976,ENSG00000168505,GBX2
977,ENSG00000168610,STAT3
978,ENSG00000168661,ZNF30
979,ENSG00000168769,TET2
980,ENSG00000168772,CXXC4
981,ENSG00000168779,SHOX2
982,ENSG00000168795,ZBTB5
983,ENSG00000168813,ZNF507
984,ENSG00000168826,ZBTB49
985,ENSG00000168874,ATOH8
986,ENSG00000168875,SOX14
987,ENSG00000168916,ZNF608
988,ENSG00000169016,E2F6
989,ENSG00000169057,MECP2
990,ENSG00000169083,AR
991,ENSG00000169131,ZNF354A
992,ENSG00000169136,ATF5
993,ENSG00000169155,ZBTB43
994,ENSG00000169297,NR0B1
995,ENSG00000169548,ZNF280A
996,ENSG00000169554,ZEB2
997,ENSG00000169594,BNC1
998,ENSG00000169635,HIC2
999,ENSG00000169689,CENPX
1000,ENSG00000169740,ZNF32
1001,ENSG00000169840,GSX1
1002,ENSG00000169856,ONECUT1
1003,ENSG00000169926,KLF13
1004,ENSG00000169946,ZFPM2
1005,ENSG00000169951,ZNF764
1006,ENSG00000169953,HSFY2
1007,ENSG00000169955,ZNF747
1008,ENSG00000169957,ZNF768
1009,ENSG00000169981,ZNF35
1010,ENSG00000169989,TIGD4
1011,ENSG00000170100,ZNF778
1012,ENSG00000170122,FOXD4
1013,ENSG00000170166,HOXD4
1014,ENSG00000170178,HOXD12
1015,ENSG00000170260,ZNF212
1016,ENSG00000170265,ZNF282
1017,ENSG00000170325,PRDM10
1018,ENSG00000170345,FOS
1019,ENSG00000170365,SMAD1
1020,ENSG00000170370,EMX2
1021,ENSG00000170374,SP7
1022,ENSG00000170396,ZNF804A
1023,ENSG00000170448,NFXL1
1024,ENSG00000170485,NPAS2
1025,ENSG00000170515,PA2G4
1026,ENSG00000170549,IRX1
1027,ENSG00000170561,IRX2
1028,ENSG00000170577,SIX2
1029,ENSG00000170581,STAT2
1030,ENSG00000170608,FOXA3
1031,ENSG00000170631,ZNF16
1032,ENSG00000170653,ATF7
1033,ENSG00000170684,ZNF296
1034,ENSG00000170689,HOXB9
1035,ENSG00000170802,FOXN2
1036,ENSG00000170903,MSANTD4
1037,ENSG00000170949,ZNF160
1038,ENSG00000170954,ZNF415
1039,ENSG00000171056,SOX7
1040,ENSG00000171116,HSFX1
1041,ENSG00000171161,ZNF672
1042,ENSG00000171163,ZNF692
1043,ENSG00000171169,NAIF1
1044,ENSG00000171223,JUNB
1045,ENSG00000171291,ZNF439
1046,ENSG00000171295,ZNF440
1047,ENSG00000171425,ZNF581
1048,ENSG00000171443,ZNF524
1049,ENSG00000171448,ZBTB26
1050,ENSG00000171466,ZNF562
1051,ENSG00000171467,ZNF318
1052,ENSG00000171469,ZNF561
1053,ENSG00000171476,HOPX
1054,ENSG00000171532,NEUROD2
1055,ENSG00000171540,OTP
1056,ENSG00000171574,ZNF584
1057,ENSG00000171604,CXXC5
1058,ENSG00000171606,ZNF274
1059,ENSG00000171634,BPTF
1060,ENSG00000171649,ZIK1
1061,ENSG00000171735,CAMTA1
1062,ENSG00000171786,NHLH1
1063,ENSG00000171794,UTF1
1064,ENSG00000171817,ZNF540
1065,ENSG00000171827,ZNF570
1066,ENSG00000171872,KLF17
1067,ENSG00000171940,ZNF217
1068,ENSG00000171956,FOXB1
1069,ENSG00000171970,ZNF57
1070,ENSG00000172000,ZNF556
1071,ENSG00000172006,ZNF554
1072,ENSG00000172059,KLF11
1073,ENSG00000172201,ID4
1074,ENSG00000172216,CEBPB
1075,ENSG00000172238,ATOH1
1076,ENSG00000172262,ZNF131
1077,ENSG00000172273,HINFP
1078,ENSG00000172379,ARNT2
1079,ENSG00000172466,ZNF24
1080,ENSG00000172468,HSFY1
1081,ENSG00000172733,PURG
1082,ENSG00000172748,ZNF596
1083,ENSG00000172789,HOXC5
1084,ENSG00000172818,OVOL1
1085,ENSG00000172819,RARG
1086,ENSG00000172845,SP3
1087,ENSG00000172888,ZNF621
1088,ENSG00000172977,KAT5
1089,ENSG00000173011,TADA2B
1090,ENSG00000173039,RELA
1091,ENSG00000173041,ZNF680
1092,ENSG00000173068,BNC2
1093,ENSG00000173120,KDM2A
1094,ENSG00000173153,ESRRA
1095,ENSG00000173253,DMRT2
1096,ENSG00000173258,ZNF483
1097,ENSG00000173275,ZNF449
1098,ENSG00000173276,ZBTB21
1099,ENSG00000173404,INSM1
1100,ENSG00000173451,THAP2
1101,ENSG00000173473,SMARCC1
1102,ENSG00000173480,ZNF417
1103,ENSG00000173673,HES3
1104,ENSG00000173757,STAT5B
1105,ENSG00000173825,TIGD3
1106,ENSG00000173875,ZNF791
1107,ENSG00000173894,CBX2
1108,ENSG00000173917,HOXB2
1109,ENSG00000173976,RAX2
1110,ENSG00000174197,MGA
1111,ENSG00000174255,ZNF80
1112,ENSG00000174279,EVX2
1113,ENSG00000174282,ZBTB4
1114,ENSG00000174306,ZHX3
1115,ENSG00000174332,GLIS1
1116,ENSG00000174428,GTF2IRD2B
1117,ENSG00000174446,SNAPC5
1118,ENSG00000174576,NPAS4
1119,ENSG00000174586,ZNF497
1120,ENSG00000174652,ZNF266
1121,ENSG00000174738,NR1D2
1122,ENSG00000174796,THAP6
1123,ENSG00000174963,ZIC4
1124,ENSG00000175105,ZNF654
1125,ENSG00000175197,DDIT3
1126,ENSG00000175213,ZNF408
1127,ENSG00000175279,CENPS
1128,ENSG00000175322,ZNF519
1129,ENSG00000175325,PROP1
1130,ENSG00000175329,ISX
1131,ENSG00000175387,SMAD2
1132,ENSG00000175395,ZNF25
1133,ENSG00000175550,DRAP1
1134,ENSG00000175592,FOSL1
1135,ENSG00000175691,ZNF77
1136,ENSG00000175727,MLXIP
1137,ENSG00000175745,NR2F1
1138,ENSG00000175787,ZNF169
1139,ENSG00000175809,ZNF645
1140,ENSG00000175832,ETV4
1141,ENSG00000175879,HOXD8
1142,ENSG00000176009,ASCL3
1143,ENSG00000176024,ZNF613
1144,ENSG00000176083,ZNF683
1145,ENSG00000176160,HSF5
1146,ENSG00000176165,FOXG1
1147,ENSG00000176182,MYPOP
1148,ENSG00000176222,ZNF404
1149,ENSG00000176293,ZNF135
1150,ENSG00000176302,FOXR1
1151,ENSG00000176371,ZSCAN2
1152,ENSG00000176399,DMRTA1
1153,ENSG00000176407,KCMF1
1154,ENSG00000176472,ZNF575
1155,ENSG00000176542,USF3
1156,ENSG00000176678,FOXL1
1157,ENSG00000176679,TGIF2LY
1158,ENSG00000176692,FOXC2
1159,ENSG00000176723,ZNF843
1160,ENSG00000176842,IRX5
1161,ENSG00000176887,SOX11
1162,ENSG00000176946,THAP4
1163,ENSG00000177030,DEAF1
1164,ENSG00000177045,SIX5
1165,ENSG00000177125,ZBTB34
1166,ENSG00000177311,ZBTB38
1167,ENSG00000177374,HIC1
1168,ENSG00000177426,TGIF1
1169,ENSG00000177463,NR2C2
1170,ENSG00000177468,OLIG3
1171,ENSG00000177485,ZBTB33
1172,ENSG00000177494,ZBED2
1173,ENSG00000177508,IRX3
1174,ENSG00000177551,NHLH2
1175,ENSG00000177599,ZNF491
1176,ENSG00000177606,JUN
1177,ENSG00000177683,THAP5
1178,ENSG00000177732,SOX12
1179,ENSG00000177842,ZNF620
1180,ENSG00000177853,ZNF518A
1181,ENSG00000177873,ZNF619
1182,ENSG00000177888,ZBTB41
1183,ENSG00000177932,ZNF354C
1184,ENSG00000177946,CENPBD1
1185,ENSG00000178028,DMAP1
1186,ENSG00000178150,ZNF114
1187,ENSG00000178163,ZNF518B
1188,ENSG00000178175,ZNF366
1189,ENSG00000178177,LCORL
1190,ENSG00000178187,ZNF454
1191,ENSG00000178229,ZNF543
1192,ENSG00000178338,ZNF354B
1193,ENSG00000178386,ZNF223
1194,ENSG00000178403,NEUROG2
1195,ENSG00000178573,MAF
1196,ENSG00000178662,CSRNP3
1197,ENSG00000178665,ZNF713
1198,ENSG00000178764,ZHX2
1199,ENSG00000178860,MSC
1200,ENSG00000178917,ZNF852
1201,ENSG00000178919,FOXE1
1202,ENSG00000178928,TPRX1
1203,ENSG00000178935,ZNF552
1204,ENSG00000178951,ZBTB7A
1205,ENSG00000179059,ZFP42
1206,ENSG00000179111,HES7
1207,ENSG00000179195,ZNF664
1208,ENSG00000179348,GATA2
1209,ENSG00000179361,ARID3B
1210,ENSG00000179388,EGR3
1211,ENSG00000179456,ZBTB18
1212,ENSG00000179528,LBX2
1213,ENSG00000179588,ZFPM1
1214,ENSG00000179627,ZBTB42
1215,ENSG00000179772,FOXS1
1216,ENSG00000179774,ATOH7
1217,ENSG00000179886,TIGD5
1218,ENSG00000179909,ZNF154
1219,ENSG00000179922,ZNF784
1220,ENSG00000179930,ZNF648
1221,ENSG00000179943,FIZ1
1222,ENSG00000179965,ZNF771
1223,ENSG00000179981,TSHZ1
1224,ENSG00000180035,ZNF48
1225,ENSG00000180053,NKX2-6
1226,ENSG00000180257,ZNF816
1227,ENSG00000180318,ALX1
1228,ENSG00000180346,TIGD2
1229,ENSG00000180357,ZNF609
1230,ENSG00000180479,ZNF571
1231,ENSG00000180532,ZSCAN4
1232,ENSG00000180535,BHLHA15
1233,ENSG00000180613,GSX2
1234,ENSG00000180626,ZNF594
1235,ENSG00000180787,ZFP3
1236,ENSG00000180806,HOXC9
1237,ENSG00000180818,HOXC10
1238,ENSG00000180828,BHLHE22
1239,ENSG00000180855,ZNF443
1240,ENSG00000180884,ZNF792
1241,ENSG00000180938,ZNF572
1242,ENSG00000181007,ZFP82
1243,ENSG00000181135,ZNF707
1244,ENSG00000181220,ZNF746
1245,ENSG00000181315,ZNF322
1246,ENSG00000181444,ZNF467
1247,ENSG00000181449,SOX2
1248,ENSG00000181450,ZNF678
1249,ENSG00000181472,ZBTB2
1250,ENSG00000181638,ZFP41
1251,ENSG00000181666,ZNF875
1252,ENSG00000181690,PLAG1
1253,ENSG00000181722,ZBTB20
1254,ENSG00000181827,RFX7
1255,ENSG00000181894,ZNF329
1256,ENSG00000181896,ZNF101
1257,ENSG00000181965,NEUROG1
1258,ENSG00000182111,ZNF716
1259,ENSG00000182141,ZNF708
1260,ENSG00000182158,CREB3L2
1261,ENSG00000182318,ZSCAN22
1262,ENSG00000182348,ZNF804B
1263,ENSG00000182463,TSHZ2
1264,ENSG00000182521,TBPL2
1265,ENSG00000182568,SATB1
1266,ENSG00000182742,HOXB4
1267,ENSG00000182759,MAFA
1268,ENSG00000182903,ZNF721
1269,ENSG00000182968,SOX1
1270,ENSG00000182979,MTA1
1271,ENSG00000182983,ZNF662
1272,ENSG00000182986,ZNF320
1273,ENSG00000183072,NKX2-5
1274,ENSG00000183309,ZNF623
1275,ENSG00000183340,JRKL
1276,ENSG00000183434,TFDP3
1277,ENSG00000183621,ZNF438
1278,ENSG00000183647,ZNF530
1279,ENSG00000183733,FIGLA
1280,ENSG00000183734,ASCL2
1281,ENSG00000183770,FOXL2
1282,ENSG00000183779,ZNF703
1283,ENSG00000183850,ZNF730
1284,ENSG00000184058,TBX1
1285,ENSG00000184221,OLIG1
1286,ENSG00000184271,POU6F1
1287,ENSG00000184302,SIX6
1288,ENSG00000184436,THAP7
1289,ENSG00000184481,FOXO4
1290,ENSG00000184486,POU3F2
1291,ENSG00000184492,FOXD4L1
1292,ENSG00000184517,ZFP1
1293,ENSG00000184635,ZNF93
1294,ENSG00000184659,FOXD4L4
1295,ENSG00000184677,ZBTB40
1296,ENSG00000184828,ZBTB7C
1297,ENSG00000184895,SRY
1298,ENSG00000184911,DMRTC1B
1299,ENSG00000184937,WT1
1300,ENSG00000184939,ZFP90
1301,ENSG00000185002,RFX6
1302,ENSG00000185022,MAFF
1303,ENSG00000185122,HSF1
1304,ENSG00000185129,PURA
1305,ENSG00000185155,MIXL1
1306,ENSG00000185177,ZNF479
1307,ENSG00000185219,ZNF445
1308,ENSG00000185238,PRMT3
1309,ENSG00000185252,ZNF74
1310,ENSG00000185278,ZBTB37
1311,ENSG00000185404,SP140L
1312,ENSG00000185420,SMYD3
1313,ENSG00000185507,IRF7
1314,ENSG00000185513,L3MBTL1
1315,ENSG00000185551,NR2F2
1316,ENSG00000185591,SP1
1317,ENSG00000185610,DBX2
1318,ENSG00000185630,PBX1
1319,ENSG00000185668,POU3F1
1320,ENSG00000185669,SNAI3
1321,ENSG00000185670,ZBTB3
1322,ENSG00000185697,MYBL1
1323,ENSG00000185730,ZNF696
1324,ENSG00000185811,IKZF1
1325,ENSG00000185869,ZNF829
1326,ENSG00000185947,ZNF267
1327,ENSG00000185960,SHOX
1328,ENSG00000186017,ZNF566
1329,ENSG00000186020,ZNF529
1330,ENSG00000186026,ZNF284
1331,ENSG00000186051,TAL2
1332,ENSG00000186103,ARGFX
1333,ENSG00000186130,ZBTB6
1334,ENSG00000186230,ZNF749
1335,ENSG00000186272,ZNF17
1336,ENSG00000186300,ZNF555
1337,ENSG00000186350,RXRA
1338,ENSG00000186376,ZNF75D
1339,ENSG00000186416,NKRF
1340,ENSG00000186446,ZNF501
1341,ENSG00000186448,ZNF197
1342,ENSG00000186487,MYT1L
1343,ENSG00000186496,ZNF396
1344,ENSG00000186564,FOXD2
1345,ENSG00000186660,ZFP91
1346,ENSG00000186766,FOXI2
1347,ENSG00000186777,ZNF732
1348,ENSG00000186790,FOXE3
1349,ENSG00000186812,ZNF397
1350,ENSG00000186814,ZSCAN30
1351,ENSG00000186918,ZNF395
1352,ENSG00000186951,PPARA
1353,ENSG00000187079,TEAD1
1354,ENSG00000187098,MITF
1355,ENSG00000187140,FOXD3
1356,ENSG00000187187,ZNF546
1357,ENSG00000187559,FOXD4L3
1358,ENSG00000187595,ZNF385C
1359,ENSG00000187605,TET3
1360,ENSG00000187607,ZNF286A
1361,ENSG00000187626,ZKSCAN4
1362,ENSG00000187772,LIN28B
1363,ENSG00000187792,ZNF70
1364,ENSG00000187801,ZFP69B
1365,ENSG00000187815,ZFP69
1366,ENSG00000187821,HELT
1367,ENSG00000187855,ASCL4
1368,ENSG00000187987,ZSCAN23
1369,ENSG00000188033,ZNF490
1370,ENSG00000188070,C11orf95
1371,ENSG00000188095,MESP2
1372,ENSG00000188171,ZNF626
1373,ENSG00000188177,ZC3H6
1374,ENSG00000188227,ZNF793
1375,ENSG00000188283,ZNF383
1376,ENSG00000188290,HES4
1377,ENSG00000188295,ZNF669
1378,ENSG00000188313,PLSCR1
1379,ENSG00000188321,ZNF559
1380,ENSG00000188620,HMX3
1381,ENSG00000188629,ZNF177
1382,ENSG00000188779,SKOR1
1383,ENSG00000188785,ZNF548
1384,ENSG00000188786,MTF1
1385,ENSG00000188816,HMX2
1386,ENSG00000188868,ZNF563
1387,ENSG00000188909,BSX
1388,ENSG00000188981,MSANTD1
1389,ENSG00000188994,ZNF292
1390,ENSG00000189042,ZNF567
1391,ENSG00000189079,ARID2
1392,ENSG00000189120,SP6
1393,ENSG00000189144,ZNF573
1394,ENSG00000189164,ZNF527
1395,ENSG00000189180,ZNF33A
1396,ENSG00000189190,ZNF600
1397,ENSG00000189298,ZKSCAN3
1398,ENSG00000189299,FOXR2
1399,ENSG00000189308,LIN54
1400,ENSG00000189420,ZFP92
1401,ENSG00000196081,ZNF724
1402,ENSG00000196092,PAX5
1403,ENSG00000196109,ZNF676
1404,ENSG00000196110,ZNF699
1405,ENSG00000196132,MYT1
1406,ENSG00000196150,ZNF250
1407,ENSG00000196152,ZNF79
1408,ENSG00000196172,ZNF681
1409,ENSG00000196214,ZNF766
1410,ENSG00000196233,LCOR
1411,ENSG00000196247,ZNF107
1412,ENSG00000196263,ZNF471
1413,ENSG00000196267,ZNF836
1414,ENSG00000196268,ZNF493
1415,ENSG00000196275,GTF2IRD2
1416,ENSG00000196323,ZBTB44
1417,ENSG00000196345,ZKSCAN7
1418,ENSG00000196350,ZNF729
1419,ENSG00000196357,ZNF565
1420,ENSG00000196378,ZNF34
1421,ENSG00000196381,ZNF781
1422,ENSG00000196387,ZNF140
1423,ENSG00000196391,ZNF774
1424,ENSG00000196417,ZNF765
1425,ENSG00000196418,ZNF124
1426,ENSG00000196428,TSC22D2
1427,ENSG00000196437,ZNF569
1428,ENSG00000196453,ZNF777
1429,ENSG00000196456,ZNF775
1430,ENSG00000196458,ZNF605
1431,ENSG00000196460,RFX8
1432,ENSG00000196466,ZNF799
1433,ENSG00000196482,ESRRG
1434,ENSG00000196498,NCOR2
1435,ENSG00000196597,ZNF782
1436,ENSG00000196605,ZNF846
1437,ENSG00000196628,TCF4
1438,ENSG00000196646,ZNF136
1439,ENSG00000196652,ZKSCAN5
1440,ENSG00000196653,ZNF502
1441,ENSG00000196670,ZFP62
1442,ENSG00000196693,ZNF33B
1443,ENSG00000196700,ZNF512B
1444,ENSG00000196705,ZNF431
1445,ENSG00000196724,ZNF418
1446,ENSG00000196757,ZNF700
1447,ENSG00000196767,POU3F4
1448,ENSG00000196793,ZNF239
1449,ENSG00000196812,ZSCAN16
1450,ENSG00000196843,ARID5A
1451,ENSG00000196867,ZFP28
1452,ENSG00000196946,ZNF705A
1453,ENSG00000196967,ZNF585A
1454,ENSG00000197008,ZNF138
1455,ENSG00000197013,ZNF429
1456,ENSG00000197016,ZNF470
1457,ENSG00000197020,ZNF100
1458,ENSG00000197024,ZNF398
1459,ENSG00000197037,ZSCAN25
1460,ENSG00000197044,ZNF441
1461,ENSG00000197050,ZNF420
1462,ENSG00000197054,ZNF763
1463,ENSG00000197062,ZSCAN26
1464,ENSG00000197063,MAFG
1465,ENSG00000197114,ZGPAT
1466,ENSG00000197123,ZNF679
1467,ENSG00000197124,ZNF682
1468,ENSG00000197128,ZNF772
1469,ENSG00000197134,ZNF257
1470,ENSG00000197162,ZNF785
1471,ENSG00000197213,ZSCAN5B
1472,ENSG00000197279,ZNF165
1473,ENSG00000197343,ZNF655
1474,ENSG00000197360,ZNF98
1475,ENSG00000197362,ZNF786
1476,ENSG00000197363,ZNF517
1477,ENSG00000197372,ZNF675
1478,ENSG00000197385,ZNF860
1479,ENSG00000197472,ZNF695
1480,ENSG00000197483,ZNF628
1481,ENSG00000197497,ZNF665
1482,ENSG00000197566,ZNF624
1483,ENSG00000197576,HOXA4
1484,ENSG00000197579,TOPORS
1485,ENSG00000197587,DMBX1
1486,ENSG00000197608,ZNF841
1487,ENSG00000197619,ZNF615
1488,ENSG00000197647,ZNF433
1489,ENSG00000197714,ZNF460
1490,ENSG00000197757,HOXC6
1491,ENSG00000197779,ZNF81
1492,ENSG00000197782,ZNF780A
1493,ENSG00000197808,ZNF461
1494,ENSG00000197841,ZNF181
1495,ENSG00000197857,ZNF44
1496,ENSG00000197863,ZNF790
1497,ENSG00000197905,TEAD4
1498,ENSG00000197921,HES5
1499,ENSG00000197928,ZNF677
1500,ENSG00000197933,ZNF823
1501,ENSG00000197935,ZNF311
1502,ENSG00000197937,ZNF347
1503,ENSG00000197951,ZNF71
1504,ENSG00000197961,ZNF121
1505,ENSG00000198026,ZNF335
1506,ENSG00000198028,ZNF560
1507,ENSG00000198039,ZNF273
1508,ENSG00000198040,ZNF84
1509,ENSG00000198046,ZNF667
1510,ENSG00000198081,ZBTB14
1511,ENSG00000198093,ZNF649
1512,ENSG00000198105,ZNF248
1513,ENSG00000198131,ZNF544
1514,ENSG00000198146,ZNF770
1515,ENSG00000198160,MIER1
1516,ENSG00000198169,ZNF251
1517,ENSG00000198176,TFDP1
1518,ENSG00000198182,ZNF607
1519,ENSG00000198185,ZNF334
1520,ENSG00000198205,ZXDA
1521,ENSG00000198298,ZNF485
1522,ENSG00000198300,PEG3
1523,ENSG00000198315,ZKSCAN8
1524,ENSG00000198342,ZNF442
1525,ENSG00000198346,ZNF813
1526,ENSG00000198353,HOXC4
1527,ENSG00000198393,ZNF26
1528,ENSG00000198429,ZNF69
1529,ENSG00000198440,ZNF583
1530,ENSG00000198453,ZNF568
1531,ENSG00000198455,ZXDB
1532,ENSG00000198464,ZNF480
1533,ENSG00000198466,ZNF587
1534,ENSG00000198482,ZNF808
1535,ENSG00000198517,MAFK
1536,ENSG00000198521,ZNF43
1537,ENSG00000198538,ZNF28
1538,ENSG00000198546,ZNF511
1539,ENSG00000198551,ZNF627
1540,ENSG00000198556,ZNF789
1541,ENSG00000198597,ZNF536
1542,ENSG00000198633,ZNF534
1543,ENSG00000198715,GLMP
1544,ENSG00000198740,ZNF652
1545,ENSG00000198783,ZNF830
1546,ENSG00000198795,ZNF521
1547,ENSG00000198807,PAX9
1548,ENSG00000198815,FOXJ3
1549,ENSG00000198816,ZNF358
1550,ENSG00000198824,CHAMP1
1551,ENSG00000198839,ZNF277
1552,ENSG00000198846,TOX
1553,ENSG00000198911,SREBF2
1554,ENSG00000198914,POU3F3
1555,ENSG00000198939,ZFP2
1556,ENSG00000198945,L3MBTL3
1557,ENSG00000198963,RORB
1558,ENSG00000203326,ZNF525
1559,ENSG00000203883,SOX18
1560,ENSG00000203989,RHOXF2B
1561,ENSG00000204060,FOXO6
1562,ENSG00000204103,MAFB
1563,ENSG00000204231,RXRB
1564,ENSG00000204304,PBX2
1565,ENSG00000204335,SP5
1566,ENSG00000204366,ZBTB12
1567,ENSG00000204498,NFKBIL1
1568,ENSG00000204514,ZNF814
1569,ENSG00000204519,ZNF551
1570,ENSG00000204524,ZNF805
1571,ENSG00000204531,POU5F1
1572,ENSG00000204532,ZSCAN5C
1573,ENSG00000204595,DPRX
1574,ENSG00000204604,ZNF468
1575,ENSG00000204611,ZNF616
1576,ENSG00000204612,FOXB2
1577,ENSG00000204644,ZFP57
1578,ENSG00000204779,FOXD4L5
1579,ENSG00000204859,ZBTB48
1580,ENSG00000204920,ZNF155
1581,ENSG00000204946,ZNF783
1582,ENSG00000204947,ZNF425
1583,ENSG00000205143,ARID3C
1584,ENSG00000205189,ZBTB10
1585,ENSG00000205250,E2F4
1586,ENSG00000205683,DPF3
1587,ENSG00000205857,NANOGNB
1588,ENSG00000205899,BHLHA9
1589,ENSG00000205903,ZNF316
1590,ENSG00000205922,ONECUT3
1591,ENSG00000205927,OLIG2
1592,ENSG00000212993,POU5F1B
1593,ENSG00000213015,ZNF580
1594,ENSG00000213020,ZNF611
1595,ENSG00000213096,ZNF254
1596,ENSG00000213347,MXD3
1597,ENSG00000213588,ZBTB9
1598,ENSG00000213676,ATF6B
1599,ENSG00000213762,ZNF134
1600,ENSG00000213793,ZNF888
1601,ENSG00000213799,ZNF845
1602,ENSG00000213921,LEUTX
1603,ENSG00000213928,IRF9
1604,ENSG00000213967,ZNF726
1605,ENSG00000213973,ZNF99
1606,ENSG00000213988,ZNF90
1607,ENSG00000213999,MEF2B
1608,ENSG00000214022,REPIN1
1609,ENSG00000214029,ZNF891
1610,ENSG00000214189,ZNF788
1611,ENSG00000214336,FOXI3
1612,ENSG00000214513,NOTO
1613,ENSG00000214534,ZNF705E
1614,ENSG00000214575,CPEB1
1615,ENSG00000214652,ZNF727
1616,ENSG00000214717,ZBED1
1617,ENSG00000215271,HOMEZ
1618,ENSG00000215343,ZNF705D
1619,ENSG00000215356,ZNF705B
1620,ENSG00000215372,ZNF705G
1621,ENSG00000215397,SCRT2
1622,ENSG00000215421,ZNF407
1623,ENSG00000215474,SKOR2
1624,ENSG00000215612,HMX1
1625,ENSG00000217236,SP9
1626,ENSG00000218891,ZNF579
1627,ENSG00000220201,ZGLP1
1628,ENSG00000221818,EBF2
1629,ENSG00000221869,CEBPD
1630,ENSG00000221923,ZNF880
1631,ENSG00000221944,TIGD1
1632,ENSG00000221994,ZNF630
1633,ENSG00000223547,ZNF844
1634,ENSG00000223614,ZNF735
1635,ENSG00000225614,ZNF469
1636,ENSG00000227059,ANHX
1637,ENSG00000227124,ZNF717
1638,ENSG00000228623,ZNF883
1639,ENSG00000229544,NKX1-2
1640,ENSG00000229676,ZNF492
1641,ENSG00000229809,ZNF688
1642,ENSG00000230257,NFE4
1643,ENSG00000230797,YY2
1644,ENSG00000232040,ZBED9
1645,ENSG00000232237,ASCL5
1646,ENSG00000233608,TWIST2
1647,ENSG00000233757,AC092835.1
1648,ENSG00000234284,ZNF879
1649,ENSG00000234444,ZNF736
1650,ENSG00000234616,JRK
1651,ENSG00000235109,ZSCAN31
1652,ENSG00000235608,NKX1-1
1653,ENSG00000236104,ZBTB22
1654,ENSG00000236287,ZBED5
1655,ENSG00000236609,ZNF853
1656,ENSG00000237440,ZNF737
1657,ENSG00000237765,FAM200B
1658,ENSG00000242852,ZNF709
1659,ENSG00000243660,ZNF487
1660,ENSG00000243678,NME2
1661,ENSG00000243943,ZNF512
1662,ENSG00000244405,ETV5
1663,ENSG00000245680,ZNF585B
1664,ENSG00000245848,CEBPA
1665,ENSG00000248483,POU5F2
1666,ENSG00000249459,ZNF286B
1667,ENSG00000249471,ZNF324B
1668,ENSG00000249709,ZNF564
1669,ENSG00000249961,TERB1
1670,ENSG00000250312,ZNF718
1671,ENSG00000250571,GLI4
1672,ENSG00000250709,CCDC169-SOHLH2
1673,ENSG00000251192,ZNF674
1674,ENSG00000251247,ZNF345
1675,ENSG00000251369,ZNF550
1676,ENSG00000251493,FOXD1
1677,ENSG00000253293,HOXA10
1678,ENSG00000253831,ETV3L
1679,ENSG00000254004,ZNF260
1680,ENSG00000255009,UBTFL1
1681,ENSG00000255192,NANOGP8
1682,ENSG00000256087,ZNF432
1683,ENSG00000256223,ZNF10
1684,ENSG00000256229,ZNF486
1685,ENSG00000256294,ZNF225
1686,ENSG00000256463,SALL3
1687,ENSG00000256683,ZNF350
1688,ENSG00000256771,ZNF253
1689,ENSG00000257315,ZBED6
1690,ENSG00000257446,ZNF878
1691,ENSG00000257591,ZNF625
1692,ENSG00000257923,CUX1
1693,ENSG00000258405,ZNF578
1694,ENSG00000258873,DUXA
1695,ENSG00000260027,HOXB7
1696,ENSG00000260428,SCX
1697,ENSG00000260596,DUX4
1698,ENSG00000261221,ZNF865
1699,ENSG00000261678,SCRT1
1700,ENSG00000261787,TCF24
1701,ENSG00000263001,GTF2I
1702,ENSG00000263002,ZNF234
1703,ENSG00000264668,AC138696.1
1704,ENSG00000265763,ZNF488
1705,ENSG00000266265,KLF14
1706,ENSG00000267041,ZNF850
1707,ENSG00000267179,AC008770.3
1708,ENSG00000267281,AC023509.3
1709,ENSG00000267508,ZNF285
1710,ENSG00000267680,ZNF224
1711,ENSG00000268738,HSFX2
1712,ENSG00000269067,ZNF728
1713,ENSG00000269343,ZNF587B
1714,ENSG00000269404,SPIB
1715,ENSG00000269502,DMRTC1
1716,ENSG00000269699,ZIM2
1717,ENSG00000272333,KMT2B
1718,ENSG00000272602,ZNF595
1719,ENSG00000273274,ZBTB8B
1720,ENSG00000273514,FOXD4L6
1721,ENSG00000273706,LHX1
1722,ENSG00000274349,ZNF658
1723,ENSG00000274529,SEBOX
1724,ENSG00000275004,ZNF280B
1725,ENSG00000275111,ZNF2
1726,ENSG00000275410,HNF1B
1727,ENSG00000276644,DACH1
1728,ENSG00000277258,PCGF2
1729,ENSG00000277462,ZNF670
1730,ENSG00000278129,ZNF8
1731,ENSG00000278318,ZNF229
1732,ENSG00000278570,NR2E3
1733,ENSG00000290292,HOMEZ
