,Prot1,Prot2,Attractive e (mf),Repulsive e (mf),Total e (mf),Attractive e (cf),Repulsive e (cf),Total e (cf)
0,0.0,Staller2022_syntheticDBD,-0.2646991822832762,0.18423677413635314,-0.07531625035476175,-1.5139981701799967,0.23542540124724218,-2.2458951461652035
1,1.0,Staller2022_syntheticDBD,-2.0563929827395406,,-2.96494586541096,-3.181734009607027,,-4.85891510475432
2,2.0,Staller2022_syntheticDBD,-5.501233663150566,,-8.930400534599512,-6.235972252169092,,-9.774115911806728
3,3.0,Staller2022_syntheticDBD,-4.151730714036471,,-6.5513949292736635,-5.188357238493336,,-8.219007892100183
4,4.0,Staller2022_syntheticDBD,-3.4896775596469793,,-5.771060009895616,-5.445961813790891,,-7.682421696959029
5,5.0,Staller2022_syntheticDBD,-3.008273868572518,,-5.2791938964913765,-5.197314935130403,,-7.467237952837767
6,6.0,Staller2022_syntheticDBD,-2.9109639117231865,,-4.858351347325895,-5.145771125495308,,-7.316190694411926
7,7.0,Staller2022_syntheticDBD,-3.046591222366623,,-4.4543247222601465,-4.602208326235094,,-5.9582005599897165
8,8.0,Staller2022_syntheticDBD,-3.0357807810904,,-4.440172500963147,-4.362744850749164,,-5.902068729087951
9,9.0,Staller2022_syntheticDBD,-2.705754550494368,,-4.256650729081966,-3.873622329803056,,-6.335202270771646
10,10.0,Staller2022_syntheticDBD,-4.390735184937135,,-7.618021568541945,-5.089393279822663,,-8.7104273748018
11,11.0,Staller2022_syntheticDBD,-3.285780182516784,,-5.51447527042952,-4.368952673270439,,-7.545632381331561
12,12.0,Staller2022_syntheticDBD,-3.4654433047992343,,-5.733472320466358,-5.266857286931203,,-7.405610523319453
13,13.0,Staller2022_syntheticDBD,-2.9976717082069597,,-5.256009928027545,-5.118772996544064,,-7.2963043085588275
14,14.0,Staller2022_syntheticDBD,-2.9020261272409456,,-4.8426637676939475,-5.079526916961866,,-7.2004569204176185
15,15.0,Staller2022_syntheticDBD,-5.431639736355316,,-8.816456130957034,-5.719326214714681,,-8.931997997347903
16,16.0,Staller2022_syntheticDBD,-4.109311434272348,,-6.483924207828691,-4.872975369597345,,-7.7195690884156605
17,17.0,Staller2022_syntheticDBD,-2.986651174845169,,-4.103106533706071,-5.125196721050069,,-7.352595886887194
18,18.0,Staller2022_syntheticDBD,-2.5375047373927684,,-3.8634501621010626,-3.933958056601747,,-6.404461378448811
19,19.0,Staller2022_syntheticDBD,-2.321173556257115,,-4.323306216358231,-4.0504010831590405,,-7.152212215664026
20,20.0,Staller2022_syntheticDBD,-2.8640077388913943,,-4.40387231337779,-4.376669541810649,,-6.781477638639895
21,21.0,Staller2022_syntheticDBD,-2.693596155683495,,-4.232077156681773,-3.7834793145425656,,-6.153600559642623
22,22.0,Staller2022_syntheticDBD,-2.1337541537447273,,-3.315294446964372,-4.39400711113983,,-6.726197487995059
23,23.0,Staller2022_syntheticDBD,-2.186161092157689,,-3.3436742831789834,-4.11481156644793,,-6.33796737096095
24,24.0,Staller2022_syntheticDBD,-4.352028433761815,,-7.540970052360544,-4.801276149029538,,-8.139786600557496
25,25.0,Staller2022_syntheticDBD,-3.267155681399581,,-5.475706245645556,-4.229516285467112,,-7.257136814151881
26,26.0,Staller2022_syntheticDBD,-2.445325442141477,,-3.802437642264495,-4.22776982710425,,-6.9588593438346
27,27.0,Staller2022_syntheticDBD,-2.9677896015132097,,-4.045933503807001,-4.9527384468324644,,-7.09797952979347
28,28.0,Staller2022_syntheticDBD,-1.5045155970801636,,-2.23443375709968,-3.503745933373333,,-5.7789704254702485
29,29.0,Staller2022_syntheticDBD,-2.056794070050511,,-2.090077221596804,-4.372271214100696,,-4.506823941574552
30,30.0,Staller2022_syntheticDBD,-2.0805606287322864,,-2.111609608379066,-4.54691628796095,,-4.6640810338610095
31,31.0,Staller2022_syntheticDBD,-2.08768988094921,,-2.0686649317859835,-2.9023558421421445,,-3.139610973722233
32,32.0,Staller2022_syntheticDBD,-2.067825431771699,,-2.0518489827594353,-4.436853450071163,,-4.677467789551493
33,33.0,Staller2022_syntheticDBD,-3.342866892840186,,-3.317303797190557,-5.5967588370163766,,-5.867783910419181
34,34.0,Staller2022_syntheticDBD,-2.1288283440420885,,-2.1107048965028556,-3.0716929120420824,,-3.3114730541839403
35,35.0,Staller2022_syntheticDBD,-3.208773985715188,,-3.1809171269317034,-5.759433884962691,,-6.016704689675651
36,36.0,Staller2022_syntheticDBD,-3.1677908725124486,,-3.140787299785977,-5.441710848324775,,-5.711587757521498
37,37.0,Staller2022_syntheticDBD,-0.7255790391807294,0.2866332342670918,-1.162631546500025,-2.6709897339791677,,-2.8401752431389475
38,38.0,Staller2022_syntheticDBD,-1.7816798681212793,,-2.4707643151885144,-3.9687304516855098,,-4.282072615272657
39,39.0,Staller2022_syntheticDBD,-1.8959586518621847,,-3.0043882087680194,-4.160254682973118,,-5.295871524841498
40,40.0,Staller2022_syntheticDBD,,2.6955902185352425,4.472792562756265,-0.323434977883078,1.4009969921639926,2.3281837284959863
41,41.0,Staller2022_syntheticDBD,-0.6768455796900865,1.545204865697465,1.3996400810857246,-1.539713697319024,0.8746765503017822,-1.5015486562557712
42,42.0,Staller2022_syntheticDBD,-1.34686041802286,,-1.558160641643295,-2.6120112371196353,,-3.768783266044391
43,43.0,Staller2022_syntheticDBD,-0.5532220006440268,0.7167877858818635,1.3953905244427034,-1.0370812775712284,0.40776304998872404,-0.10406453319918896
44,44.0,Staller2022_syntheticDBD,-1.4101838597150005,0.539850108474152,-1.0537245686283718,-2.420382325024108,0.3001182050670489,-3.4686369426115
45,45.0,Staller2022_syntheticDBD,-2.039406033076631,,-2.0719601007685586,-4.245337995720193,,-4.376329284731291
46,46.0,Staller2022_syntheticDBD,-1.5319479468969597,,-2.1399648637376574,-3.693707674222362,,-5.24606448422043
47,47.0,Staller2022_syntheticDBD,-4.21370901786858,,-5.740876355877266,-5.59480286370172,,-6.872536441571665
48,48.0,Staller2022_syntheticDBD,-4.126707551192989,,-5.348477242092596,-5.5871522627874715,,-6.790169098560916
49,49.0,Staller2022_syntheticDBD,-4.205877156912733,,-5.717692387413437,-5.536821101647597,,-6.701602797292729
50,50.0,Staller2022_syntheticDBD,-4.120540066120459,,-5.33278966246065,-5.541468230786244,,-6.674435324566613
51,51.0,Staller2022_syntheticDBD,-2.076658519228022,,-2.1068931706233522,-2.8377736061716763,,-2.9689671257452854
52,52.0,Staller2022_syntheticDBD,-4.283058041617646,,-4.287095470243821,-6.026390117107673,,-6.1845802625633475
53,53.0,Staller2022_syntheticDBD,-3.6370286984454085,,-3.6486801568602436,-5.378313208210472,,-5.5223482128367785
54,54.0,Staller2022_syntheticDBD,-2.8045719327130296,,-2.8311946013605453,-5.024059016165591,,-5.1907136424129305
55,55.0,Staller2022_syntheticDBD,-5.578744675477882,,-5.565765615543027,-6.829155743216477,,-7.013244035609803
56,56.0,Staller2022_syntheticDBD,-2.7897687744713093,,-2.815537547930875,-5.089358098860249,,-5.256878440184009
57,57.0,Staller2022_syntheticDBD,-2.6331752828823585,,-2.658473048796055,-5.106811277462214,,-5.274207953034557
58,58.0,Staller2022_syntheticDBD,-2.3536919152323668,,-2.3830137415826336,-4.732897669321037,,-4.883894926798254
59,59.0,Staller2022_syntheticDBD,-5.509489737006565,,-5.496213710151531,-6.316831001267285,,-6.500443102773003
60,60.0,Staller2022_syntheticDBD,-2.7735575813901456,,-2.7991551663307463,-4.969167411846261,,-5.135810632764649
61,61.0,Staller2022_syntheticDBD,-2.6169640898011943,,-2.6420906671959257,-4.986620590448226,,-5.153140145615195
62,62.0,Staller2022_syntheticDBD,-2.345586318691785,,-2.3748225507825693,-4.672802325814043,,-4.823361023088573
63,63.0,Staller2022_syntheticDBD,-2.3731103619614355,,-2.3998079406162995,-5.51935539598908,,-5.654752333162342
64,64.0,Staller2022_syntheticDBD,,2.4781110563889133,2.417342586722979,-0.5797157551265308,0.7111118184183213,-0.12919795554284974
65,65.0,Staller2022_syntheticDBD,-0.9779099311759656,,-1.0165441563050948,-3.4072099752823544,,-3.545932437032498
66,66.0,Staller2022_syntheticDBD,-0.8334875875483124,0.042835065665151856,-0.8594796571702741,-3.4246631538843197,,-3.563261949883046
67,67.0,Staller2022_syntheticDBD,-1.4477624935846949,,-1.4835170457697426,-3.89182360753209,,-4.028421925222499
68,68.0,Staller2022_syntheticDBD,-5.03801967000506,,-5.037494480907348,-6.352241860195031,,-6.536476194524804
69,69.0,Staller2022_syntheticDBD,-2.4928709292894538,,-2.5226010279450453,-4.728731643639907,,-4.8798074549603
70,70.0,Staller2022_syntheticDBD,-4.983744114483601,,-4.982935353179618,-5.95059668872191,,-6.134075002257255
71,71.0,Staller2022_syntheticDBD,-2.4847653327488723,,-2.5144098371449806,-4.668636300132913,,-4.819273551250621
72,72.0,Staller2022_syntheticDBD,,1.239146906220475,1.1840743497495456,-1.0918132912023177,0.3417653464449092,-1.0916391395710736
73,73.0,Staller2022_syntheticDBD,-1.5869415076417819,,-1.6231043321321543,-3.8876575818509593,,-4.024334453384544
74,74.0,Staller2022_syntheticDBD,-0.32619553431192605,0.05599644364452138,-0.3015103884472152,-4.957950990825719,,-5.0992814720063535
75,75.0,Staller2022_syntheticDBD,-1.8034245277500598,,-1.8353854070858189,-4.465199733651473,,-4.599302794209848
76,76.0,Staller2022_syntheticDBD,-2.0574365771704604,,-2.0906089516271074,-4.380011276318194,,-4.5132295103062745
77,77.0,Staller2022_syntheticDBD,-2.036473772032163,,-2.0716813945768155,-4.223297667614503,,-4.3714491201886325
78,78.0,Staller2022_syntheticDBD,-2.054816994607189,,-2.0917558885179313,-4.372336889933714,,-4.536333802780305
79,79.0,Staller2022_syntheticDBD,-0.1644795528368749,0.2234676239219921,0.014784831621956318,-2.280543129078065,,-2.3767605391307143
80,80.0,Staller2022_syntheticDBD,-0.8169856341846099,,-0.8687863572763459,-3.406537178580307,,-3.533998953252052
81,81.0,Staller2022_syntheticDBD,-2.063704273433677,,-2.096984553730344,-4.423146867515424,,-4.5575016006505535
82,82.0,Staller2022_syntheticDBD,-1.42925399428987,,-1.469195829112949,-2.886066221105056,,-3.0163527015112948
83,83.0,Staller2022_syntheticDBD,-1.7382198796663557,,-1.7750041790954683,-3.5997790564706795,,-3.733637207629286
84,84.0,Staller2022_syntheticDBD,-2.893291581169372,,-2.9150001417297124,-4.8275658928390435,,-4.962174797971052
85,85.0,Staller2022_syntheticDBD,-2.8783121982195152,,-2.900007364065946,-4.716886322362974,,-4.8517750574017935
86,86.0,Staller2022_syntheticDBD,-1.1136024255281116,,-1.1534607701206019,-3.37931944337904,,-3.522965772857816
87,87.0,Staller2022_syntheticDBD,-1.5463350615306022,,-1.5778315267884837,-4.525718323137038,,-4.6643344278375025
88,88.0,Staller2022_syntheticDBD,-2.7028234132227484,,-2.728492534980383,-5.020348122997895,,-5.169055991301114
89,89.0,Staller2022_syntheticDBD,-1.1645150808448652,,-1.2065060326985027,-3.2462771645984527,,-3.3495855274532165
90,90.0,Staller2022_syntheticDBD,-2.3430866026511747,,-2.374476695953547,-4.6377889911813925,,-4.786269003534542
91,91.0,Staller2022_syntheticDBD,-1.756326963809371,,-1.7911862680492434,-2.5872032050093896,,-2.720638185941791
92,92.0,Staller2022_syntheticDBD,-1.7478281846740253,,-1.7842688716142843,-3.6585583787350706,,-3.7895394354565575
93,93.0,Staller2022_syntheticDBD,-4.009272459938224,,-4.015382369076046,-5.656774179718572,,-5.807838680603846
94,94.0,Staller2022_syntheticDBD,-3.7654452996472574,,-3.780047754426194,-5.540486751917468,,-5.708141824742549
95,95.0,Staller2022_syntheticDBD,-3.3344257638740844,,-3.359409970704217,-6.0985263268998375,,-6.266458765028764
96,96.0,Staller2022_syntheticDBD,-3.5235634403173153,,-3.5411312333121945,-5.584584036864104,,-5.764919042560894
97,97.0,Staller2022_syntheticDBD,-3.244128899681799,,-3.2675669859549226,-5.797487707151081,,-5.965197380202657
98,98.0,Staller2022_syntheticDBD,-3.971208097497928,,-3.9772056229484463,-5.375319695259439,,-5.526505295755657
99,99.0,Staller2022_syntheticDBD,-3.7342547236162367,,-3.748672595162299,-5.309616494427411,,-5.47667427675394
100,100.0,Staller2022_syntheticDBD,-0.0420721756648712,0.46305087086037433,0.4071930699550679,-1.946383245550078,0.010290665363115514,-2.0739476288016263
101,101.0,Staller2022_syntheticDBD,-0.26659579097741976,0.19370016069203952,-0.21951499119130435,-2.410092178879571,,-2.5579867964778096
102,102.0,Staller2022_syntheticDBD,-1.0395959769296992,,-1.0684478977665162,-4.711575362238596,,-4.849292133108101
103,103.0,Staller2022_syntheticDBD,-0.62591301912129,,-0.653829518334363,-4.789547130326129,,-4.931653279586298
104,104.0,Staller2022_syntheticDBD,-2.3362774377005024,,-2.3655365288102246,-4.746184822241872,,-4.897136967810848
105,105.0,Staller2022_syntheticDBD,-2.3281718411599206,,-2.3573453380101603,-4.686089478734878,,-4.836603064101167
106,106.0,Staller2022_syntheticDBD,-1.4303480160528306,,-1.4660398329973336,-3.9051107604529247,,-4.041663966235092
107,107.0,Staller2022_syntheticDBD,-2.056794070050511,,-2.090077221596803,-4.372271214100694,,-4.506823941574545
108,108.0,Staller2022_syntheticDBD,-1.6468310361611083,,-1.6783209079509982,-4.482652912253438,,-4.616632307060394
109,109.0,Staller2022_syntheticDBD,-1.7435787951063526,,-1.7808101733968051,-4.194235965597912,,-4.323990060213937
110,110.0,Staller2022_syntheticDBD,-2.2306298705549654,,-2.264583810934961,-4.564476524175041,,-4.699179040840633
111,111.0,Staller2022_syntheticDBD,-2.091330615065997,,-2.125340538150951,-4.513617339246551,,-4.648263830769238
112,112.0,Staller2022_syntheticDBD,-2.5169224031556294,,-2.5489832852917047,-4.82999430125574,,-4.97862410280063
113,113.0,Staller2022_syntheticDBD,-2.3776231476666605,,-2.4097400125076947,-4.779135116327249,,-4.927708892729228
114,114.0,Staller2022_syntheticDBD,-2.0405828769693475,,-2.0736948399966746,-4.252080527086707,,-4.385756134155194
115,115.0,Staller2022_syntheticDBD,-2.0581081287476652,,-2.091357863344283,-4.3623196896991345,,-4.497272609581746
116,116.0,Staller2022_syntheticDBD,-0.3292102798366272,0.13754386030684332,-0.291083829971023,-2.690123090522801,,-2.7958779384230414
117,117.0,Staller2022_syntheticDBD,-2.056794070050511,,-2.090077221596805,-4.372271214100695,,-4.506823941574551
118,118.0,Staller2022_syntheticDBD,-0.6779012669717228,,-0.7156459798783512,-3.845207394123827,,-3.945814620073646
119,119.0,Staller2022_syntheticDBD,-2.0523641358451323,,-2.0884677246774617,-4.337327164691153,,-4.489312378666904
120,120.0,Staller2022_syntheticDBD,-2.9449172550198566,,-2.9707116769016517,-5.955583329287153,,-6.118700986649182
121,121.0,Staller2022_syntheticDBD,-2.638883912492607,,-2.668505432223263,-5.545556137543567,,-5.708403314511893
122,122.0,Staller2022_syntheticDBD,-2.092983285262773,,-2.1270804954506883,-4.807584575761087,,-4.969449179956536
123,123.0,Staller2022_syntheticDBD,-2.2166971265381767,,-2.253199762833497,-4.248267961746137,,-4.4100787967711135
124,124.0,Staller2022_syntheticDBD,-2.986555513501516,,-3.017518610899578,-5.92996675769226,,-6.093113513044068
125,125.0,Staller2022_syntheticDBD,-3.4664246565332197,,-3.4942314449161245,-6.532199259510191,,-6.695766284447439
126,126.0,Staller2022_syntheticDBD,-2.707957002523579,,-2.739032065331558,-5.82824838783528,,-5.991283092901272
127,127.0,Staller2022_syntheticDBD,-3.048526890066314,,-3.0765016265640943,-6.3796217047247215,,-6.543020654233247
128,128.0,Staller2022_syntheticDBD,-3.0504950142316574,,-3.0775057136566986,-5.404758743146587,,-5.55376618983329
129,129.0,Staller2022_syntheticDBD,-2.7718965032537195,,-2.7990191680886785,-5.3030403732896065,,-5.451935769690497
130,130.0,Staller2022_syntheticDBD,-1.7298605965544673,,-1.767593670859969,-4.093709868184326,,-4.228072810504038
131,131.0,Staller2022_syntheticDBD,-1.4166453216103088,,-1.4583266226599712,-3.915674619681544,,-4.04523892914343
132,132.0,Staller2022_syntheticDBD,-2.2306298705549654,,-2.264583810934961,-4.564476524175041,,-4.699179040840633
133,133.0,Staller2022_syntheticDBD,-2.40446567105942,,-2.439090400273118,-4.756681834249387,,-4.891534140106721
134,134.0,Staller2022_syntheticDBD,-2.091330615065997,,-2.125340538150951,-4.513617339246551,,-4.648263830769238
135,135.0,Staller2022_syntheticDBD,-2.1258671600814827,,-2.160603854705098,-4.654963464392408,,-4.789703719963931
136,136.0,Staller2022_syntheticDBD,-2.041814687100654,,-2.075084443933037,-4.261591643624625,,-4.3964242010052885
137,137.0,Staller2022_syntheticDBD,-2.0256034940194905,,-2.058702062332908,-4.141400956610637,,-4.275356393585936
138,138.0,Staller2022_syntheticDBD,,0.5916586012347458,0.5312570790316729,-2.352871317884762,,-2.5007738270636803
139,139.0,Staller2022_syntheticDBD,,2.40351744453009,2.3302504706574547,-0.795154268311746,0.2588501232589797,-0.789827823912173
140,140.0,Staller2022_syntheticDBD,-0.19937523907519022,0.14136168626040785,-0.10528430735406769,-4.068704762939517,,-4.208665942029311
141,141.0,Staller2022_syntheticDBD,,1.3214912828934304,1.2691469343643824,-3.5416409429626494,,-3.647656620528405
142,142.0,Staller2022_syntheticDBD,-0.10006072057797397,0.5626806841182292,0.5073870918583356,-5.133017304145159,,-5.278208942957809
143,143.0,Staller2022_syntheticDBD,-1.4108759713925214,,-1.441106306212423,-4.56229427888338,,-4.6958691186831025
144,144.0,Staller2022_syntheticDBD,-1.6642455136929728,,-1.6957981207234063,-4.469365759332602,,-4.6033902660478
145,145.0,Staller2022_syntheticDBD,-1.25428247980357,,-1.2840418070776023,-4.579747457485346,,-4.713198631533649
146,146.0,Staller2022_syntheticDBD,-2.7207819629703445,,-2.7488211192926144,-5.903766016137772,,-6.039462531694518
147,147.0,Staller2022_syntheticDBD,-2.4421834519924075,,-2.4703345737245943,-5.802047646280793,,-5.937632111551721
148,148.0,Staller2022_syntheticDBD,-3.7731187387219105,,-3.7909124449013234,-6.102171263459926,,-6.269959565155849
149,149.0,Staller2022_syntheticDBD,-3.462123604225109,,-3.4813745149520194,-6.193099382765322,,-6.360565616045452
150,150.0,Staller2022_syntheticDBD,-4.506207700967682,,-4.521213103551028,-6.339339758582203,,-6.484123709167211
151,151.0,Staller2022_syntheticDBD,-5.4999086451488255,,-5.508641595610922,-7.371827287628097,,-7.531065957425955
152,152.0,Staller2022_syntheticDBD,-3.809711423522837,,-3.824996739630981,-6.0850438339397535,,-6.22954765881023
153,153.0,Staller2022_syntheticDBD,-4.524813856726046,,-4.533938686122853,-7.015812993128666,,-7.174659486926174
154,154.0,Staller2022_syntheticDBD,-3.2784868324352825,,-2.932446774574405,-4.606696337106211,0.27772097597473605,-3.687371104006555
155,155.0,Staller2022_syntheticDBD,-3.407449396907543,,-3.49451410353472,-4.874102581327146,0.27772097597473605,-4.769849928990489
156,156.0,Staller2022_syntheticDBD,-3.4953489548729815,,-3.570541091702691,-5.1867256131548185,,-5.546442917570673
157,157.0,Staller2022_syntheticDBD,-3.5760146303786913,,-3.919701799575696,-5.309910329183899,,-5.9868700061852
158,158.0,Staller2022_syntheticDBD,,0.9510234280063701,1.0096410381034073,-1.7199159046696761,0.566924285315632,-0.506492044353898
159,159.0,Staller2022_syntheticDBD,-2.433383638514343,,-2.818881324589138,-4.154639755454119,0.19498946441733972,-4.613170677806142
160,160.0,Staller2022_syntheticDBD,-4.979107878940241,,-6.031571817073441,-6.366327749159045,,-7.829048440065154
161,161.0,Staller2022_syntheticDBD,-5.966790007174942,,-6.991976686071926,-7.438763967766612,,-8.881917192174157
162,162.0,Staller2022_syntheticDBD,-4.251878627476219,,-5.125217470898513,-6.4078331937110065,,-7.712940690729042
163,163.0,Staller2022_syntheticDBD,-3.8064346947827445,,-4.50921904776545,-4.049646773417969,0.32399257056450187,-4.701006507317562
164,164.0,Staller2022_syntheticDBD,-5.496209690903511,,-6.343442482637839,-6.338972818815065,,-7.333441149713234
165,165.0,Staller2022_syntheticDBD,-3.8060738563117704,,-4.510103664242642,-5.476879582811115,,-6.3765380673185845
166,166.0,Staller2022_syntheticDBD,-3.798584164836842,,-4.50260727541076,-5.421539797573079,,-6.321338197033956
167,167.0,Staller2022_syntheticDBD,-5.107211799641748,,-5.805792738156342,-6.705672987469558,,-7.641889300416583
168,168.0,Staller2022_syntheticDBD,-5.545812111498911,,-6.238911122846066,-7.2952401648779395,,-8.212312911129235
169,169.0,Staller2022_syntheticDBD,-3.7878447463305416,,-4.4925403356832385,-5.344577054407862,,-6.2499249261771475
170,170.0,Staller2022_syntheticDBD,-3.818666448440372,,-4.528360092582615,-5.564423338073836,,-6.50619511501046
171,171.0,Staller2022_syntheticDBD,-2.1139031962071053,,-2.8422930442483176,-3.907029053844465,,-4.794521273567575
172,172.0,Staller2022_syntheticDBD,-3.798584164836843,,-4.5026072754107584,-5.421539797573079,,-6.321338197033956
173,173.0,Staller2022_syntheticDBD,-4.551533764559771,,-5.247714789750026,-6.617648111686433,,-7.540547583629724
174,174.0,Staller2022_syntheticDBD,-4.844486156056591,,-5.540270593073512,-7.21798886302822,,-8.164006916762467
175,175.0,Staller2022_syntheticDBD,-4.324442624505246,,-5.0523394492443,-5.793026938770488,,-6.724331413594122
176,176.0,Staller2022_syntheticDBD,-3.493932447895631,,-4.199678631248794,-3.351667840792912,0.43860486266757626,-3.945501946359183
177,177.0,Staller2022_syntheticDBD,-2.1195348913550354,,-2.3595310587804637,-3.6561159565146473,0.01840678902090115,-3.9216929168538357
178,178.0,Staller2022_syntheticDBD,-3.4821285879854287,,-4.189302536596356,-4.659775880128289,0.06330376681806182,-5.548853820631333
179,179.0,Staller2022_syntheticDBD,-3.8780959400375052,,-4.887510000363547,-5.373850613249294,,-6.348505669760076
180,180.0,Staller2022_syntheticDBD,-3.8764315641541893,,-4.8800136115316635,-5.3615528831963974,,-6.293305799475444
181,181.0,Staller2022_syntheticDBD,-3.6621319088896547,,-3.9330435576185616,-5.1002380919640675,,-5.183659501765394
182,182.0,Staller2022_syntheticDBD,-3.710428797856205,,-4.1459501787058715,-5.2430152963059635,,-5.825711238134801
183,183.0,Staller2022_syntheticDBD,-3.7910944733619147,,-4.4951108865788765,-5.366200012335045,,-6.266138326749328
184,184.0,Staller2022_syntheticDBD,-3.477879198417756,,-4.185843838378878,-5.188164763832261,,-6.08330444538872
185,185.0,Staller2022_syntheticDBD,-3.964930273866368,,-4.669617475917034,-5.55840532240939,,-6.458493426015412
186,186.0,Staller2022_syntheticDBD,-3.8256310183774005,,-4.530374203133023,-5.5075461374809,,-6.407578215944017
187,187.0,Staller2022_syntheticDBD,-3.7601886141030825,,-4.454849734546736,-5.137251456965694,,-5.968802841625987
188,188.0,Staller2022_syntheticDBD,-3.504390883256292,,-4.474469677272344,-4.951349903734345,,-6.112255710070475
189,189.0,Staller2022_syntheticDBD,-0.7036632376218653,0.44450388943767316,0.057342339417665755,-1.9353473523454596,0.4156274722571716,-1.6794001524516347
190,190.0,Staller2022_syntheticDBD,-3.5547910208769045,,-4.4715189232332015,-5.050345746160853,,-6.084937198034439
191,191.0,Staller2022_syntheticDBD,-3.6859928872876915,,-4.487686179809177,-4.694512393401784,,-6.208172959780381
192,192.0,Staller2022_syntheticDBD,-1.0624296022718396,0.05024599396121799,-1.004688581484297,-4.0848517602724845,,-4.621325252122254
193,193.0,Staller2022_syntheticDBD,-3.849407418333166,,-4.552086147234505,-5.955128023870226,,-6.865835954720051
194,194.0,Staller2022_syntheticDBD,-3.9731212596085697,,-4.678205414617313,-5.395811409855276,,-6.3064655715346305
195,195.0,Staller2022_syntheticDBD,-4.652799136569216,,-5.401352627920616,-6.1560814133553645,,-7.109041612126294
196,196.0,Staller2022_syntheticDBD,-4.389678320645609,,-5.122866082352596,-6.060014064045994,,-7.007211191983501
197,197.0,Staller2022_syntheticDBD,-5.532465328271537,,-6.248748141400963,-8.490845898238312,,-9.443870027547856
198,198.0,Staller2022_syntheticDBD,-5.004170173636224,,-5.697621872788877,-8.066692488198415,,-8.99480784508198
199,199.0,Staller2022_syntheticDBD,-5.699513375654042,,-6.395648230141509,-8.835513728495801,,-9.764228242146324
200,200.0,Staller2022_syntheticDBD,-6.5561650423533235,,-7.295787677429907,-9.622721613120575,,-10.598000623144376
201,201.0,Staller2022_syntheticDBD,-5.142316353698166,,-5.838675139005469,-8.63207698878184,,-9.560567401860737
202,202.0,Staller2022_syntheticDBD,-5.735847204473841,,-6.460328040725848,-9.323217524097243,,-10.292509362715997
203,203.0,Staller2022_syntheticDBD,-3.7680094938714754,,-4.471926918115043,-5.195425098351981,,-6.095204682470392
204,204.0,Staller2022_syntheticDBD,-0.39889981160557364,0.27613093790492027,-0.8871047652437749,-2.0781486598382015,0.34538560693003784,-2.861810002350296
205,205.0,Staller2022_syntheticDBD,-1.0192078447891861,0.07224265545091492,-1.7366632179526311,-4.336126472453333,,-5.220198734524693
206,206.0,Staller2022_syntheticDBD,-3.7925705449404106,,-4.497186947669438,-5.391079387826016,,-6.295273981484826
207,207.0,Staller2022_syntheticDBD,-5.340713833711049,,-6.028430150427072,-7.081375420857596,,-8.00602767151473
208,208.0,Staller2022_syntheticDBD,-6.4426490492055395,,-7.390482018666784,-7.385423951442062,,-8.487571745309758
209,209.0,Staller2022_syntheticDBD,-5.684241991543377,,-6.555022381962722,-7.108523944609171,,-8.182080484881375
210,210.0,Staller2022_syntheticDBD,-4.502974783760431,,-5.474230649574827,-6.685463086040618,,-8.097650889261214
211,211.0,Staller2022_syntheticDBD,-7.164325521761183,,-8.388029400777187,-8.76284499272322,,-10.420757986302856
212,212.0,Staller2022_syntheticDBD,-4.3017647480541426,,-5.195744104006807,-6.611999818921688,,-7.995820469118421
213,213.0,Staller2022_syntheticDBD,-6.204708428392733,,-7.274083218505105,-8.412481718771401,,-10.01343630573168
214,214.0,Staller2022_syntheticDBD,-3.7736295077745354,,-4.471232116146863,-5.236881967447466,,-6.089870649045341
215,215.0,Staller2022_syntheticDBD,-3.7196386690252647,,-4.4077869956508895,-4.837158498095053,,-5.621601519643068
216,216.0,Staller2022_syntheticDBD,-1.0634357092093072,0.22898746363999517,-0.9420745121758696,-2.9859280167467395,0.4879102312236929,-3.1711831687692182
217,217.0,Staller2022_syntheticDBD,,6.165086748347558,7.07099132127492,-0.11753394669975419,3.187327427566794,3.9294000190513856
218,218.0,Staller2022_syntheticDBD,-1.6071966942365907,,-1.7910074187510814,-4.785085657314384,,-5.462488505399509
219,219.0,Staller2022_syntheticDBD,,3.760407103996996,4.311911526595617,-3.21188398652672,,-3.5194843316647955
220,220.0,Staller2022_syntheticDBD,-1.8778544881266899,,-3.4217787996371616,-3.528625478417825,,-6.31194282135262
221,221.0,Staller2022_syntheticDBD,-1.950401350508474,,-3.422490516337671,-3.789800209577012,,-6.3384765444493
222,222.0,Staller2022_syntheticDBD,-1.4846059293467913,,-1.9799225966573584,-2.453143960600288,0.2741880897009849,-3.368378788405426
223,223.0,Staller2022_syntheticDBD,-1.606158484042086,,-2.1203061230422824,-3.5751669440344287,,-4.7596085437666815
224,224.0,Staller2022_syntheticDBD,-2.070608221679383,,-3.1088586323167995,-4.760438409998867,,-6.141144428836768
225,225.0,Staller2022_syntheticDBD,-2.1365901164537378,,-3.4295759048089938,-4.8091854369445795,,-6.512891602036202
226,226.0,Staller2022_syntheticDBD,-1.2497848161394265,0.03743329821216357,-2.2255253506744506,-4.5931998811388945,,-5.895968376870851
227,227.0,Staller2022_syntheticDBD,-4.012834129650961,,-5.985055704148347,-5.800417858625336,,-9.312729188148754
228,228.0,Staller2022_syntheticDBD,-3.330215029652413,,-5.021472073868799,-4.650271518288602,,-7.45370740533868
229,229.0,Staller2022_syntheticDBD,-4.715046841963649,,-6.32232313261148,-5.441301537247636,,-8.419908758734387
230,230.0,Staller2022_syntheticDBD,-3.0761226510165622,,-4.316516376603293,-4.843482311932025,,-7.752944263748084
231,231.0,Staller2022_syntheticDBD,-4.645057952986924,,-6.222990718516089,-4.918980423981324,,-7.682652046946181
232,232.0,Staller2022_syntheticDBD,-3.0350998570252528,,-4.253173779419139,-4.537331605811748,,-7.282846985439367
233,233.0,Staller2022_syntheticDBD,-2.492119570839781,,-3.4164495298098645,-6.496894465795386,,-10.09864389588406
234,234.0,Staller2022_syntheticDBD,,3.4907512643219265,5.199852386505929,-0.3484932413645523,1.4335783837345795,1.518470191007932
235,235.0,Staller2022_syntheticDBD,,1.6044851020522328,2.842724412636529,-1.0555895637148494,0.40557003387160867,-1.1095298203007573
236,236.0,Staller2022_syntheticDBD,-3.2976665861923387,,-4.214961981199433,-4.05602985873983,,-6.341367740059155
237,237.0,Staller2022_syntheticDBD,-3.2682770564742873,,-4.177582560351832,-3.8365900052838833,,-6.063540239729573
238,238.0,Staller2022_syntheticDBD,-1.6839952301216137,,-2.2274826503763654,-3.5509794802871815,,-5.687466924692263
239,239.0,Staller2022_syntheticDBD,-0.34534825264068486,0.5951807448049196,0.15789966682911682,-1.532017198316858,0.27374202936825204,-2.8945290086667264
240,240.0,Staller2022_syntheticDBD,-1.7071915753607518,,-2.2905422840677696,-3.4461076151593786,,-5.407781733099558
241,241.0,Staller2022_syntheticDBD,-0.7021057330741707,0.141076331027243,-0.9038441642136821,-3.753759761701136,,-5.82360206833096
242,242.0,Staller2022_syntheticDBD,-1.8054745355409483,,-2.497210111182677,-3.6577113612082233,,-5.903985960657582
243,243.0,Staller2022_syntheticDBD,-2.204734022515889,,-3.07771845988219,-4.502017108677346,,-7.15305425773623
244,244.0,Staller2022_syntheticDBD,-0.1694834008123871,0.3923971216401714,0.6975396684965771,-1.7328287584431168,0.037929786147585104,-2.8627384269230376
245,245.0,Staller2022_syntheticDBD,-0.5651873564378666,0.27622100844626407,-0.5298926757378766,-2.250287440331375,,-3.933175075505474
246,246.0,Staller2022_syntheticDBD,-1.6937337162413497,,-2.2256842238000036,-3.642181905648714,,-5.71982180308386
247,247.0,Staller2022_syntheticDBD,-1.6839034961805062,,-2.210691446136237,-3.5695484375237934,,-5.609422062514604
248,248.0,Staller2022_syntheticDBD,-3.955066923503324,,-4.626293309263865,-4.984071668147674,,-7.126081264369706
249,249.0,Staller2022_syntheticDBD,-3.1341377639777352,,-3.782438174851192,-3.9223571976626252,,-5.9683842266734
250,250.0,Staller2022_syntheticDBD,-3.9054134024338176,,-4.572531506816134,-4.614393455924244,,-6.727185956620765
251,251.0,Staller2022_syntheticDBD,-3.1077878329624022,,-3.753249944803655,-3.7254530980218012,,-5.751090630053493
252,252.0,Staller2022_syntheticDBD,-2.887077105462701,,-3.8966915616473683,-4.646967860337996,,-7.021317584820583
253,253.0,Staller2022_syntheticDBD,,1.8201058406901396,1.5455617303904656,-0.8027358687709556,0.5688086163322222,-1.9682965298257677
254,254.0,Staller2022_syntheticDBD,-0.3168654036136562,0.3576383589619239,-0.30907322263553283,-1.6369360536177329,0.28389862822994066,-3.3770184968567243
255,255.0,Staller2022_syntheticDBD,-0.7615878772225416,0.07948962543703254,-1.1585359787246663,-3.718911566869595,,-5.731123215695657
256,256.0,Staller2022_syntheticDBD,-0.19542283373603825,0.5826486322011238,0.05925574944033585,-4.022971796137896,,-6.047306271140609
257,257.0,Staller2022_syntheticDBD,-1.6284596504665054,,-2.185326136097843,-3.5920281449239795,,-5.455313888476081
258,258.0,Staller2022_syntheticDBD,-1.4828082471490378,,-1.9705171558663075,-2.585786656677251,0.06034803175603585,-4.411800001359932
259,259.0,Staller2022_syntheticDBD,-1.3325805030369477,,-1.8594885239198033,-1.8095793550875967,0.32098142884035047,-3.5901904596308434
260,260.0,Staller2022_syntheticDBD,-2.4925141077108663,,-3.038859000916962,-4.540038935305454,,-6.6513853262165945
261,261.0,Staller2022_syntheticDBD,-2.4692105176566934,,-3.0142854285167706,-4.3672648227228485,,-6.469783615087568
262,262.0,Staller2022_syntheticDBD,-0.367018825126955,0.3952293502327456,-0.3403689134782901,-2.121951007662232,,-4.08496632148934
263,263.0,Staller2022_syntheticDBD,-1.318474212785636,,-1.844667507448806,-2.5644861820445337,,-4.5790616653803475
264,264.0,Staller2022_syntheticDBD,-1.6370484031697914,,-2.1597405499501408,-3.3369783396745487,,-5.352248399325607
265,265.0,Staller2022_syntheticDBD,-1.3101149296737475,,-1.8372569992133068,-3.058416993758181,,-5.0734972682550925
266,266.0,Staller2022_syntheticDBD,-1.8108842036742456,,-2.334247139288297,-3.5291836497488953,,-5.5446034985916945
267,267.0,Staller2022_syntheticDBD,-2.0356001476278007,,-2.845371452944385,-4.326113094479574,,-7.052497827636188
268,268.0,Staller2022_syntheticDBD,-1.9936546995592164,,-2.514300248609051,-4.2260488935007885,,-6.25141872600156
269,269.0,Staller2022_syntheticDBD,-1.991782671097556,,-2.512164919387642,-3.8006625324039707,,-5.824950542939824
270,270.0,Staller2022_syntheticDBD,-1.3933734896715788,,-1.4800368400889194,-2.678863880685634,0.11271816725367804,-3.99157617190712
271,271.0,Staller2022_syntheticDBD,-2.0391699229878424,,-2.7045552643787047,-3.1853972236693444,,-5.044082917481408
272,272.0,Staller2022_syntheticDBD,-1.904579262480598,,-2.0012139529004154,-2.3437139274246968,0.2587307496291865,-4.4175216213903745
273,273.0,Staller2022_syntheticDBD,-2.6626641503981556,,-3.5694351082227405,-3.857151585428779,,-6.054697610021201
274,274.0,Staller2022_syntheticDBD,-2.651012355371069,,-3.553052726622613,-3.7707645291374754,,-5.93362980260185
275,275.0,Staller2022_syntheticDBD,-1.3603906067796274,,-1.7704417165969604,-2.6481076216071675,,-4.343751606869695
276,276.0,Staller2022_syntheticDBD,-1.83801128794281,,-2.1884965090283197,-2.6622515899475605,0.0057737065364990015,-5.4054958376875
277,277.0,Staller2022_syntheticDBD,-2.1678549391003505,,-3.1972019349771967,-3.6649198389028563,,-6.2049341998154866
278,278.0,Staller2022_syntheticDBD,-2.152668734082146,,-3.1666241009933014,-3.550323040211124,,-5.976972536345478
279,279.0,Staller2022_syntheticDBD,-0.6686688849704456,0.39723650365113,0.36405207101106285,-2.368039298105859,0.27358306393670656,-2.9834117626711745
280,280.0,Staller2022_syntheticDBD,-1.9295850894101092,,-2.2310311672915244,-3.212399606263672,,-5.746361388442697
281,281.0,Staller2022_syntheticDBD,-1.0384077899295339,0.08655649393405143,-0.9675715222698358,-2.956254432555609,,-4.42325163993786
282,282.0,Staller2022_syntheticDBD,-1.6814151682461207,,-2.209996644168056,-3.550957932945326,,-5.604088029089553
283,283.0,Staller2022_syntheticDBD,-1.677427858840827,,-2.2053799611567255,-2.748098498341908,0.16909518466240242,-3.890336414248143
284,284.0,Staller2022_syntheticDBD,-1.8043966106227798,,-2.505002652220134,-3.602957201826181,,-5.841440646438091
285,285.0,Staller2022_syntheticDBD,-1.8546553586409127,,-2.631121919602945,-3.3757348273826078,,-5.2820702632526775
286,286.0,Staller2022_syntheticDBD,-1.671584948185277,,-2.1950038665042895,-3.478324464820405,,-5.4936882885203
287,287.0,Staller2022_syntheticDBD,-1.6695585490501315,,-2.1868126757042257,-3.4633006289436565,,-5.433154384810621
288,288.0,Staller2022_syntheticDBD,-1.144294015069306,0.7940555563529346,0.4510394232539463,-2.392514149553177,0.1838929696710811,-3.309406002400568
289,289.0,Staller2022_syntheticDBD,-1.135524377679443,0.35874119222511364,-0.18561240836760184,-3.286987487831277,,-5.025742998205562
290,290.0,Staller2022_syntheticDBD,-0.8654236599135462,0.12816463302247014,-0.4856020783175179,-3.5464187122703246,,-5.346084508181033
291,291.0,Staller2022_syntheticDBD,-2.165618471602011,,-2.6866715087257997,-3.9928678424783155,,-6.017305642205905
292,292.0,Staller2022_syntheticDBD,-2.026319216113042,,-2.5474282359417906,-3.9420086575498257,,-5.96639043213451
293,293.0,Staller2022_syntheticDBD,-2.0708444351602173,,-2.7755122152038023,-4.3226302122895275,,-6.74275658559894
294,294.0,Staller2022_syntheticDBD,-2.3098686608538426,,-3.124525393880118,-4.586912513641754,,-7.127466784131116
295,295.0,Staller2022_syntheticDBD,-2.1183321845565106,,-2.846038848312096,-4.51698113436508,,-7.025636363988326
296,296.0,Staller2022_syntheticDBD,-2.2311654231953124,,-3.194384631620701,-4.542344068313214,,-7.4372080261683635
297,297.0,Staller2022_syntheticDBD,-2.074453760770222,,-2.915898086052681,-4.485127485268661,,-7.33537760602557
298,298.0,Staller2022_syntheticDBD,-2.377668286555379,,-3.4627083495599003,-4.217789416236341,,-6.761541913353671
299,299.0,Staller2022_syntheticDBD,-1.9697414913408084,,-2.4901432637816674,-3.909891470968494,,-5.925641514654092
300,300.0,Staller2022_syntheticDBD,-1.2938084036505135,,-1.8193857729192144,-3.3781919684494452,,-5.376959570162629
301,301.0,Staller2022_syntheticDBD,-1.417522244925917,,-1.9455050403020229,-2.818875354434496,,-4.817589186977209
302,302.0,Staller2022_syntheticDBD,-0.5915725380869076,0.12263962749837805,-0.9772121383392829,-3.782384694088707,,-5.809871343965245
303,303.0,Staller2022_syntheticDBD,-1.5345522059246408,,-2.1823078499716653,-3.3634343155571296,,-5.456859863235625
304,304.0,Staller2022_syntheticDBD,-1.5143385062628814,,-2.166898516983392,-3.3752120359323534,,-5.353640209994872
305,305.0,Staller2022_syntheticDBD,-1.6597345059072308,,-2.17931628687234,-3.3905592286943937,,-5.377954514525992
306,306.0,Staller2022_syntheticDBD,-1.6577081067720851,,-2.1711250960722763,-3.3755353928176453,,-5.317420610816313
307,307.0,Staller2022_syntheticDBD,-0.13711292091069377,1.1601228074780165,1.3498413170986572,-1.3613723863875735,0.29745988889249175,-2.459267034249862
308,308.0,Staller2022_syntheticDBD,,2.4579883547899084,3.995884606856893,-0.5839029226661189,0.5902051226370766,-0.2749847481301302
309,309.0,Staller2022_syntheticDBD,-0.28222998784917375,0.7396573585887215,0.5009084105234454,-2.8821280961427345,,-4.750572370880153
310,310.0,Staller2022_syntheticDBD,-0.12403815032542091,1.461159673626534,2.510299868660132,-2.690791119153607,,-4.282627080565412
311,311.0,Staller2022_syntheticDBD,-1.8815276982616471,,-2.671716700520835,-3.74180118436575,,-6.09634105992367
312,312.0,Staller2022_syntheticDBD,-2.5198114109302128,,-3.6012382278966637,-4.850389233187098,,-7.730119555534493
313,313.0,Staller2022_syntheticDBD,-1.8205842739852234,,-2.532473427736824,-3.719550290959535,,-6.0454258498522755
314,314.0,Staller2022_syntheticDBD,-2.267331510356457,,-3.1835084095446327,-4.758206960504211,,-7.577373925320302
315,315.0,Staller2022_syntheticDBD,-0.002639174939517819,1.4887846423662483,2.4395214995593353,-4.144528451780537,,-6.064580950796458
316,316.0,Staller2022_syntheticDBD,-0.29198527396899454,0.6189353968497278,1.143945963493291,-3.884973222211359,,-5.772075929111828
317,317.0,Staller2022_syntheticDBD,-3.4047575234881666,,-4.812502244515124,-7.505972343685705,,-11.637484690012759
318,318.0,Staller2022_syntheticDBD,-2.673436432171081,,-3.698556062243042,-7.238961622811132,,-11.23016300944158
319,319.0,Staller2022_syntheticDBD,-0.9576575362973133,0.17675701506933048,-0.7288129578803257,-3.711098902354024,,-6.0304153577221555
320,320.0,Staller2022_syntheticDBD,-1.5948632174547663,0.08042823458850645,-2.1156597929106127,-3.8250528645281108,,-6.406278028946662
321,321.0,Staller2022_syntheticDBD,-0.2579873549814521,0.9831455404078028,1.2876769373796115,-4.083285688195253,,-6.4474278659722835
322,322.0,Staller2022_syntheticDBD,-1.0002909799333632,0.6342735035560222,-0.5109262112964821,-4.100655664485689,,-6.71348217171094
323,323.0,Staller2022_syntheticDBD,-4.231988244769269,,-6.592031377912217,-5.647336564299274,,-9.18490329873347
324,324.0,Staller2022_syntheticDBD,-5.2840084208397835,,-8.079134776206239,-7.205919188543992,,-11.620990379341801
325,325.0,Staller2022_syntheticDBD,-3.5093733569202445,,-5.338841922856125,-5.383504542482731,,-8.726666408090896
326,326.0,Staller2022_syntheticDBD,-4.2653826150767005,,-6.408215502798114,-6.834011398754409,,-11.010007858485043
327,327.0,Staller2022_syntheticDBD,-3.385225646606157,,-4.819166435673047,-5.226760708203792,,-7.988099932966158
328,328.0,Staller2022_syntheticDBD,-3.140677699912415,,-4.543707128459625,-4.8995863010802605,,-7.5977869067298585
329,329.0,Staller2022_syntheticDBD,-3.354035070575137,,-4.7796000856090854,-4.995890450713734,,-7.696098481267867
330,330.0,Staller2022_syntheticDBD,-3.1165795208544034,,-4.512331969195729,-4.721299469158824,,-7.366319358741251
331,331.0,Staller2022_syntheticDBD,-2.900752012123338,,-4.212628357787228,-6.309475125597597,,-9.23007705366063
332,332.0,Staller2022_syntheticDBD,-0.4869611326162306,0.6070971888338675,-0.35913697662526545,-2.1040996033716493,0.12313923988610552,-3.9824719031256635
333,333.0,Staller2022_syntheticDBD,-0.7329818127797334,0.5066901976116419,-0.9831743652247322,-2.512051141054586,0.14507869455288336,-4.4476318784651205
334,334.0,Staller2022_syntheticDBD,-2.951702661230384,,-4.057938814867347,-5.066992220330542,,-7.121753491897511
335,335.0,Staller2022_syntheticDBD,-2.103846334305766,,-3.3349843481791153,-3.8751081561089222,,-5.817286012616506
336,336.0,Staller2022_syntheticDBD,-3.321367170073602,,-5.314320160421122,-4.744883970101729,,-7.73942308840228
337,337.0,Staller2022_syntheticDBD,-2.347037381877318,,-3.7504041764648823,-4.100795339977392,,-6.715374718287549
338,338.0,Staller2022_syntheticDBD,-0.4718405618451414,0.1542995339627272,-0.27567694860594827,-1.8993428944323265,0.17756195256026763,-2.4661058390706927
339,339.0,Staller2022_syntheticDBD,-1.9369326782275225,,-2.8319970718008562,-3.398413328097389,,-5.220227424464461
340,340.0,Staller2022_syntheticDBD,-0.3815781381930759,0.22015197395585778,-0.010385729282283762,-1.947487860879865,0.0301614854540197,-2.6166962446644284
341,341.0,Staller2022_syntheticDBD,-1.7510314413802048,,-2.5667058524771917,-3.4655745761370116,,-5.370817830058208
342,342.0,Staller2022_syntheticDBD,-3.237800929119078,,-4.98477358929135,-4.645721622821536,,-7.342511430336039
343,343.0,Staller2022_syntheticDBD,-2.8160333769221904,,-4.298012884772642,-4.599522877829973,,-7.303623209369903
344,344.0,Staller2022_syntheticDBD,-3.4531817576905013,,-4.928158969775312,-6.144507193090003,,-8.849996677260428
345,345.0,Staller2022_syntheticDBD,-2.2694436068555848,,-3.4401623586649652,-3.9697384975243506,,-6.3087655422390085
346,346.0,Staller2022_syntheticDBD,-3.1940269544564566,,-4.568418149723257,-5.425367833793228,,-8.027295932633717
347,347.0,Staller2022_syntheticDBD,-2.8926473829984887,,-4.415393864716296,-4.648014006430127,,-7.356701641501164
348,348.0,Staller2022_syntheticDBD,-2.5112358519319105,,-3.862086760200526,-4.217476647551738,,-6.7398606085832
349,349.0,Staller2022_syntheticDBD,-3.417386360477144,,-4.753504419950405,-5.60678583111615,,-8.11639991605485
350,350.0,Staller2022_syntheticDBD,-2.6735418385992276,,-4.017499535296414,-4.750571531312829,,-7.246669880161122
351,351.0,Staller2022_syntheticDBD,-2.506676453877833,,-3.8538955694004606,-4.183673016829054,,-6.6793267048735245
352,352.0,Staller2022_syntheticDBD,-3.2089551622567636,,-4.749101594701673,-5.32945159254122,,-8.040561275186882
353,353.0,Staller2022_syntheticDBD,-2.44276886863871,,-3.6877823111085686,-3.8859520370654295,,-6.167686865307282
354,354.0,Staller2022_syntheticDBD,-2.7399370196683384,,-4.11677857471151,-4.19814584405298,,-6.647381755947897
355,355.0,Staller2022_syntheticDBD,-3.3176538573553107,,-4.845111896950056,-4.47863226317066,,-6.966780404874992
356,356.0,Staller2022_syntheticDBD,-2.7343644220466885,,-4.108587383911446,-4.156830295391922,,-6.586847852238222
357,357.0,Staller2022_syntheticDBD,-2.1171105422855643,,-3.2172818788986213,-3.6199074265730786,,-5.791908754372145
358,358.0,Staller2022_syntheticDBD,-1.9769895610096542,,-3.142048517092441,-2.4683569382166164,0.2671740645788003,-4.678671728416276
359,359.0,Staller2022_syntheticDBD,-1.563933953380033,,-2.530939127462144,-2.4776090252659926,0.0320711295010391,-4.370969332664007
360,360.0,Staller2022_syntheticDBD,-1.9659482539135722,,-3.131179310639464,-3.373296305657786,,-5.707557956048408
361,361.0,Staller2022_syntheticDBD,-0.74286769572081,0.01713717048163293,-0.8732428306573787,-2.4971642311767592,,-3.61275550980368
362,362.0,Staller2022_syntheticDBD,-2.2912726077993235,,-3.4705189078526066,-4.204765604395288,,-6.669546613745837
363,363.0,Staller2022_syntheticDBD,-3.6154455677240995,,-5.808568559178134,-5.064582669611687,,-7.921985114903986
364,364.0,Staller2022_syntheticDBD,-3.3708976210303567,,-5.533109251964712,-4.737408262488156,,-7.5316720886676904
365,365.0,Staller2022_syntheticDBD,-3.5882709206929726,,-5.76209487698063,-4.863318501053268,,-7.579306004129691
366,366.0,Staller2022_syntheticDBD,-3.3508153709722395,,-5.494826760567273,-4.588727519498357,,-7.249526881603071
367,367.0,Staller2022_syntheticDBD,-0.6728789554871711,0.26703385968868454,-0.3564104721817447,-1.979565102520471,0.2220491510929614,-2.537144710445684
368,368.0,Staller2022_syntheticDBD,-1.029504165227468,0.07656374200318497,-0.980447860781215,-2.378366413647491,0.07534845446566978,-3.0023046857851377
369,369.0,Staller2022_syntheticDBD,-1.5671057775044874,,-2.042716118821998,-3.9030136937618445,,-5.9910144239729455
370,370.0,Staller2022_syntheticDBD,-1.20838812285126,,-1.6309598051761913,-3.9995976796454946,,-6.100822789458789
371,371.0,Staller2022_syntheticDBD,-2.5104905653037477,,-3.7050222610657064,-4.344142063059461,,-6.7571901214337515
372,372.0,Staller2022_syntheticDBD,-2.8702308209882887,,-4.435646109297042,-4.613630413982165,,-7.364847653206574
373,373.0,Staller2022_syntheticDBD,-2.5033981683307385,,-3.6968310702656417,-4.291558637490842,,-6.696656217724069
374,374.0,Staller2022_syntheticDBD,-1.717802321362035,,-2.8055255652528164,-3.608202258994134,,-5.901717119857995
375,375.0,Staller2022_syntheticDBD,-1.8665841865562618,,-2.8327814688924438,-2.782124800152836,,-4.495837847055661
376,376.0,Staller2022_syntheticDBD,-1.8639283180764663,,-2.829322770674965,-3.1169232919421113,,-5.030288471813048
377,377.0,Staller2022_syntheticDBD,-2.265942618610005,,-3.429562953852285,-4.016967655935932,,-6.366877095197449
378,378.0,Staller2022_syntheticDBD,-2.2623964201235003,,-3.421371763052221,-3.990675943151621,,-6.306343191487773
379,379.0,Staller2022_syntheticDBD,-1.8550117057642206,,-2.8184535642219863,-3.786080869890869,,-6.05917469944518
380,380.0,Staller2022_syntheticDBD,-2.4941021067721016,,-3.7785761325286007,-4.269237125408511,,-6.751587293729624
381,381.0,Staller2022_syntheticDBD,-2.3112718339428304,,-3.5000895869605806,-4.202484445189868,,-6.649756873586831
382,382.0,Staller2022_syntheticDBD,-1.9072249639567778,,-3.01780664020648,-4.113551641819582,,-6.476685460683296
383,383.0,Staller2022_syntheticDBD,-2.903090999378316,,-4.059709038854956,-5.561951971195962,,-7.913250563087971
384,384.0,Staller2022_syntheticDBD,-2.248953224445486,,-3.4135647920182848,-3.9889462057356635,,-6.338984727508084
385,385.0,Staller2022_syntheticDBD,-3.2507626003872243,,-4.40872221753127,-5.946362591344654,,-8.297960761620146
386,386.0,Staller2022_syntheticDBD,-2.972164089409287,,-4.13023567196325,-5.844644221487674,,-8.19613034147735
387,387.0,Staller2022_syntheticDBD,-2.021608461467247,,-3.4035294103733715,-4.821327611356357,,-6.162873641310785
388,388.0,Staller2022_syntheticDBD,-2.5305188495298245,,-3.409663504273402,-4.4519932863341,,-6.206095923748634
389,389.0,Staller2022_syntheticDBD,-0.16118604550880802,1.019640322247727,1.926461267024731,-1.276772592935524,0.313530445048123,-1.536708604291313
390,390.0,Staller2022_syntheticDBD,-0.2871727317694541,0.4589088939200345,0.6527748173027454,-3.2659331750614915,,-4.986518649243131
391,391.0,Staller2022_syntheticDBD,-2.254538069371284,,-3.4054792746256384,-4.173386552415654,,-6.170132536408101
392,392.0,Staller2022_syntheticDBD,-1.9616988643458992,,-3.1277206124219843,-3.9089738925206268,,-6.242008580805788
393,393.0,Staller2022_syntheticDBD,-1.5507679515001145,,-2.5166112227916857,-3.678087106475565,,-5.934306185053519
394,394.0,Staller2022_syntheticDBD,-2.4397784191144596,,-3.604069543190443,-4.209172966010278,,-6.559232194463537
395,395.0,Staller2022_syntheticDBD,-2.667937907276556,,-3.9530827218667586,-4.461442435482857,,-6.943942392995712
396,396.0,Staller2022_syntheticDBD,-2.300479163625491,,-3.4648262704064337,-4.158313781081787,,-6.508316984392138
397,397.0,Staller2022_syntheticDBD,-2.3458083789583157,,-3.5353529035147275,-4.343830570335723,,-6.791196762781524
398,398.0,Staller2022_syntheticDBD,-1.9443583961348914,,-3.0619967152481955,-4.056230688178541,,-6.381450854155634
399,399.0,Staller2022_syntheticDBD,-2.0564740647907254,,-3.1881159826310066,-3.549350006727493,,-5.822080470970214
400,400.0,Staller2022_syntheticDBD,-2.9145507815370784,,-4.49656927015017,-5.056218563134726,,-7.862181176526654
401,401.0,Staller2022_syntheticDBD,-3.1419755028680427,,-4.821532652787115,-4.959907834219371,,-7.880688507168166
402,402.0,Staller2022_syntheticDBD,-4.126795484645261,,-5.800691916466102,-6.8893027696280935,,-9.811772173590864
403,403.0,Staller2022_syntheticDBD,-2.8807893988262268,,-4.403802834435084,-4.864546862478452,,-7.727942876953971
404,404.0,Staller2022_syntheticDBD,-3.587010869625508,,-5.104475552546051,-6.692223428030195,,-9.557196123233876
405,405.0,Staller2022_syntheticDBD,-3.7701730681639694,,-5.857306535982137,-5.2343503849242214,,-8.304286926666471
406,406.0,Staller2022_syntheticDBD,-3.3435690982290023,,-5.161090172062086,-5.078594131080721,,-8.049710876309486
407,407.0,Staller2022_syntheticDBD,-2.256317222718064,,-3.4131805722521555,-3.9456044355213766,,-6.245809287778094
408,408.0,Staller2022_syntheticDBD,-2.2527710242315595,,-3.4049893814520917,-3.919312722737066,,-6.185275384068419
409,409.0,Staller2022_syntheticDBD,-1.5494543542597377,0.3108466267852375,-1.6305695622265066,-3.018192207561557,,-4.65593109204594
410,410.0,Staller2022_syntheticDBD,,2.011892145027117,3.725454658650511,-0.47639569835517026,0.3552014176147953,0.17423739886019263
411,411.0,Staller2022_syntheticDBD,-1.5304187047428057,0.09397330425511671,-2.055131712133834,-3.704023512824666,,-5.805867773696548
412,412.0,Staller2022_syntheticDBD,-0.15882126132401336,1.016238344108135,2.0272060590211973,-2.952989031950226,,-4.425509327742233
413,413.0,Staller2022_syntheticDBD,-2.3904963320034316,,-3.9249107658030384,-4.148846667495977,,-6.907729817553637
414,414.0,Staller2022_syntheticDBD,-3.897198259244607,,-6.361359696450068,-5.381564059723001,,-8.893553683998803
415,415.0,Staller2022_syntheticDBD,-2.3556715181311896,,-3.7856674930190293,-4.136131871263855,,-6.856814607482242
416,416.0,Staller2022_syntheticDBD,-3.435769475437398,,-5.5259000597460055,-5.213093009647378,,-8.58806242357042
417,417.0,Staller2022_syntheticDBD,-1.3477790838878867,,-2.0916527765546986,-3.566459051980241,,-4.9785233963182485
418,418.0,Staller2022_syntheticDBD,-1.127876315820263,0.18951173152096423,-1.8321072717999431,-4.301265332641268,,-6.738937215095412
419,419.0,Staller2022_syntheticDBD,-0.8046840905463711,0.16571908156813644,-1.4203509581541418,-4.3978493185249175,,-6.848745580581259
420,420.0,Staller2022_syntheticDBD,-3.596095214141156,,-5.085161304478017,-7.078296365894982,,-10.191852549991069
421,421.0,Staller2022_syntheticDBD,-3.0388981921852807,,-4.388944940557966,-6.874859626181022,,-9.937276499634084
422,422.0,Staller2022_syntheticDBD,-0.3254250815838444,0.26011195172382784,-0.3082318972412441,-3.045524610363525,,-3.521853088012133
423,423.0,Staller2022_syntheticDBD,-1.0877694183829973,0.17352581749423188,-1.8694968936239533,-3.517725367191786,,-4.81316188149022
424,424.0,Staller2022_syntheticDBD,-0.11472087128095627,0.6671760435961401,0.40819861128607826,-2.955800190790526,,-3.439900057794123
425,425.0,Staller2022_syntheticDBD,-0.934776706197226,0.23325073401697186,-1.6174221768371249,-3.7616342333055433,,-5.059669536793869
426,426.0,Staller2022_syntheticDBD,-2.3377949108623914,,-3.7131598730361226,-3.493938712228606,,-5.046771353512369
427,427.0,Staller2022_syntheticDBD,-1.5241348064610147,0.052735401559457884,-2.6330021823697134,-2.9773798004961765,0.08274077473143948,-3.918087706988608
428,428.0,Staller2022_syntheticDBD,-1.9895878071749329,,-3.105001237444962,-3.8020953570468214,,-4.766387469796129
429,429.0,Staller2022_syntheticDBD,-2.3292961317270464,,-3.7062424766011626,-4.565293885954287,,-6.115672603027132
430,430.0,Staller2022_syntheticDBD,-5.719965117810349,,-7.470437313479259,-8.13332979747172,,-10.475015483174694
431,431.0,Staller2022_syntheticDBD,-3.2222917805213034,,-4.971702854147482,-5.593978977029277,,-7.83856361211302
432,432.0,Staller2022_syntheticDBD,-2.4688405793595916,,-4.050661348729676,-5.080535470094477,,-7.131333148856019
433,433.0,Staller2022_syntheticDBD,-2.4477411390604664,,-4.027579903577663,-4.9220621404688405,,-6.958571355670646
434,434.0,Staller2022_syntheticDBD,-3.432559401720443,,-5.033586078591882,-6.022861808427929,,-8.141636920234777
435,435.0,Staller2022_syntheticDBD,-3.0363696547989916,,-4.63991099000968,-6.190354805637596,,-8.286953804252931
436,436.0,Staller2022_syntheticDBD,-4.323761135013657,,-5.87461375661119,-5.976348188560678,,-8.001869046621028
437,437.0,Staller2022_syntheticDBD,-3.098463066031565,,-4.869239213033858,-5.406723753319952,,-7.708642199255298
438,438.0,Staller2022_syntheticDBD,-2.996451951855815,,-4.56703296835547,-5.270048022738757,,-7.298344527118012
439,439.0,Staller2022_syntheticDBD,-2.714898118812397,,-4.288418687022757,-5.049994126238438,,-7.069247983695615
440,440.0,Staller2022_syntheticDBD,-3.864248924645371,,-5.4206663192911035,-5.807674440495437,,-7.836144584280458
441,441.0,Staller2022_syntheticDBD,-3.826365432836088,,-5.4056569203696165,-6.21089245227844,,-8.20434544620543
442,442.0,Staller2022_syntheticDBD,-3.624367514078738,,-5.225075921825315,-6.664178315737967,,-8.796330754882149
443,443.0,Staller2022_syntheticDBD,-3.3565049703428946,,-4.937200352770157,-6.150586048682731,,-8.180451480345436
444,444.0,Staller2022_syntheticDBD,-2.785551279505169,,-4.36602574624534,-5.1458014621794375,,-7.164924126263607
445,445.0,Staller2022_syntheticDBD,-4.135054696563468,,-5.700213930934837,-6.463870128050314,,-8.47629463770167
446,446.0,Staller2022_syntheticDBD,-3.173861160734052,,-4.74654481346985,-5.305041484929529,,-7.3149543542256055
447,447.0,Staller2022_syntheticDBD,-3.5006364330772186,,-5.068594995767739,-5.646351088812268,,-7.656666142007214
448,448.0,Staller2022_syntheticDBD,-4.1200753136136115,,-5.685221153271071,-6.353190557574243,,-8.365894897132414
449,449.0,Staller2022_syntheticDBD,-3.1663714692591234,,-4.739048424637967,-5.249701699691494,,-7.259754483940974
450,450.0,Staller2022_syntheticDBD,-2.2118674243233536,,-3.792078370724864,-4.142510219961691,,-6.150108186230927
451,451.0,Staller2022_syntheticDBD,-2.389394320942159,,-4.11855929086141,-5.424859833238068,,-7.52038173103934
452,452.0,Staller2022_syntheticDBD,-1.5392349690411558,,-2.4582171397137786,-4.403381455683986,,-5.587217046839346
453,453.0,Staller2022_syntheticDBD,-3.015189372759595,,-4.590656742621305,-5.880366799015541,,-7.8940531943992625
454,454.0,Staller2022_syntheticDBD,-3.3903969605022453,,-4.958654109277161,-5.943836282621007,,-7.953500206076402
455,455.0,Staller2022_syntheticDBD,-3.382907269027318,,-4.951157720445277,-5.888496497382971,,-7.898300335791774
456,456.0,Staller2022_syntheticDBD,-1.1000818360347808,0.09992529311314531,-1.9938613479732865,-4.069748169997229,,-5.258756361317687
457,457.0,Staller2022_syntheticDBD,-2.4503028649719547,,-4.028066436964187,-4.94348096912586,,-6.96492171578571
458,458.0,Staller2022_syntheticDBD,-1.9230952157866454,,-3.4990648539506104,-3.3171040373082983,,-5.290012877952734
459,459.0,Staller2022_syntheticDBD,-1.9733081611690138,,-3.547313841407381,-2.4941972532662193,0.3752214880966865,-4.3805233074032905
460,460.0,Staller2022_syntheticDBD,-2.063047609288705,,-3.6354965703175166,-4.654265480056637,,-6.641227611431354
461,461.0,Staller2022_syntheticDBD,-1.6245067844902672,0.052735401559457884,-2.931744697580724,-3.1976033307324734,0.08274077473143948,-4.594575026561802
462,462.0,Staller2022_syntheticDBD,-1.9564500989217797,,-3.5329859367369245,-3.95320847050692,,-5.943860159792806
463,463.0,Staller2022_syntheticDBD,-2.2553676241683753,,-3.8304784024740153,-4.592802329425877,,-6.5998048233342494
464,464.0,Staller2022_syntheticDBD,-1.9522007093541067,,-3.529527238519445,-4.488886057369761,,-6.478310784550192
465,465.0,Staller2022_syntheticDBD,-1.6181191718773644,0.0583104565137423,-2.921368602928287,-4.320884847198785,,-6.197926900833963
466,466.0,Staller2022_syntheticDBD,-3.1554729064421925,,-4.725663356750042,-5.720112338606985,,-7.744305115380396
467,467.0,Staller2022_syntheticDBD,-3.007917072596623,,-4.917693654381895,-5.085198327795805,,-7.158390925147437
468,468.0,Staller2022_syntheticDBD,-2.9106071157472915,,-4.496851105216414,-5.033654518160711,,-7.007343666721596
469,469.0,Staller2022_syntheticDBD,-2.9926206022311184,,-4.895793544584587,-4.972338009469559,,-6.997313525502168
470,470.0,Staller2022_syntheticDBD,-2.8969750212651046,,-4.48244738425099,-4.933091929887361,,-6.901466137360959
471,471.0,Staller2022_syntheticDBD,-2.726979118281377,,-4.314715710831671,-5.869103097557077,,-7.940088314188124
472,472.0,Staller2022_syntheticDBD,-1.1329429969834375,0.16489400305790758,-2.1632283295441788,-3.2957426905062723,,-4.3364636408977795
473,473.0,Staller2022_syntheticDBD,-1.200121049699484,0.07561174720504636,-2.696852223123684,-3.4872669217938808,,-5.350262550466621
474,474.0,Staller2022_syntheticDBD,-2.0849304821936556,,-3.3897661865430013,-3.8907648301088495,,-5.050604076383639
475,475.0,Staller2022_syntheticDBD,-2.0894951001207165,,-3.4037437526559726,-4.0218091105927565,,-5.442874789369331
476,476.0,Staller2022_syntheticDBD,-2.5265133815221614,,-4.425827540977655,-4.8365514491353165,,-6.943207181026175
477,477.0,Staller2022_syntheticDBD,-2.5248490056388437,,-4.41833115214577,-4.82425371908242,,-6.888007310741543
478,478.0,Staller2022_syntheticDBD,-2.3149246409319244,,-3.471361098232669,-4.593483408212613,,-5.778361013031493
479,479.0,Staller2022_syntheticDBD,-2.3632215298984742,,-3.684267719319979,-4.73626061255451,,-6.420412749400899
480,480.0,Staller2022_syntheticDBD,-2.4292034246728296,,-4.004984991812173,-4.785007639500222,,-6.792159922600334
481,481.0,Staller2022_syntheticDBD,-2.4237996936457753,,-3.9886026102120455,-4.744944077162226,,-6.671092115180976
482,482.0,Staller2022_syntheticDBD,-2.0847735561566356,,-3.3968263562210153,-4.617006429329246,,-6.511776038884104
483,483.0,Staller2022_syntheticDBD,-2.6223543141222234,,-4.353998170488489,-4.998569095138385,,-7.176870121132509
484,484.0,Staller2022_syntheticDBD,-2.4675773635789247,,-4.075511624920467,-4.942058889662284,,-7.075039700989713
485,485.0,Staller2022_syntheticDBD,-1.5414049005048518,,-2.800934437677629,-4.569022083694538,,-6.175236697434983
486,486.0,Staller2022_syntheticDBD,-1.6073867952792065,,-3.1216517101698242,-4.61776911064025,,-6.546983870634417
487,487.0,Staller2022_syntheticDBD,-3.0553356303453465,,-4.663728889507987,-6.232157572141952,,-8.3247985127203
488,488.0,Staller2022_syntheticDBD,-2.792214814421739,,-4.385242343939965,-6.136090222832582,,-8.222968092577503
489,489.0,Staller2022_syntheticDBD,-2.289904169183861,,-3.865741719028164,-4.734148454571732,,-6.741244712528939
490,490.0,Staller2022_syntheticDBD,-2.328278108089956,,-3.936268352136458,-4.891199704733793,,-7.024124490918318
491,491.0,Staller2022_syntheticDBD,-0.570746435870077,0.9772458325098178,0.3769932751514977,-2.6018069669273793,,-3.268666852364131
492,492.0,Staller2022_syntheticDBD,-0.6087853699347782,0.6212403053356133,-0.6843164029970996,-4.586776111207632,,-6.139224543155191
493,493.0,Staller2022_syntheticDBD,-2.646539425022306,,-4.217891612899484,-5.4275050590387535,,-7.434211658969744
494,494.0,Staller2022_syntheticDBD,-3.035639325143715,,-4.065327057949883,-5.445369712449059,,-7.154067709797335
495,495.0,Staller2022_syntheticDBD,-2.4946489469565574,,-4.0349584628123685,-5.076744956498444,,-7.0009560592082885
496,496.0,Staller2022_syntheticDBD,-2.8887339193168513,,-4.462925276360913,-5.242199436312785,,-7.261603082961702
497,497.0,Staller2022_syntheticDBD,-3.3441235528647244,,-4.9160461470317856,-5.65445864288745,,-7.683054725650184
498,498.0,Staller2022_syntheticDBD,-3.5040799338752917,,-5.392758981048332,-5.855202810160093,,-8.285707497053558
499,499.0,Staller2022_syntheticDBD,-3.1790483377343643,,-4.975029162696299,-5.736531378660283,,-8.132961866839366
500,500.0,Staller2022_syntheticDBD,-5.366775938040384,,-6.921653292640135,-7.129580049006754,,-9.155999642217552
501,501.0,Staller2022_syntheticDBD,-4.530980405106571,,-6.086193655936075,-6.824424939435814,,-8.850508381789169
502,502.0,Staller2022_syntheticDBD,-3.3647261668629618,,-4.988924168685996,-6.553409280222473,,-8.671664002785107
503,503.0,Staller2022_syntheticDBD,-3.101605350939354,,-4.710437623117976,-6.457341930913103,,-8.569833582642314
504,504.0,Staller2022_syntheticDBD,-2.1793664812077584,,-3.6814259085412466,-5.071968736154969,,-7.124329471023309
505,505.0,Staller2022_syntheticDBD,-2.289334340119229,,-3.807545175924057,-4.574798412586124,,-6.564959087837888
506,506.0,Staller2022_syntheticDBD,-3.6472237373099694,,-5.495222622161954,-6.063814179433234,,-8.41562890991128
507,507.0,Staller2022_syntheticDBD,-7.516268389689709,,-9.390009796198992,-10.119451334906632,,-12.590921575101653
508,508.0,Staller2022_syntheticDBD,-3.306714446114713,,-5.077492803809925,-5.939491727385815,,-8.262883279697089
509,509.0,Staller2022_syntheticDBD,-6.076842749637034,,-7.858333795574881,-9.593906423978902,,-12.03085426431629
510,510.0,Staller2022_syntheticDBD,-1.5156618989519683,0.0583104565137423,-2.61792336732175,-4.274598893022079,,-6.043150187738018
511,511.0,Staller2022_syntheticDBD,-2.327378604049442,,-3.701539756205638,-4.738721685323515,,-6.637383209504392
512,512.0,Staller2022_syntheticDBD,-1.9829487355332482,,-3.09338112061448,-4.570720475152539,,-6.356999325788163
513,513.0,Staller2022_syntheticDBD,-2.487148691507648,,-4.179491581150331,-4.849076076191671,,-6.984515021866422
514,514.0,Staller2022_syntheticDBD,-2.6802995809570413,,-4.528504759826647,-5.062637531829833,,-7.369225220398597
515,515.0,Staller2022_syntheticDBD,-2.440715606344658,,-4.040248308366322,-4.8321230145488405,,-6.933599811795027
516,516.0,Staller2022_syntheticDBD,-2.4790895452507535,,-4.110774941474616,-4.989174264710903,,-7.216479590184406
517,517.0,Staller2022_syntheticDBD,-2.3397902897617846,,-3.971531668690605,-4.938315079782414,,-7.165564380113008
518,518.0,Staller2022_syntheticDBD,-2.416551750395205,,-3.9825983486283434,-4.689271630197667,,-6.624732162840008
519,519.0,Staller2022_syntheticDBD,-2.4111480193681505,,-3.9662159670282158,-4.649208067859671,,-6.50366435542065
520,520.0,Staller2022_syntheticDBD,-0.45984993512154576,1.7430442926841294,1.2074492924276283,-2.322910474569258,0.30148323517551295,-2.845167312934148
521,521.0,Staller2022_syntheticDBD,,4.2595030706035075,5.589427559391301,-0.9692314596102753,0.9966249659727621,0.6783257573020514
522,522.0,Staller2022_syntheticDBD,-0.6330199779900983,1.0370589535868024,-0.06583962219938222,-4.581859123159673,,-6.273680437040223
523,523.0,Staller2022_syntheticDBD,,2.600292613257263,3.2548289666156904,-4.383627594867083,,-5.620745057595077
524,524.0,Staller2022_syntheticDBD,-3.570294152163707,,-4.5248207450049875,-5.017055590420082,,-6.468851538893041
