UniprotId, DBDs
A0A024R0Y4,"[(11, 90)]"
A0A087X169,"[(21, 140)]"
A0A0A0MRP6,"[(11, 140), (561, 650), (881, 960)]"
A0A0B4J2G0,"[(2, 81), (352, 431), (612, 731)]"
A0A0C4DFL8,"[(581, 700), (831, 910), (931, 1050)]"
A0A0C4DFQ2,"[(102, 181), (192, 311), (362, 441)]"
A0A0C4DH12,"[(32, 111), (142, 261)]"
A0A0D9SEJ8,"[(2, 101)]"
A0A1B0GVP4,"[(142, 361), (562, 641), (902, 1001), (1072, 1151)]"
A0A1C7CYV8,"[(102, 201)]"
A0A1W2PPX4,"[(182, 261), (272, 351)]"
A0A1W2PQ09,"[(119, 198)]"
A0A1W2PRV1,"[(119, 198)]"
A0A2R8Y491,"[(2, 181), (342, 421)]"
A0A2R8Y560,"[(122, 201), (382, 461), (462, 541)]"
A0A2R8Y739,"[(42, 151), (212, 291)]"
A0A2R8Y7Q1,"[(119, 268), (299, 438), (909, 1088), (1579, 1688), (2649, 2748), (2779, 2938)]"
A0A2R8Y872,"[(11, 160), (581, 660)]"
A0A2U3TZT0,"[(102, 181), (362, 441)]"
A0A3B3ISS0,"[(372, 581)]"
A0A3B3IT03,"[(2, 91), (352, 441)]"
A0A494C0I1,"[(52, 131), (172, 261), (302, 471), (622, 751)]"
A0A494C1N8,"[(192, 301), (572, 651), (682, 801)]"
A0A5F9ZHH6,"[(32, 211)]"
A0A669KAV7,"[(612, 731), (852, 931), (1392, 1541)]"
A0A7I2PJA1,"[(395, 474), (1055, 1204)]"
A0AUZ9,"[(101, 270)]"
A0AVK6,"[(532, 611)]"
A0PJY2,"[(2, 101), (308, 387)]"
A1A519,"[(35, 114)]"
A1YPR0,"[(1, 132), (192, 431)]"
A2RRD8,"[(1, 100)]"
A2RU54,"[(142, 221)]"
A2RUC4,"[(101, 240)]"
A4D1E1,"[(332, 411), (1212, 1341)]"
A6NCS4,"[(112, 261)]"
A6NFD8,"[(86, 241)]"
A6NFQ7,"[(62, 191)]"
A6NGD5,"[(22, 201)]"
A6NHT5,"[(212, 301)]"
A6NI15,"[(102, 181)]"
A6NJ46,"[(122, 201)]"
A6NJG6,"[(152, 315)]"
A6NJL1,"[(22, 151)]"
A6NJT0,"[(102, 181), (312, 411)]"
A6NK75,"[(42, 145)]"
A6NLW8,"[(12, 111)]"
A6NMT0,"[(82, 181)]"
A6NN14,"[(1, 114)]"
A6NNA5,"[(12, 111)]"
A8K8V0,"[(1, 100)]"
A8MTQ0,"[(2, 121)]"
A8MW92,"[(51, 130), (211, 340), (461, 550), (611, 720)]"
A8MWA4,"[(2, 81), (122, 201)]"
A8MZ59,"[(22, 101)]"
A9YTQ3,"[(517, 626)]"
B2RXF5,"[(122, 261)]"
B2RXH2,"[(1, 90), (251, 430)]"
B4DL54,"[(31, 120)]"
B4DWF2,"[(451, 532)]"
B7WPH3,"[(121, 220), (241, 320), (1061, 1140)]"
C9JBD0,"[(1, 90)]"
C9JFV4,"[(921, 1020)]"
D6R9L8,"[(62, 141)]"
E7EQS8,"[(981, 1080), (1941, 2023)]"
E9PGG2,"[(300, 379)]"
E9PIW9,"[(251, 330)]"
F8VU11,"[(121, 210), (271, 350), (361, 440), (471, 560)]"
F8W9S8,"[(172, 301), (332, 411), (522, 611)]"
G3V3G0,"[(172, 301)]"
G3XAK1,"[(41, 120), (591, 670)]"
H0Y6H0,"[(51, 140), (591, 670)]"
H0Y9M2,"[(2, 81), (402, 751), (972, 1051), (1270, 1349)]"
H0YEM9,"[(32, 111), (152, 361)]"
H3BPG6,"[(32, 151), (282, 361)]"
H7BXF5,"[(721, 1000)]"
I3L1J3,"[(2, 81)]"
I3L2J0,"[(532, 671), (742, 871), (882, 961)]"
J3KNZ9,"[(561, 680)]"
J3KPG5,"[(1171, 1260), (1651, 1730)]"
J9JIF5,"[(272, 367)]"
M0R0C0,"[(2, 91), (302, 381)]"
M0R2M9,"[(2, 181)]"
O00159,"[(437, 516)]"
O00167,"[(41, 180), (241, 320), (347, 426)]"
O00213,"[(258, 337)]"
O00255,"[(305, 464)]"
O00257,"[(1, 80), (211, 290)]"
O00321,"[(22, 121)]"
O00327,"[(32, 111), (239, 318), (503, 582)]"
O00358,"[(2, 91)]"
O00409,"[(352, 431)]"
O00422,"[(21, 110)]"
O00470,"[(70, 149)]"
O00482,"[(22, 269)]"
O00716,"[(71, 240)]"
O14497,"[(708, 797), (1823, 1902)]"
O14503,"[(2, 111), (152, 391)]"
O14519,"[(1, 87)]"
O14529,"[(22, 111), (142, 251), (322, 401), (712, 851), (1212, 1371)]"
O14578,"[(91, 200), (201, 290), (841, 920), (981, 1060), (1101, 1300), (1491, 1580), (1641, 1780), (1821, 1900)]"
O14578-4,"[(711, 790)]"
O14627,"[(42, 121), (152, 241)]"
O14646,"[(131, 250), (671, 750), (841, 930), (1161, 1420)]"
O14647,"[(91, 200), (361, 440), (491, 570), (841, 930)]"
O14686,"[(81, 170), (231, 310), (1331, 1590), (1611, 1710), (1954, 2033), (3014, 3093), (3114, 3253), (3474, 3583), (4354, 4493), (4994, 5093), (5254, 5333)]"
O14709,"[(217, 257)]"
O14744,"[(24, 163), (207, 316)]"
O14757,"[(11, 90)]"
O14770,"[(137, 180)]"
O14771,"[(183, 312)]"
O14793,"[(261, 375)]"
O14813,"[(72, 151)]"
O14867,"[(352, 451)]"
O14896,"[(57, 176), (267, 346)]"
O14901,"[(2, 224), (273, 351)]"
O14933,"[(21, 100)]"
O14948,"[(55, 204)]"
O15014,"[(122, 401), (822, 901), (1112, 1191)]"
O15015,"[(492, 611), (1092, 1241)]"
O15047,"[(1091, 1360)]"
O15054,"[(911, 990), (1251, 1370), (1471, 1550), (1551, 1630)]"
O15060,"[(392, 521)]"
O15062,"[(1, 151), (232, 401), (562, 641)]"
O15090,"[(252, 341), (902, 1051)]"
O15111,"[(551, 660)]"
O15119,"[(100, 200), (567, 623)]"
O15162,"[(31, 180)]"
O15164,"[(111, 240), (657, 766), (787, 866)]"
O15178,"[(280, 313), (340, 377)]"
O15198-2,"[(222, 301)]"
O15209,"[(102, 181)]"
O15226,"[(407, 486), (597, 676)]"
O15265,"[(326, 425)]"
O15266,"[(112, 191)]"
O15294,"[(180, 259)]"
O15350,"[(243, 382), (446, 587)]"
O15353,"[(172, 251)]"
O15355,"[(431, 540)]"
O15391,"[(237, 372)]"
O15409,"[(102, 181), (357, 458), (479, 558)]"
O15457,"[(311, 390), (451, 530)]"
O15516,"[(82, 211)]"
O15522,"[(7, 17), (82, 161)]"
O15525,"[(2, 141)]"
O15535,"[(22, 121)]"
O43147,"[(22, 101), (252, 351), (837, 916)]"
O43151,"[(162, 241), (291, 561), (742, 831), (1162, 1470), (1532, 1679)]"
O43159,"[(371, 450)]"
O43167,"[(412, 491)]"
O43172,"[(420, 509)]"
O43186,"[(62, 141), (220, 299)]"
O43189,"[(1, 251), (481, 567)]"
O43196,"[(1, 100), (328, 427), (698, 777)]"
O43248,"[(212, 304)]"
O43293,"[(51, 150), (371, 450)]"
O43296,"[(1, 105)]"
O43298,"[(232, 411)]"
O43309,"[(2, 111), (152, 241)]"
O43313,"[(46, 225)]"
O43365,"[(222, 301)]"
O43395,"[(471, 650)]"
O43422,"[(62, 141), (242, 351)]"
O43463,"[(1, 80)]"
O43474,"[(109, 301)]"
O43524,"[(172, 251)]"
O43593,"[(101, 200), (311, 450), (541, 620), (671, 810)]"
O43623,"[(1, 81), (87, 123)]"
O43680,"[(1, 171)]"
O43711,"[(152, 241)]"
O43741,"[(11, 150)]"
O43763,"[(142, 231)]"
O43791,"[(91, 170)]"
O43829,"[(1, 272)]"
O43889,"[(12, 151)]"
O60281,"[(57, 191), (267, 346), (607, 686), (707, 846), (1157, 1236), (1397, 1486), (1567, 1646), (1647, 1726), (2047, 2126), (2197, 2276), (2407, 2556)]"
O60284,"[(182, 371), (552, 651), (912, 1041)]"
O60315,"[(12, 91), (298, 437), (718, 917)]"
O60341,"[(431, 530)]"
O60381,"[(92, 181), (200, 400)]"
O60393-2,"[(262, 341)]"
O60479,"[(42, 201)]"
O60481,"[(182, 321)]"
O60502,"[(141, 220), (301, 410), (458, 557), (618, 697)]"
O60506,"[(259, 358)]"
O60663,"[(32, 161), (192, 291)]"
O60674,"[(871, 950)]"
O60678,"[(92, 181), (200, 279)]"
O60682,"[(1, 40), (92, 206)]"
O60765,"[(1, 105)]"
O60870,"[(32, 111), (272, 351)]"
O60885,"[(1041, 1180)]"
O60902,"[(226, 315)]"
O60907,"[(1, 80), (321, 460)]"
O60934,"[(41, 120), (241, 340)]"
O75030,"[(105, 184), (251, 370)]"
O75030-10,"[(276, 355)]"
O75081,"[(275, 374)]"
O75132,"[(2, 101), (792, 1021)]"
O75150,"[(31, 120), (451, 550), (791, 880)]"
O75151,"[(11, 90), (731, 840), (901, 980)]"
O75164,"[(308, 397), (411, 540)]"
O75182,"[(31, 120)]"
O75317,"[(161, 280)]"
O75346,"[(1, 174)]"
O75360,"[(1, 141)]"
O75362,"[(82, 161), (332, 411), (682, 791)]"
O75364,"[(62, 141)]"
O75376,"[(1567, 1686)]"
O75398,"[(334, 463)]"
O75437,"[(1, 78)]"
O75444,"[(2, 101)]"
O75446,"[(41, 220)]"
O75461,"[(130, 249)]"
O75467,"[(1, 92)]"
O75469,"[(82, 161)]"
O75475,"[(271, 350)]"
O75528,"[(351, 430)]"
O75529,"[(271, 380), (461, 540)]"
O75533,"[(651, 730), (951, 1030)]"
O75564,"[(162, 301)]"
O75564-2,"[(452, 561)]"
O75582,"[(1, 120), (342, 441)]"
O75593,"[(2, 81)]"
O75603,"[(92, 171), (263, 352)]"
O75604,"[(262, 341)]"
O75626,"[(228, 337)]"
O75676,"[(31, 110), (221, 300), (405, 484), (515, 594), (595, 674)]"
O75688,"[(41, 120), (171, 310)]"
O75820-2,"[(1, 109)]"
O75840,"[(2, 111)]"
O76064,"[(61, 140), (291, 370), (381, 460)]"
O94776,"[(228, 307)]"
O94805,"[(41, 180)]"
O94864,"[(49, 195)]"
O94874,"[(31, 110), (516, 605)]"
O94916,"[(270, 419), (470, 689), (1250, 1329)]"
O94983,"[(205, 284), (535, 843)]"
O94993,"[(142, 451), (552, 691)]"
O95071,"[(21, 120), (591, 670), (1141, 1240), (1621, 1700), (2221, 2340), (2660, 2739)]"
O95076,"[(132, 221)]"
O95096,"[(8, 18), (112, 217)]"
O95163,"[(11, 130), (231, 310), (311, 390), (401, 630), (651, 730), (891, 970)]"
O95231,"[(132, 241)]"
O95238,"[(2, 131)]"
O95243,"[(62, 151), (152, 454)]"
O95251,"[(283, 362)]"
O95257,"[(21, 100)]"
O95343,"[(1, 332)]"
O95361,"[(95, 174), (181, 290)]"
O95365,"[(1, 130), (142, 221), (312, 391)]"
O95409,"[(152, 311)]"
O95416,"[(142, 231)]"
O95475,"[(1, 211)]"
O95503,"[(201, 280), (331, 410)]"
O95600,"[(1, 262)]"
O95625,"[(52, 151), (572, 661)]"
O95644,"[(276, 465), (619, 758)]"
O95677,"[(71, 216)]"
O95696,"[(111, 320), (1102, 1181)]"
O95704,"[(41, 120), (191, 270), (308, 387)]"
O95785,"[(741, 820)]"
O95789,"[(1, 100), (244, 410), (411, 700), (701, 790)]"
O95863,"[(1, 19)]"
O95931,"[(1, 90), (171, 250)]"
O95935,"[(18, 28), (112, 201)]"
O95936,"[(561, 660)]"
O95948,"[(302, 381)]"
O95983,"[(1, 92)]"
O96004,"[(1, 48), (72, 191)]"
O96006,"[(152, 231)]"
O96017,"[(274, 373)]"
O96019,"[(9, 88)]"
O96028,"[(60, 139), (370, 449), (551, 650), (681, 760)]"
P01100,"[(6, 20), (186, 305)]"
P01106,"[(91, 190)]"
P02788,"[(348, 427)]"
P04150,"[(176, 345), (546, 625), (636, 715)]"
P04198,"[(322, 411)]"
P04626,"[(11, 130), (231, 330), (461, 540), (811, 890)]"
P04637,"[(30, 189)]"
P05412,"[(42, 181)]"
P06401,"[(322, 461), (512, 591), (730, 819)]"
P06748,"[(71, 150)]"
P08048,"[(22, 200), (645, 724)]"
P08235,"[(42, 161), (322, 571)]"
P08651,"[(142, 251)]"
P09016,"[(92, 171)]"
P09086,"[(2, 131)]"
P09630,"[(50, 129)]"
P09874,"[(401, 560), (891, 980)]"
P0C1Z6,"[(52, 131), (152, 231)]"
P0C6A0,"[(102, 191)]"
P0C870,"[(41, 120), (121, 290)]"
P0CF97,"[(32, 151), (302, 381)]"
P0CG23,"[(402, 551)]"
P0CJ78,"[(392, 471), (552, 631)]"
P0CJ79,"[(2, 81)]"
P10070,"[(1, 312)]"
P10071,"[(106, 235), (412, 571), (1102, 1231)]"
P10072,"[(1, 100), (332, 411)]"
P10073,"[(2, 100)]"
P10074,"[(222, 301)]"
P10075,"[(202, 281)]"
P10242,"[(90, 193), (291, 566)]"
P10243,"[(532, 641), (643, 752)]"
P10244,"[(138, 337), (468, 547), (597, 676)]"
P10275,"[(322, 461), (482, 591)]"
P10589,"[(82, 161), (184, 423)]"
P10828-2,"[(2, 101)]"
P10914,"[(202, 281)]"
P11142,"[(371, 480)]"
P11161,"[(193, 229)]"
P11308,"[(39, 278), (389, 468)]"
P11387,"[(51, 260), (281, 400)]"
P11388,"[(91, 170), (251, 330)]"
P11473,"[(272, 351)]"
P11474,"[(2, 141)]"
P11831,"[(122, 251)]"
P12524,"[(162, 241)]"
P12757,"[(2, 121), (222, 511), (585, 664)]"
P12980,"[(132, 271)]"
P13056,"[(178, 603)]"
P13349,"[(82, 171)]"
P13378,"[(182, 271)]"
P13631,"[(30, 109), (140, 219)]"
P13682,"[(2, 231)]"
P14316,"[(72, 211), (230, 347)]"
P14373,"[(161, 240)]"
P14651,"[(50, 129)]"
P14921,"[(2, 91), (112, 345)]"
P15172,"[(22, 181)]"
P15173,"[(72, 181)]"
P15407,"[(12, 121)]"
P15408,"[(32, 252)]"
P15622,"[(47, 158)]"
P15822,"[(70, 271), (360, 481), (1062, 1211), (2012, 2091)]"
P15884,"[(2, 91), (381, 410)]"
P15918,"[(2, 101), (152, 231), (502, 671), (892, 971)]"
P15923,"[(442, 571)]"
P15976,"[(9, 151), (159, 248)]"
P16220,"[(252, 341)]"
P16989,"[(42, 121)]"
P17010,"[(231, 430)]"
P17019,"[(2, 81), (322, 401)]"
P17020,"[(442, 521), (592, 671)]"
P17028,"[(1, 251)]"
P17032,"[(1, 99)]"
P17039-2,"[(1, 105)]"
P17040,"[(202, 287)]"
P17098,"[(5, 116)]"
P17252,"[(61, 140)]"
P17482,"[(42, 250)]"
P17535,"[(262, 341)]"
P17542,"[(147, 266)]"
P17544,"[(32, 181), (232, 311)]"
P17655,"[(253, 482)]"
P17676,"[(44, 228)]"
P17844,"[(111, 190), (312, 391)]"
P17947,"[(2, 81)]"
P18146,"[(283, 316)]"
P18583,"[(662, 741), (1642, 1721), (1832, 1911)]"
P18847,"[(25, 124)]"
P18848,"[(182, 341)]"
P18850,"[(2, 121), (272, 351)]"
P19338,"[(311, 390)]"
P19419,"[(1, 93), (212, 301)]"
P19447,"[(241, 360), (571, 650)]"
P19484,"[(187, 316)]"
P19544-2,"[(84, 179)]"
P19622,"[(2, 141)]"
P19838,"[(62, 141)]"
P20226,"[(22, 101), (132, 211)]"
P20393,"[(112, 191)]"
P21506,"[(11, 55)]"
P22087,"[(21, 100), (191, 270)]"
P22415,"[(1, 15)]"
P22670,"[(621, 739)]"
P22736,"[(265, 344), (375, 474)]"
P23025,"[(42, 211)]"
P23409,"[(82, 211)]"
P23497,"[(22, 101), (197, 326)]"
P23497-4,"[(622, 781)]"
P23759,"[(1, 108), (210, 289)]"
P23760,"[(1, 141)]"
P23769,"[(332, 411)]"
P23771,"[(293, 382)]"
P24278,"[(12, 91), (132, 341)]"
P24468,"[(72, 151)]"
P24522,"[(21, 100)]"
P25208,"[(22, 101)]"
P25440,"[(321, 400)]"
P25490,"[(132, 211), (298, 414)]"
P26358,"[(112, 287), (415, 665)]"
P27348,"[(31, 110)]"
P27540,"[(102, 221), (342, 441)]"
P27695,"[(31, 150)]"
P28324,"[(1, 251)]"
P28347,"[(12, 91)]"
P28356,"[(92, 124), (272, 351)]"
P28358,"[(52, 181), (252, 331)]"
P28360,"[(7, 43), (95, 138)]"
P28698,"[(2, 101), (112, 251)]"
P28702,"[(132, 251)]"
P28715,"[(721, 800)]"
P29374,"[(1, 80), (351, 550), (751, 830), (1109, 1240)]"
P29375,"[(301, 390), (1611, 1690)]"
P31260,"[(142, 241), (242, 268)]"
P31267,"[(142, 221)]"
P31268,"[(129, 230)]"
P31269,"[(192, 271)]"
P31270,"[(232, 311)]"
P31274,"[(73, 101), (181, 260)]"
P31276,"[(172, 251)]"
P31314,"[(182, 281)]"
P31629,"[(172, 261), (582, 661), (732, 1001), (1152, 1241), (1782, 1861)]"
P31946,"[(39, 118), (139, 218)]"
P32121,"[(76, 285)]"
P32243,"[(156, 191)]"
P32314,"[(122, 201), (262, 341)]"
P32519,"[(82, 161), (182, 241)]"
P35226,"[(1, 80)]"
P35227,"[(1, 91)]"
P35398,"[(117, 266), (389, 468)]"
P35452,"[(182, 261)]"
P35453,"[(182, 343)]"
P35548,"[(52, 171)]"
P35638,"[(25, 192)]"
P35680,"[(2, 81)]"
P35711,"[(132, 341), (642, 751)]"
P35712,"[(181, 262)]"
P35716,"[(162, 311), (362, 441)]"
P35813,"[(254, 383)]"
P35869,"[(152, 241), (502, 651), (652, 731)]"
P36508,"[(342, 481)]"
P36956,"[(78, 167), (328, 427)]"
P37231,"[(14, 173), (214, 293)]"
P37275,"[(256, 575), (656, 886), (996, 1075)]"
P39687,"[(151, 230)]"
P39880,"[(604, 703), (1141, 1222), (1264, 1347)]"
P40424,"[(22, 232)]"
P40763,"[(22, 261)]"
P41161,"[(64, 203), (244, 463), (473, 552)]"
P41162,"[(242, 511)]"
P41182,"[(1, 500)]"
P41212,"[(2, 121), (171, 215), (284, 421)]"
P41225,"[(302, 421)]"
P41227,"[(1, 100)]"
P41229,"[(220, 359), (360, 439), (1080, 1159)]"
P41235,"[(330, 452)]"
P41743,"[(211, 290), (361, 440), (511, 590)]"
P41970,"[(102, 251)]"
P42224,"[(142, 301), (642, 721)]"
P42229,"[(32, 111), (132, 231)]"
P42568,"[(1, 137), (458, 537)]"
P43246,"[(1, 90)]"
P43268,"[(13, 292)]"
P43354,"[(42, 188), (299, 378), (409, 488)]"
P43694,"[(253, 402)]"
P43699,"[(172, 271)]"
P45973,"[(101, 191)]"
P46013,"[(171, 300), (501, 580), (2351, 2450), (2601, 2680)]"
P46100,"[(1153, 1262), (1346, 1445)]"
P46736,"[(47, 156)]"
P47902,"[(17, 96)]"
P48378,"[(527, 606)]"
P48382,"[(12, 101)]"
P48436,"[(52, 181), (352, 471)]"
P48443,"[(102, 181), (232, 311)]"
P49116,"[(411, 490)]"
P49137,"[(211, 290)]"
P49321,"[(476, 555)]"
P49407,"[(91, 270)]"
P49593,"[(61, 170), (237, 326)]"
P49640,"[(50, 149), (172, 261)]"
P49711,"[(84, 231)]"
P49715,"[(127, 266), (297, 386)]"
P49716,"[(52, 261)]"
P49910,"[(22, 111), (332, 411)]"
P50219,"[(20, 99)]"
P50458,"[(252, 331)]"
P50461,"[(11, 90)]"
P50539,"[(1, 81), (96, 175)]"
P50548,"[(287, 473)]"
P50549,"[(22, 351), (358, 437)]"
P50553,"[(102, 236)]"
P50747,"[(178, 257), (268, 377)]"
P51449,"[(151, 230), (311, 390)]"
P51522,"[(52, 141)]"
P51531,"[(131, 240), (811, 890)]"
P51532,"[(171, 250)]"
P51587,"[(401, 480), (661, 740), (901, 980), (2661, 2740)]"
P51608,"[(34, 203), (219, 392)]"
P51610,"[(1011, 1090)]"
P51692,"[(62, 141), (172, 261), (552, 631)]"
P51784,"[(71, 250), (401, 490), (491, 570), (731, 830), (851, 930)]"
P51812,"[(41, 140)]"
P51814-6,"[(7, 118)]"
P51843,"[(12, 281), (441, 454)]"
P51858,"[(97, 176)]"
P51957,"[(552, 631)]"
P52179,"[(461, 570), (631, 840), (1325, 1404)]"
P52333,"[(271, 360), (1021, 1100)]"
P52630,"[(158, 327), (758, 847)]"
P52701,"[(41, 160), (499, 618)]"
P52736,"[(4, 229)]"
P52737,"[(1, 82)]"
P52738,"[(1, 97)]"
P52739,"[(342, 461)]"
P52741,"[(12, 91)]"
P52744-2,"[(2, 81)]"
P52746,"[(792, 871), (1062, 1141), (1172, 1251), (1442, 1541)]"
P52945,"[(142, 221)]"
P52951,"[(1, 101)]"
P52952,"[(122, 201), (204, 324)]"
P52954,"[(2, 101)]"
P53355,"[(61, 150), (825, 904)]"
P54136,"[(259, 338), (439, 518)]"
P54198,"[(21, 100), (221, 310), (791, 880)]"
P54253,"[(571, 650)]"
P54259,"[(651, 800)]"
P54274,"[(72, 151), (340, 419)]"
P54619,"[(210, 289)]"
P54646,"[(371, 450)]"
P54821,"[(82, 171), (217, 245)]"
P54845,"[(12, 131)]"
P55055,"[(2, 101), (112, 191)]"
P55197,"[(101, 180)]"
P55201,"[(111, 360), (840, 949), (1036, 1115)]"
P55209,"[(61, 140)]"
P55316,"[(307, 317)]"
P55317,"[(2, 138)]"
P55318,"[(2, 81)]"
P55347,"[(2, 201)]"
P55771,"[(94, 205)]"
P55895,"[(41, 120), (291, 470)]"
P56177,"[(112, 201)]"
P56179,"[(152, 241)]"
P56179-2,"[(92, 191)]"
P56270-2,"[(1, 246)]"
P56524,"[(419, 518)]"
P56545,"[(119, 198)]"
P56693,"[(22, 171)]"
P57071,"[(202, 321), (503, 612)]"
P57073,"[(82, 161), (272, 411)]"
P57082,"[(92, 171), (396, 546)]"
P57682,"[(1, 81), (82, 271)]"
P58012,"[(218, 376)]"
P58304,"[(132, 263)]"
P58317,"[(182, 261)]"
P59817,"[(2, 121)]"
P60510,"[(101, 180)]"
P60709,"[(271, 350)]"
P61088,"[(1, 100)]"
P61244,"[(12, 91)]"
P61247,"[(101, 180), (185, 264)]"
P61296,"[(65, 144)]"
P61371,"[(62, 191)]"
P62241,"[(91, 170)]"
P62256,"[(41, 160)]"
P62258,"[(19, 108)]"
P62508,"[(30, 189)]"
P62877,"[(1, 108)]"
P63104,"[(66, 145)]"
P63146,"[(11, 90)]"
P67775,"[(151, 260)]"
P67809,"[(32, 111)]"
P68400,"[(1, 110)]"
P78337,"[(149, 196), (197, 233)]"
P78347,"[(2, 111), (152, 311), (751, 890)]"
P78367,"[(132, 281)]"
P78412,"[(52, 141), (142, 281)]"
P78413,"[(62, 221)]"
P78414,"[(122, 211), (312, 391)]"
P78415,"[(52, 201), (342, 421)]"
P78426,"[(94, 311)]"
P78527,"[(391, 470), (491, 580), (1521, 1610), (2961, 3050), (3671, 3760)]"
P81133,"[(52, 141), (312, 766)]"
P82094,"[(262, 341), (485, 564)]"
P82970,"[(41, 170)]"
P83916,"[(1, 185)]"
P84550,"[(825, 914)]"
P85037,"[(95, 294)]"
P98177,"[(52, 131)]"
P98182,"[(151, 290)]"
Q00056,"[(202, 291)]"
Q00526,"[(11, 90)]"
Q00536,"[(177, 256)]"
Q00537,"[(391, 470)]"
Q00613,"[(32, 371)]"
Q00653,"[(172, 251)]"
Q00839,"[(31, 160), (361, 460)]"
Q01101,"[(168, 263)]"
Q01167,"[(82, 161), (452, 601)]"
Q01196,"[(318, 414), (447, 456)]"
Q01201,"[(252, 381)]"
Q01538,"[(192, 271), (512, 888), (999, 1148)]"
Q01543,"[(9, 168)]"
Q01658,"[(85, 99), (101, 165)]"
Q01664,"[(122, 301)]"
Q01780,"[(61, 140), (251, 330)]"
Q01826,"[(1, 254)]"
Q01860,"[(102, 181)]"
Q01954,"[(132, 211), (542, 621)]"
Q02078,"[(252, 401)]"
Q02386,"[(1, 98)]"
Q02447,"[(2, 81), (339, 648)]"
Q02548,"[(316, 348)]"
Q02556,"[(182, 271)]"
Q02577,"[(56, 135)]"
Q02880,"[(101, 180), (311, 390), (1211, 1320)]"
Q02930,"[(63, 142)]"
Q02962,"[(212, 311)]"
Q03014,"[(2, 211)]"
Q03052,"[(272, 351)]"
Q03060,"[(166, 245)]"
Q03112,"[(132, 251), (515, 851)]"
Q03164,"[(1122, 1240), (1362, 1593), (3585, 3734)]"
Q03188,"[(511, 590)]"
Q03468,"[(1, 110), (141, 280), (821, 900), (1414, 1493)]"
Q03701,"[(92, 231), (442, 521), (592, 671)]"
Q03828,"[(172, 331)]"
Q03923,"[(1, 77)]"
Q03933,"[(22, 281), (389, 427)]"
Q03989,"[(124, 243), (414, 503)]"
Q04724,"[(1, 90), (501, 650)]"
Q04725,"[(24, 103), (505, 624)]"
Q04726,"[(1, 90), (491, 630)]"
Q04741,"[(92, 171), (172, 261)]"
Q04743,"[(132, 211)]"
Q04864,"[(12, 91), (192, 271), (323, 422)]"
Q05066,"[(112, 191)]"
Q05195,"[(1, 35)]"
Q05513,"[(81, 170)]"
Q05516,"[(1, 100), (200, 368)]"
Q05655,"[(191, 270), (412, 491)]"
Q05925,"[(32, 181)]"
Q05BQ5,"[(207, 286), (549, 628)]"
Q06330,"[(166, 402)]"
Q06413,"[(312, 451)]"
Q06416,"[(2, 101), (102, 181)]"
Q06546,"[(122, 201), (375, 454)]"
Q06710,"[(242, 381)]"
Q06730-2,"[(1, 103)]"
Q06889,"[(182, 202)]"
Q07687,"[(132, 231)]"
Q07869,"[(82, 191)]"
Q07955,"[(41, 120)]"
Q08050,"[(1, 114), (132, 271), (462, 591)]"
Q08050-3,"[(432, 511)]"
Q08117,"[(88, 167)]"
Q08170,"[(11, 90)]"
Q08945,"[(21, 100), (361, 440), (551, 630)]"
Q08999,"[(961, 1040)]"
Q08ER8,"[(1, 100)]"
Q09472,"[(941, 1100), (1131, 1210), (1251, 1340), (1671, 1750)]"
Q09FC8,"[(122, 201)]"
Q09FC8-5,"[(2, 81)]"
Q0VG99,"[(62, 161)]"
Q0VGE8,"[(1, 118)]"
Q10587,"[(32, 161)]"
Q12772,"[(2, 81)]"
Q12778,"[(91, 102), (562, 651)]"
Q12788,"[(201, 290)]"
Q12800,"[(22, 121), (266, 401)]"
Q12824,"[(252, 331)]"
Q12857,"[(197, 286), (327, 472)]"
Q12870,"[(62, 171)]"
Q12873,"[(241, 320), (451, 550), (671, 820), (1311, 1440), (1651, 1730), (1961, 2040)]"
Q12888,"[(416, 495), (1186, 1315), (1466, 1565), (1744, 1823)]"
Q12946,"[(300, 379)]"
Q12948,"[(72, 151), (152, 301)]"
Q12951,"[(12, 131), (212, 291)]"
Q12952,"[(252, 331)]"
Q12962,"[(91, 170)]"
Q12968,"[(472, 751), (942, 1031)]"
Q12986,"[(312, 441)]"
Q13029,"[(141, 220), (341, 520), (571, 700), (881, 1040), (1091, 1170)]"
Q13043,"[(1, 110)]"
Q13105,"[(1, 179)]"
Q13107,"[(111, 210), (244, 443), (484, 573), (694, 773)]"
Q13111,"[(1, 130), (171, 300)]"
Q13112,"[(121, 200), (241, 320)]"
Q13118,"[(2, 220), (256, 335)]"
Q13127,"[(1, 121), (439, 518), (985, 1074)]"
Q13129,"[(132, 211), (462, 591), (762, 891), (1312, 1391), (1522, 1671)]"
Q13131,"[(386, 475)]"
Q13133,"[(37, 116)]"
Q13177,"[(81, 160), (321, 410)]"
Q13185,"[(11, 100), (101, 183)]"
Q13207,"[(11, 63), (525, 631)]"
Q13247,"[(31, 110)]"
Q13263,"[(379, 548)]"
Q13285,"[(132, 271)]"
Q13315,"[(1331, 1410), (2731, 2810)]"
Q13342,"[(72, 151), (226, 305), (412, 491), (632, 711)]"
Q13351,"[(12, 91)]"
Q13422,"[(1, 477)]"
Q13469,"[(163, 272), (403, 532), (802, 905)]"
Q13472,"[(466, 585)]"
Q13485,"[(2, 81), (372, 471)]"
Q13487,"[(172, 261)]"
Q13523,"[(111, 190)]"
Q13526,"[(32, 111)]"
Q13535,"[(2251, 2330)]"
Q13547,"[(31, 110), (111, 200), (401, 480)]"
Q13562,"[(2, 191), (277, 356)]"
Q13568,"[(42, 151), (266, 345), (363, 412)]"
Q13569,"[(31, 110), (261, 400)]"
Q13616,"[(151, 230), (301, 400), (621, 760)]"
Q13617,"[(350, 429)]"
Q13618,"[(325, 404), (445, 534)]"
Q13620,"[(185, 444)]"
Q13686,"[(171, 250)]"
Q13761,"[(166, 245), (339, 429)]"
Q13886,"[(2, 121)]"
Q13887,"[(1, 190)]"
Q13888,"[(1, 80), (221, 380)]"
Q13950,"[(369, 499)]"
Q13952-2,"[(212, 291)]"
Q14119,"[(2, 111), (152, 241)]"
Q14134,"[(321, 400)]"
Q14140,"[(231, 314)]"
Q14151,"[(22, 141), (142, 461), (472, 611)]"
Q14186,"[(17, 136)]"
Q14188,"[(184, 263)]"
Q14190,"[(142, 221), (342, 503), (504, 667)]"
Q14202,"[(281, 370), (461, 540), (541, 680), (681, 888), (1249, 1338)]"
Q14209,"[(112, 191), (358, 437)]"
Q14258,"[(1, 80)]"
Q14469,"[(201, 280)]"
Q14494,"[(602, 731)]"
Q14526,"[(1, 296)]"
Q14527,"[(479, 558), (599, 678)]"
Q14541,"[(199, 278)]"
Q14549,"[(2, 121), (242, 321)]"
Q14586,"[(1, 63)]"
Q14587,"[(11, 84)]"
Q14593,"[(1, 62)]"
Q14653,"[(182, 311)]"
Q14676,"[(371, 450), (501, 640), (928, 1017), (1494, 1623)]"
Q14684,"[(273, 352)]"
Q14686,"[(31, 170)]"
Q14687,"[(108, 317), (668, 847)]"
Q14765,"[(222, 301), (332, 411)]"
Q14774,"[(112, 251)]"
Q14814,"[(327, 456)]"
Q14839,"[(381, 460)]"
Q14865,"[(389, 578)]"
Q14872,"[(552, 691)]"
Q14934,"[(380, 479), (580, 749)]"
Q14938,"[(134, 280)]"
Q14995,"[(419, 452)]"
Q149N8,"[(11, 110), (761, 840), (1395, 1474)]"
Q14CW9,"[(41, 120)]"
Q15018,"[(201, 280)]"
Q15024,"[(61, 140), (212, 291)]"
Q15047,"[(21, 151), (332, 431)]"
Q15059,"[(221, 300)]"
Q15072,"[(152, 231)]"
Q15075,"[(562, 641), (1162, 1271)]"
Q15078,"[(221, 300)]"
Q15139,"[(61, 140), (191, 310), (541, 630), (801, 880)]"
Q15270,"[(39, 158), (279, 368)]"
Q15291,"[(421, 500)]"
Q15303,"[(211, 290), (941, 1020), (1095, 1174)]"
Q15306,"[(231, 310)]"
Q15326,"[(61, 216), (340, 515)]"
Q15329,"[(1, 201)]"
Q15393,"[(141, 240), (341, 450), (481, 670)]"
Q15406,"[(166, 255)]"
Q15424,"[(252, 361), (599, 915)]"
Q15475,"[(102, 181)]"
Q15542,"[(11, 90), (606, 685)]"
Q15554,"[(272, 351)]"
Q15561,"[(32, 111), (119, 208)]"
Q15562,"[(32, 121), (156, 255)]"
Q15583,"[(82, 221)]"
Q15583-2,"[(1, 91), (138, 192), (208, 272)]"
Q15596,"[(32, 161), (172, 301), (652, 851), (1332, 1411)]"
Q15651,"[(12, 91)]"
Q15652,"[(151, 240), (1049, 1128), (1299, 1428), (1629, 1758), (1769, 2018), (2269, 2348)]"
Q15697,"[(3, 314)]"
Q15699,"[(112, 211)]"
Q15714-2,"[(12, 121)]"
Q15723,"[(245, 324)]"
Q15742,"[(31, 120)]"
Q15744,"[(52, 271)]"
Q15784,"[(112, 211), (303, 382)]"
Q15788,"[(62, 171), (312, 391), (652, 1011), (1112, 1191)]"
Q15797,"[(322, 401)]"
Q15853,"[(136, 215)]"
Q15911,"[(1, 261), (278, 357), (550, 937), (1098, 1187), (1378, 1457), (1588, 1697), (1818, 1957), (2088, 2167), (2328, 2477)]"
Q15915,"[(152, 281), (352, 431)]"
Q15916,"[(52, 251)]"
Q15928,"[(1, 145)]"
Q16236,"[(1, 86), (149, 228), (469, 578)]"
Q16254,"[(82, 231)]"
Q16514,"[(1, 90)]"
Q16531,"[(81, 351), (371, 450), (621, 700)]"
Q16576,"[(245, 334)]"
Q16587,"[(41, 114)]"
Q16600,"[(62, 151)]"
Q16621,"[(262, 361)]"
Q16644,"[(101, 180)]"
Q16649,"[(52, 411)]"
Q16650,"[(65, 221)]"
Q16656,"[(122, 201)]"
Q16665,"[(136, 215), (246, 325), (599, 810)]"
Q16670,"[(42, 121)]"
Q17R98,"[(101, 400)]"
Q2M1K9,"[(292, 371), (622, 701), (1002, 1141), (1142, 1221)]"
Q2M1V0,"[(2, 221)]"
Q2QGD7,"[(592, 731), (762, 841)]"
Q2TB10,"[(22, 121), (152, 231), (362, 481), (562, 661)]"
Q2VWA4,"[(122, 201)]"
Q32MQ0,"[(182, 361), (492, 701)]"
Q33E94,"[(224, 499)]"
Q3C1V8,"[(2, 91)]"
Q3KNW1,"[(1, 153)]"
Q3L8U1,"[(241, 380), (631, 710), (761, 840), (1021, 1100), (1991, 2140)]"
Q3MIS6,"[(1, 99)]"
Q3MJ62,"[(2, 101), (272, 351)]"
Q3SXZ3,"[(2, 81), (310, 389)]"
Q3SY52,"[(14, 67)]"
Q3SY56,"[(92, 171)]"
Q3SYB3,"[(202, 281)]"
Q3ZCT1,"[(252, 361)]"
Q460N3,"[(337, 416)]"
Q460N5,"[(31, 170), (401, 550), (627, 706)]"
Q495X7,"[(61, 290), (301, 420)]"
Q499Z4,"[(302, 381)]"
Q49A26,"[(12, 131)]"
Q4FZB7,"[(481, 620), (671, 750)]"
Q4G112,"[(201, 340)]"
Q4LE39,"[(21, 291), (1031, 1226)]"
Q4VC44,"[(193, 332)]"
Q52LR7,"[(101, 270)]"
Q53EQ6,"[(83, 202)]"
Q53GI3,"[(136, 250)]"
Q53TQ3,"[(191, 270)]"
Q58F21,"[(298, 377), (795, 874)]"
Q5EBL2,"[(452, 531), (532, 611), (702, 791)]"
Q5FWF4,"[(277, 435), (461, 540), (701, 780)]"
Q5H9F3,"[(551, 690), (981, 1110)]"
Q5H9F3-1,"[(1361, 1480)]"
Q5H9K5,"[(12, 91), (589, 668)]"
Q5IJ48,"[(349, 518)]"
Q5JPB2,"[(132, 211), (352, 431)]"
Q5JTH9,"[(920, 999)]"
Q5JUK2,"[(82, 161)]"
Q5JVG8,"[(1, 64)]"
Q5MIZ7,"[(301, 380)]"
Q5PSV4,"[(43, 262)]"
Q5QJE6,"[(481, 560)]"
Q5SSJ5,"[(229, 308)]"
Q5SVQ8,"[(122, 201)]"
Q5SVZ6,"[(1, 100), (151, 230), (241, 410)]"
Q5SXM1,"[(32, 171)]"
Q5SXM2,"[(1022, 1141)]"
Q5T0B9,"[(182, 271), (302, 381)]"
Q5T1R4,"[(171, 261), (731, 1040), (1162, 1251), (1532, 1671)]"
Q5T280,"[(41, 120), (191, 270)]"
Q5T6S3,"[(2, 131), (172, 251)]"
Q5T7W0,"[(2, 279)]"
Q5TA89,"[(87, 166)]"
Q5TC79,"[(202, 321), (362, 441)]"
Q5TEC3,"[(122, 201)]"
Q5TGS1,"[(101, 180)]"
Q5TGY3,"[(52, 231), (632, 711)]"
Q5VTD9,"[(1, 20), (42, 181)]"
Q5VTL8,"[(261, 340)]"
Q5VTR2,"[(151, 230), (241, 320), (421, 500), (741, 850), (871, 970)]"
Q5VUA4,"[(502, 581), (1082, 1161), (1182, 1341), (1582, 1661), (1932, 2011)]"
Q5VUG0,"[(451, 550)]"
Q5VV16,"[(202, 281)]"
Q5VV52,"[(72, 151)]"
Q5VVJ2,"[(142, 291)]"
Q5VWG9,"[(101, 180), (631, 710), (791, 920)]"
Q5VYV0,"[(242, 321)]"
Q5VZB9,"[(142, 221)]"
Q5VZE5,"[(121, 200), (251, 330)]"
Q5VZL5,"[(159, 338), (379, 478), (549, 628), (699, 798), (869, 968), (1349, 1468)]"
Q5XKR4,"[(92, 181)]"
Q63HK5,"[(82, 161), (422, 541), (722, 811)]"
Q66K89,"[(602, 681)]"
Q68CP9,"[(72, 171), (192, 291), (1322, 1401), (1402, 1521)]"
Q68DE3,"[(142, 221), (1082, 1161), (1422, 1501), (1602, 1681)]"
Q68DK7,"[(50, 177)]"
Q68EA5,"[(1, 80), (221, 300)]"
Q68G74,"[(52, 241)]"
Q6AHZ1,"[(2, 121), (162, 311), (392, 531), (752, 911)]"
Q6B0B8,"[(372, 471)]"
Q6B0I6,"[(11, 90), (241, 320)]"
Q6BEB4,"[(1, 111), (223, 297), (379, 398)]"
Q6DJT9,"[(99, 302)]"
Q6IA86,"[(211, 290), (431, 520)]"
Q6IE81,"[(101, 290), (479, 598), (619, 698)]"
Q6IQ21,"[(552, 641)]"
Q6IQ32,"[(642, 871), (892, 971)]"
Q6ISB3,"[(26, 205), (316, 395)]"
Q6KC79,"[(441, 560), (941, 1080), (1111, 1190), (1271, 1350), (1461, 1540), (1801, 1880), (1991, 2070), (2071, 2150), (2181, 2260), (2441, 2520), (2721, 2800)]"
Q6N021,"[(442, 521), (922, 1081), (1142, 1221), (1892, 2001)]"
Q6N043,"[(2, 111), (292, 371), (579, 688)]"
Q6N069,"[(431, 510)]"
Q6NSW7,"[(152, 271)]"
Q6NSZ9,"[(2, 111), (122, 201)]"
Q6NT04,"[(12, 201), (352, 431), (442, 531)]"
Q6NT76,"[(2, 101)]"
Q6NUM6,"[(341, 420)]"
Q6NUN9,"[(1, 279)]"
Q6NYC1,"[(281, 370)]"
Q6P0Q8,"[(51, 130), (751, 830), (911, 990), (1051, 1130)]"
Q6P1J9,"[(181, 260)]"
Q6P1K8,"[(221, 300)]"
Q6P1N0,"[(622, 821)]"
Q6P1X5,"[(81, 180)]"
Q6P2D0,"[(1, 113)]"
Q6P2P2,"[(653, 732)]"
Q6P2Q9,"[(331, 410), (491, 570), (901, 980), (1311, 1400)]"
Q6P4R8,"[(1, 80), (191, 270), (281, 370), (481, 560)]"
Q6P9F5,"[(21, 100)]"
Q6P9G9,"[(12, 91)]"
Q6PCT2,"[(2, 91), (92, 231), (262, 371)]"
Q6PD62,"[(331, 410), (431, 530), (781, 860), (901, 980)]"
Q6PIV2,"[(2, 81)]"
Q6PJQ5,"[(12, 91)]"
Q6PL18,"[(101, 220), (661, 740), (761, 840), (1021, 1160), (1201, 1280)]"
Q6QHK4,"[(42, 161)]"
Q6R2W3,"[(2, 101), (172, 251), (702, 781), (962, 1051), (1122, 1211)]"
Q6RI45,"[(51, 130), (301, 390), (921, 1000), (1041, 1150), (1241, 1330), (1361, 1440)]"
Q6S9Z5,"[(32, 111)]"
Q6STE5,"[(141, 220)]"
Q6U7Q0,"[(2, 91)]"
Q6UWZ7,"[(11, 151)]"
Q6VMQ6,"[(1, 90), (581, 670), (901, 1040)]"
Q6W2J9,"[(1239, 1378)]"
Q6XD76,"[(51, 170)]"
Q6XYB7,"[(2, 81)]"
Q6ZMT4,"[(41, 130), (551, 670), (711, 860)]"
Q6ZMY3,"[(441, 540), (571, 650)]"
Q6ZN08,"[(2, 81)]"
Q6ZN18,"[(136, 278)]"
Q6ZN19,"[(502, 581)]"
Q6ZN19-3,"[(2, 81)]"
Q6ZN30,"[(372, 491), (712, 851)]"
Q6ZN55,"[(101, 180), (531, 610)]"
Q6ZNB6,"[(212, 291), (672, 811)]"
Q6ZNC4,"[(62, 141), (182, 261)]"
Q6ZNG2,"[(2, 111)]"
Q6ZR52,"[(142, 271), (422, 501)]"
Q6ZR52-2,"[(2, 91)]"
Q6ZRS2,"[(112, 191), (642, 741), (1884, 1963)]"
Q6ZSB9,"[(252, 331), (540, 619)]"
Q6ZSZ6,"[(142, 221), (402, 541), (572, 651), (702, 801), (842, 921)]"
Q6ZW49,"[(584, 663)]"
Q70CQ1,"[(421, 500), (571, 650)]"
Q70SY1,"[(62, 251)]"
Q70YC5,"[(147, 366)]"
Q76L83,"[(161, 240), (604, 753)]"
Q7KZ85,"[(61, 140), (641, 720)]"
Q7L3S4,"[(22, 101), (162, 241)]"
Q7LBC6,"[(11, 118), (159, 278), (369, 628), (637, 758)]"
Q7RTS1,"[(1, 74)]"
Q7RTS3,"[(2, 81), (142, 251)]"
Q7RTU0,"[(32, 141)]"
Q7RTU1,"[(62, 171)]"
Q7RTU4,"[(42, 151)]"
Q7RTU7,"[(52, 171)]"
Q7RTV3,"[(2, 101), (271, 350)]"
Q7Z353,"[(134, 273), (494, 593)]"
Q7Z3B3,"[(1, 80)]"
Q7Z3I7,"[(172, 251)]"
Q7Z3K3,"[(1, 80), (369, 448), (469, 598), (599, 678), (699, 828), (1069, 1148)]"
Q7Z3Z3,"[(101, 180), (651, 730)]"
Q7Z3Z4,"[(491, 590), (691, 770), (771, 850)]"
Q7Z4V0,"[(452, 532)]"
Q7Z570,"[(212, 291), (602, 811), (1130, 1209)]"
Q7Z589,"[(396, 535)]"
Q7Z591,"[(203, 282), (742, 861)]"
Q7Z5J4,"[(1271, 1360)]"
Q7Z5K2,"[(116, 195), (906, 985)]"
Q7Z6E9,"[(211, 350), (511, 610)]"
Q7Z6K1,"[(250, 353)]"
Q7Z6Z7,"[(751, 830), (982, 1061), (2192, 2271), (2402, 2481), (3522, 3681), (3802, 3981)]"
Q7Z7K2,"[(32, 171)]"
Q7Z7L9,"[(92, 171), (472, 551)]"
Q86SE8,"[(101, 180)]"
Q86T24,"[(1, 112), (122, 241), (422, 521), (552, 631)]"
Q86TJ2,"[(1, 198)]"
Q86TJ5,"[(26, 168)]"
Q86U86,"[(31, 110), (441, 600), (751, 830), (1106, 1185)]"
Q86UA1,"[(135, 220)]"
Q86UD4,"[(382, 481)]"
Q86UE8,"[(349, 478), (529, 608)]"
Q86UP3,"[(232, 371), (392, 531), (1662, 1801), (1872, 1951), (2072, 2151), (2472, 2581), (2892, 2971), (3172, 3501)]"
Q86UP3-2,"[(772, 901)]"
Q86UQ0-2,"[(33, 98)]"
Q86UZ6,"[(162, 311), (412, 491)]"
Q86V15,"[(12, 91), (632, 711), (852, 1051), (1232, 1311), (1442, 1521)]"
Q86VE0,"[(203, 399)]"
Q86VZ6,"[(39, 101)]"
Q86W11,"[(2, 121)]"
Q86W56,"[(263, 342)]"
Q86WJ1,"[(108, 227)]"
Q86WP2,"[(79, 158)]"
Q86X55,"[(11, 90), (201, 340)]"
Q86XF7,"[(166, 245)]"
Q86XN6,"[(2, 81), (292, 391)]"
Q86XP3,"[(122, 201)]"
Q86XU0,"[(1, 110)]"
Q86Y01,"[(11, 100)]"
Q86Y13,"[(181, 260), (261, 340)]"
Q86Y25,"[(10, 83)]"
Q86YF9,"[(78, 157), (158, 247), (322, 401), (683, 822)]"
Q86YI8,"[(21, 100), (121, 260)]"
Q86YN6,"[(157, 356), (837, 916)]"
Q86YP4,"[(91, 171), (212, 320)]"
Q8HWS3,"[(32, 111), (282, 361), (402, 481), (752, 891)]"
Q8IU81,"[(1, 90)]"
Q8IUD6,"[(1, 190)]"
Q8IUE1,"[(152, 241)]"
Q8IUF8,"[(1, 90), (161, 260)]"
Q8IUF8-4,"[(221, 300)]"
Q8IUM7,"[(292, 371)]"
Q8IUX4,"[(211, 290)]"
Q8IUX7,"[(227, 316), (367, 446)]"
Q8IVH2,"[(222, 381), (442, 521)]"
Q8IVH2-3,"[(172, 251)]"
Q8IVP9,"[(1, 102)]"
Q8IVW6,"[(142, 221)]"
Q8IWA0,"[(581, 660)]"
Q8IWI9,"[(112, 191), (302, 481), (722, 851), (1011, 1090), (1102, 1231), (1853, 2112), (2193, 2272), (2373, 2512), (2533, 2612), (2683, 2762)]"
Q8IWV8,"[(51, 200), (231, 310), (771, 850)]"
Q8IX07,"[(132, 281), (392, 571)]"
Q8IX15,"[(54, 143), (154, 253), (324, 403)]"
Q8IX21,"[(981, 1060)]"
Q8IXF0,"[(192, 271), (502, 691), (722, 801)]"
Q8IXK0,"[(392, 471), (780, 859)]"
Q8IXT2,"[(132, 241), (282, 361)]"
Q8IY51,"[(202, 281)]"
Q8IY57,"[(75, 204)]"
Q8IYA7,"[(52, 151), (152, 291), (300, 321), (326, 352)]"
Q8IYB9,"[(1, 95)]"
Q8IYR2,"[(21, 100)]"
Q8IYW5,"[(21, 100), (281, 360)]"
Q8IZ20,"[(22, 101), (142, 281)]"
Q8IZ26,"[(37, 149)]"
Q8IZD2,"[(81, 160), (411, 500), (521, 600), (751, 890)]"
Q8IZX4,"[(451, 540)]"
Q8N0Y2,"[(32, 121), (132, 211)]"
Q8N100,"[(22, 111)]"
Q8N141,"[(1, 97)]"
Q8N143,"[(1, 128), (132, 324)]"
Q8N196,"[(502, 621)]"
Q8N1G0,"[(212, 351), (502, 581), (762, 971)]"
Q8N1L9,"[(22, 101)]"
Q8N1W2,"[(102, 181), (562, 641)]"
Q8N2I2-4,"[(2, 101)]"
Q8N2R0,"[(173, 302)]"
Q8N371,"[(169, 338)]"
Q8N3J2,"[(101, 180), (201, 290)]"
Q8N3J9,"[(2, 81), (182, 261)]"
Q8N3Y7,"[(101, 190)]"
Q8N488,"[(121, 228)]"
Q8N554,"[(232, 311)]"
Q8N5J4,"[(2, 131)]"
Q8N5Y2,"[(151, 230)]"
Q8N693,"[(72, 211)]"
Q8N720,"[(42, 151)]"
Q8N7H5,"[(21, 120), (181, 400)]"
Q8N806,"[(191, 330)]"
Q8N895,"[(102, 291), (412, 610)]"
Q8N8E2,"[(108, 187)]"
Q8N8U2,"[(1, 80)]"
Q8N988,"[(6, 137)]"
Q8N9L1,"[(90, 179)]"
Q8N9N5,"[(200, 279)]"
Q8N9N5-2,"[(21, 140)]"
Q8N9V7,"[(121, 270), (821, 980)]"
Q8N9Z0-2,"[(4, 115)]"
Q8NA31,"[(262, 341), (400, 479)]"
Q8NA42,"[(1, 80)]"
Q8NA92,"[(142, 251)]"
Q8NAF0,"[(202, 281)]"
Q8NAM6,"[(1, 201), (272, 361)]"
Q8NAP3,"[(1, 341), (412, 521), (652, 791)]"
Q8NAP8,"[(102, 181), (202, 301), (332, 411)]"
Q8NAT2,"[(401, 480)]"
Q8NB12,"[(1, 120), (261, 340), (411, 490)]"
Q8NBF1,"[(1, 281)]"
Q8NBZ0,"[(1, 80)]"
Q8NCA9,"[(12, 141), (244, 323)]"
Q8NCD3,"[(386, 465), (536, 615)]"
Q8NCN2,"[(1, 299)]"
Q8NCY6,"[(72, 341)]"
Q8ND82,"[(2, 151), (222, 301), (642, 737)]"
Q8NDB2,"[(78, 217)]"
Q8NDG6,"[(1031, 1110)]"
Q8NDQ6,"[(1, 124)]"
Q8NEM1,"[(1, 104)]"
Q8NEM7,"[(70, 149), (679, 758)]"
Q8NEZ4,"[(211, 380), (391, 540), (921, 1150), (1601, 1690), (2701, 2780), (3671, 3790), (4018, 4157), (4428, 4537)]"
Q8NF99,"[(22, 121)]"
Q8NFD5,"[(374, 453)]"
Q8NFU7,"[(150, 280), (282, 460), (521, 650), (661, 810), (961, 1040)]"
Q8NFW5,"[(62, 141)]"
Q8NFW5-2,"[(1, 156)]"
Q8NHM5,"[(15, 94), (571, 690), (742, 982)]"
Q8NHU6,"[(271, 446), (567, 666)]"
Q8NHW3,"[(22, 101)]"
Q8NHY6,"[(84, 194), (213, 319)]"
Q8NI51,"[(72, 151), (162, 241), (534, 613)]"
Q8TAF7,"[(1, 80)]"
Q8TAQ2,"[(181, 260), (862, 961)]"
Q8TAU0,"[(52, 131), (142, 291)]"
Q8TAX0,"[(52, 151)]"
Q8TBB0,"[(92, 191)]"
Q8TBC5,"[(98, 177)]"
Q8TBE0,"[(311, 400)]"
Q8TBJ5,"[(2, 101), (132, 211)]"
Q8TBZ5,"[(462, 541)]"
Q8TC21,"[(8, 104)]"
Q8TC59,"[(401, 540), (601, 680)]"
Q8TCN5,"[(482, 561), (582, 661)]"
Q8TD19,"[(31, 150), (441, 520), (851, 940)]"
Q8TD23,"[(1, 95)]"
Q8TD26,"[(561, 640), (1541, 1620), (1951, 2060)]"
Q8TD47,"[(101, 180)]"
Q8TD94,"[(2, 81)]"
Q8TDB6,"[(131, 270)]"
Q8TDI0,"[(181, 260), (351, 430), (751, 830), (1281, 1360)]"
Q8TE12,"[(182, 271)]"
Q8TE85,"[(296, 421), (482, 561)]"
Q8TEE9,"[(21, 100)]"
Q8TEK3,"[(182, 261), (592, 671)]"
Q8TEY5,"[(202, 281)]"
Q8TF20,"[(82, 191), (212, 291), (762, 841)]"
Q8TF45,"[(1, 85)]"
Q8TF47,"[(11, 76)]"
Q8TF50,"[(122, 261), (502, 591)]"
Q8WUB8,"[(334, 423)]"
Q8WUH1,"[(60, 139)]"
Q8WUH1-1,"[(1, 110)]"
Q8WUU4,"[(32, 251)]"
Q8WUU5,"[(41, 220)]"
Q8WW27,"[(51, 180)]"
Q8WW38,"[(1, 12), (20, 109), (122, 409), (660, 789)]"
Q8WWB7,"[(291, 313)]"
Q8WWQ0,"[(411, 490), (1071, 1170)]"
Q8WWY3,"[(1, 80), (101, 180)]"
Q8WXB4,"[(1, 123)]"
Q8WXI9,"[(112, 191), (201, 280)]"
Q8WXX7,"[(601, 690)]"
Q8WY36,"[(292, 411), (522, 651), (772, 911)]"
Q8WYA1,"[(165, 304)]"
Q8WYB5,"[(291, 370), (439, 518), (611, 838), (1049, 1138)]"
Q8WYH8,"[(71, 230)]"
Q8WYK2,"[(63, 174)]"
Q8WYN3,"[(13, 92)]"
Q8WYP5,"[(822, 901), (990, 1155), (1192, 1271), (1298, 1453), (1552, 1631)]"
Q92481,"[(2, 91)]"
Q92570,"[(42, 221)]"
Q92610,"[(42, 141), (162, 271), (562, 661), (702, 781), (1102, 1181)]"
Q92613,"[(111, 260), (441, 540)]"
Q92618,"[(52, 131), (352, 451), (662, 881), (972, 1111)]"
Q92698,"[(31, 140), (551, 640)]"
Q92731,"[(22, 101), (282, 361)]"
Q92753,"[(102, 291)]"
Q92754,"[(2, 81)]"
Q92766,"[(262, 431), (452, 531), (542, 691), (822, 1011)]"
Q92766-2,"[(38, 117)]"
Q92782,"[(10, 189), (230, 309)]"
Q92784,"[(142, 221), (272, 361)]"
Q92785,"[(281, 370)]"
Q92786,"[(108, 421), (522, 611)]"
Q92793,"[(933, 1092), (1133, 1342), (1673, 1792)]"
Q92794,"[(1, 80), (131, 220), (271, 350), (451, 530), (1341, 1420)]"
Q92826,"[(122, 201), (205, 284)]"
Q92830,"[(121, 200)]"
Q92831,"[(401, 480)]"
Q92833,"[(979, 1058)]"
Q92858,"[(142, 251)]"
Q92870,"[(634, 713)]"
Q92878,"[(37, 191)]"
Q92886,"[(72, 181)]"
Q92889,"[(511, 600)]"
Q92908,"[(286, 365)]"
Q92922,"[(841, 920)]"
Q92925,"[(133, 212)]"
Q92949,"[(342, 421)]"
Q92973,"[(219, 328), (379, 458)]"
Q92985,"[(354, 481)]"
Q92988,"[(40, 119)]"
Q92993,"[(169, 248), (289, 368)]"
Q93009,"[(325, 404), (675, 754)]"
Q93034,"[(521, 600)]"
Q969F1,"[(1, 90)]"
Q969R5,"[(241, 320), (481, 560), (626, 705)]"
Q969W8,"[(1, 107)]"
Q96A47,"[(2, 81)]"
Q96A61,"[(1, 80)]"
Q96AV8,"[(42, 131), (482, 571), (691, 820)]"
Q96B26,"[(61, 140)]"
Q96B54,"[(109, 188)]"
Q96BA8,"[(2, 251)]"
Q96BD5,"[(2, 141), (322, 411), (486, 681)]"
Q96BD5-2,"[(352, 431)]"
Q96BF6,"[(162, 251)]"
Q96BR6,"[(71, 196)]"
Q96BR9,"[(172, 251), (342, 441)]"
Q96BT3,"[(402, 521)]"
Q96BV0,"[(2, 141)]"
Q96C00,"[(232, 361)]"
Q96CK0,"[(382, 461)]"
Q96DP5,"[(181, 260)]"
Q96DT7,"[(79, 479)]"
Q96E29,"[(201, 280)]"
Q96EB1,"[(101, 200)]"
Q96EK4,"[(232, 311)]"
Q96ES7,"[(31, 180)]"
Q96GC6,"[(2, 90)]"
Q96GD3,"[(394, 480)]"
Q96H86,"[(1, 93)]"
Q96HA7,"[(941, 1020)]"
Q96HQ0,"[(8, 118)]"
Q96HZ4,"[(70, 222)]"
Q96I27,"[(102, 181)]"
Q96I27-2,"[(2, 81)]"
Q96I51,"[(261, 340)]"
Q96IS3,"[(12, 101)]"
Q96IU2,"[(112, 201)]"
Q96J94,"[(5, 84)]"
Q96JB3,"[(5, 125), (354, 433), (444, 523)]"
Q96JM2,"[(2, 121), (652, 731), (1032, 1111), (1802, 1931)]"
Q96JM3,"[(2, 131), (622, 701)]"
Q96JM7,"[(62, 181), (217, 406), (651, 755)]"
Q96JN0,"[(12, 91)]"
Q96JN0-3,"[(52, 161), (432, 571), (572, 651)]"
Q96JP5,"[(112, 201), (202, 381)]"
Q96K58,"[(475, 554)]"
Q96K83,"[(452, 531), (682, 791), (1072, 1271)]"
Q96KB5,"[(191, 270)]"
Q96KM6,"[(142, 221), (352, 451)]"
Q96KN3,"[(28, 147), (228, 307), (318, 397)]"
Q96L73,"[(538, 617), (778, 857), (988, 1067), (1148, 1227), (1408, 1687), (2038, 2117)]"
Q96L91,"[(610, 689), (760, 839), (1100, 1179), (2130, 2209), (2290, 2369)]"
Q96LA8,"[(28, 180)]"
Q96LW9,"[(12, 91), (122, 221)]"
Q96ME7,"[(62, 141), (273, 352), (459, 538)]"
Q96MM3,"[(112, 301)]"
Q96MW7,"[(322, 401)]"
Q96N77,"[(1, 132)]"
Q96N95,"[(2, 111)]"
Q96NB3,"[(102, 181)]"
Q96NG8,"[(1, 97)]"
Q96NK8,"[(72, 191), (232, 337)]"
Q96NX9,"[(265, 364)]"
Q96NZ1,"[(202, 311)]"
Q96PE6,"[(1, 100)]"
Q96PU4,"[(301, 440), (681, 790)]"
Q96QE3,"[(91, 200), (591, 670), (1441, 1520)]"
Q96QR8,"[(1, 75), (251, 312)]"
Q96QS3,"[(1, 66), (322, 495)]"
Q96QT6,"[(221, 310), (371, 530)]"
Q96RE9,"[(21, 95)]"
Q96RI1-1,"[(2, 91)]"
Q96RI1-2,"[(142, 221)]"
Q96RK0,"[(1501, 1580)]"
Q96RL1,"[(193, 272)]"
Q96RS0,"[(171, 260)]"
Q96SC8,"[(22, 131)]"
Q96SF7,"[(16, 26)]"
Q96SQ7,"[(192, 271)]"
Q96SR6,"[(5, 46)]"
Q96ST3,"[(111, 200)]"
Q96T23,"[(29, 299), (489, 568), (599, 758)]"
Q96T25,"[(328, 437)]"
Q96T58,"[(412, 491), (542, 621), (1952, 2031), (3562, 3651)]"
Q96T68,"[(362, 441)]"
Q96T88,"[(284, 443)]"
Q96T92,"[(192, 311), (431, 511)]"
Q99081,"[(2, 91), (242, 371)]"
Q99453,"[(82, 161)]"
Q99459,"[(52, 131)]"
Q99496,"[(1, 110)]"
Q99502,"[(1, 187), (376, 455)]"
Q99504,"[(195, 274), (425, 504)]"
Q99543,"[(361, 440)]"
Q99547,"[(21, 120)]"
Q99549,"[(21, 130), (381, 570), (701, 780)]"
Q99581,"[(129, 238)]"
Q99583,"[(2, 81), (242, 331), (392, 501)]"
Q99592,"[(52, 131), (192, 351)]"
Q99593,"[(32, 111), (112, 191)]"
Q99594,"[(32, 111), (152, 231)]"
Q99612,"[(12, 111)]"
Q99626,"[(172, 251)]"
Q99676,"[(9, 119)]"
Q99684,"[(1, 20)]"
Q99687,"[(279, 358)]"
Q99697,"[(39, 168), (232, 271)]"
Q99697-2,"[(62, 141)]"
Q99708,"[(11, 120), (511, 650), (661, 740)]"
Q99733,"[(21, 120)]"
Q99741,"[(221, 300)]"
Q99742,"[(30, 165), (442, 590)]"
Q99743,"[(32, 191), (472, 571)]"
Q99750,"[(131, 246)]"
Q99801,"[(2, 91), (139, 190)]"
Q99811,"[(33, 50), (92, 181), (225, 253)]"
Q99814,"[(32, 171), (272, 471)]"
Q99853,"[(142, 241)]"
Q99856,"[(282, 471)]"
Q99873,"[(231, 310)]"
Q99929,"[(32, 141)]"
Q99941,"[(12, 268)]"
Q99958,"[(152, 301), (494, 501)]"
Q99986,"[(1, 140), (201, 320)]"
Q9BQ39,"[(131, 210)]"
Q9BQ87,"[(101, 180)]"
Q9BQA1,"[(61, 140), (167, 246)]"
Q9BQA5,"[(92, 171)]"
Q9BQI6,"[(21, 100), (101, 180), (311, 430), (881, 970)]"
Q9BQW3,"[(150, 239), (290, 369)]"
Q9BRJ9,"[(62, 161), (189, 268)]"
Q9BRP0,"[(1, 33)]"
Q9BRZ2,"[(31, 110), (221, 320), (511, 600)]"
Q9BS31,"[(1, 56)]"
Q9BS34,"[(2, 81)]"
Q9BSJ1,"[(38, 150)]"
Q9BSM1,"[(97, 176)]"
Q9BT49,"[(1, 100), (212, 309)]"
Q9BTA9,"[(121, 215), (458, 537)]"
Q9BTP6,"[(2, 101)]"
Q9BTT0,"[(23, 112), (133, 212)]"
Q9BU19,"[(7, 86)]"
Q9BUD6,"[(151, 240)]"
Q9BUG6,"[(22, 201)]"
Q9BUY5,"[(42, 98)]"
Q9BVI0,"[(42, 131), (252, 331), (372, 451), (602, 751)]"
Q9BVI4,"[(51, 170)]"
Q9BW11,"[(2, 81)]"
Q9BW71,"[(381, 460)]"
Q9BWN1,"[(1, 110), (121, 200)]"
Q9BWX5,"[(142, 301)]"
Q9BXA6,"[(81, 200)]"
Q9BXA9,"[(39, 148), (769, 878)]"
Q9BXG8,"[(262, 371)]"
Q9BXK1,"[(1, 124)]"
Q9BXT4,"[(31, 121), (291, 370), (491, 570)]"
Q9BXT6,"[(601, 680), (791, 870)]"
Q9BY66,"[(351, 440)]"
Q9BYE0,"[(42, 121), (151, 230)]"
Q9BYE7,"[(32, 171), (192, 271)]"
Q9BYM8,"[(190, 299), (330, 409)]"
Q9BYU1,"[(162, 241)]"
Q9BYV9,"[(142, 351), (552, 641), (642, 731)]"
Q9BYW2,"[(81, 180), (971, 1050), (1511, 1590), (1681, 1780)]"
Q9BZ95,"[(131, 290), (361, 440), (481, 700), (891, 970), (1220, 1419)]"
Q9BZE0,"[(122, 261)]"
Q9BZE3,"[(1, 327)]"
Q9BZI1,"[(322, 401)]"
Q9BZK7,"[(1, 130), (371, 514)]"
Q9BZL6,"[(51, 130), (211, 310)]"
Q9BZM3,"[(182, 261)]"
Q9BZR9,"[(221, 300), (421, 500)]"
Q9BZS1,"[(67, 132)]"
Q9C009,"[(202, 341)]"
Q9C056,"[(56, 66), (132, 221)]"
Q9C0A1,"[(92, 221), (722, 801), (802, 881), (972, 1051), (1142, 1221), (2112, 2191)]"
Q9C0A6,"[(10, 89), (143, 222), (633, 762)]"
Q9C0D4,"[(292, 401), (562, 701), (902, 1021)]"
Q9C0F0,"[(511, 590), (1101, 1190), (1411, 1530), (1571, 1710), (1831, 1910), (2041, 2150)]"
Q9C0G0,"[(812, 891), (1002, 1081), (2082, 2221)]"
Q9C0J9,"[(152, 341)]"
Q9C0K0,"[(22, 131), (571, 690)]"
Q9GZU2,"[(558, 637), (808, 887), (1378, 1457)]"
Q9GZV8,"[(22, 121), (182, 271), (332, 461)]"
Q9GZX5,"[(1, 99)]"
Q9H091,"[(141, 220), (530, 609)]"
Q9H0A0,"[(49, 128)]"
Q9H0D2,"[(112, 211), (772, 881), (1082, 1301)]"
Q9H0E7,"[(31, 110), (461, 600)]"
Q9H0E9,"[(205, 284), (444, 663)]"
Q9H0M4,"[(101, 180), (242, 370)]"
Q9H0U9,"[(61, 140)]"
Q9H0W7,"[(52, 131), (132, 211)]"
Q9H116,"[(32, 111), (202, 311)]"
Q9H147,"[(52, 141)]"
Q9H160,"[(21, 120)]"
Q9H161,"[(192, 291)]"
Q9H165,"[(1, 128), (388, 487), (538, 677)]"
Q9H1K0,"[(22, 101)]"
Q9H2A3,"[(92, 201)]"
Q9H2C1,"[(32, 111)]"
Q9H2F5,"[(241, 320), (341, 420)]"
Q9H2P0,"[(32, 111), (132, 211), (452, 621), (622, 761), (762, 891), (972, 1051)]"
Q9H2S9,"[(51, 130), (171, 250), (460, 544)]"
Q9H2W2,"[(72, 151)]"
Q9H2X6,"[(804, 933)]"
Q9H2Z4,"[(172, 271)]"
Q9H334,"[(223, 390), (391, 473)]"
Q9H3D4,"[(2, 137), (187, 595)]"
Q9H3R0,"[(163, 242), (463, 542), (653, 732), (743, 822), (931, 1056)]"
Q9H4I2,"[(2, 81), (142, 221), (303, 502)]"
Q9H4L4,"[(261, 340), (381, 460)]"
Q9H4L7,"[(111, 230), (261, 340), (341, 420)]"
Q9H4Q3,"[(72, 151), (422, 501), (562, 641)]"
Q9H4Q4,"[(72, 161), (172, 251)]"
Q9H4S2,"[(132, 221)]"
Q9H4T2,"[(22, 111)]"
Q9H4W6,"[(12, 141)]"
Q9H4W6-2,"[(192, 271)]"
Q9H4Z2,"[(57, 136), (647, 726)]"
Q9H582,"[(212, 291), (292, 421), (452, 531), (892, 971), (1032, 1151)]"
Q9H5J0,"[(302, 421)]"
Q9H5L6,"[(122, 201)]"
Q9H5V7,"[(340, 419)]"
Q9H609,"[(42, 170)]"
Q9H6B1,"[(22, 101)]"
Q9H6W3,"[(109, 248), (289, 408)]"
Q9H707,"[(1, 80)]"
Q9H7B4,"[(2, 111), (123, 222)]"
Q9H7E2,"[(611, 720)]"
Q9H7E2-3,"[(41, 140)]"
Q9H7L9,"[(81, 160)]"
Q9H7R5,"[(2, 151)]"
Q9H7S9,"[(12, 111), (280, 590)]"
Q9H7Z6,"[(141, 220)]"
Q9H8E8,"[(11, 150), (243, 352), (443, 522)]"
Q9H8M2,"[(398, 527)]"
Q9H8N7,"[(32, 111), (112, 241), (262, 511)]"
Q9H930,"[(287, 366)]"
Q9H981,"[(1, 90)]"
Q9H9A7,"[(91, 170), (481, 560)]"
Q9H9S0,"[(1, 271)]"
Q9H9T3,"[(11, 90)]"
Q9H9V9,"[(271, 430)]"
Q9HAK2,"[(2, 181), (192, 271)]"
Q9HAP2,"[(222, 351)]"
Q9HAZ2,"[(162, 241), (498, 677)]"
Q9HBE1,"[(1, 259)]"
Q9HBU1,"[(2, 101)]"
Q9HBZ2,"[(131, 210)]"
Q9HC52,"[(1, 80), (310, 389)]"
Q9HC62,"[(11, 90)]"
Q9HC78,"[(222, 331)]"
Q9HCC6,"[(121, 221)]"
Q9HCE1,"[(61, 200)]"
Q9HCE3,"[(592, 691), (782, 931)]"
Q9HCI7,"[(41, 216)]"
Q9HCK0,"[(112, 191), (232, 311)]"
Q9HCK8,"[(181, 260), (371, 540), (971, 1050), (1941, 2020)]"
Q9HCL3,"[(1, 108)]"
Q9HCM1,"[(351, 440), (721, 950), (991, 1230)]"
Q9HCM7,"[(21, 150), (291, 370), (531, 670), (791, 920)]"
Q9HCS4,"[(129, 411)]"
Q9HCU9,"[(141, 246)]"
Q9HD90,"[(72, 181)]"
Q9NP08,"[(192, 281)]"
Q9NP62,"[(82, 191), (312, 391)]"
Q9NP71,"[(1, 178), (489, 568)]"
Q9NPC7,"[(82, 161)]"
Q9NPC8,"[(1, 124)]"
Q9NPD3,"[(161, 240)]"
Q9NPD8,"[(1, 90)]"
Q9NPG3,"[(1, 110), (361, 460)]"
Q9NPI1,"[(381, 480)]"
Q9NQ33,"[(12, 171)]"
Q9NQ87,"[(22, 101), (165, 328)]"
Q9NQ94,"[(256, 355)]"
Q9NQB0,"[(85, 596)]"
Q9NQC1,"[(71, 150)]"
Q9NQL9,"[(2, 91), (242, 321), (362, 441)]"
Q9NQR1,"[(131, 210), (251, 340)]"
Q9NQT4,"[(41, 120)]"
Q9NQT5,"[(41, 120)]"
Q9NQV5,"[(1, 100), (371, 450)]"
Q9NQV6,"[(302, 391), (556, 635)]"
Q9NQW5,"[(361, 440)]"
Q9NQX0,"[(19, 413)]"
Q9NQX1,"[(32, 151), (212, 320), (351, 450), (491, 580)]"
Q9NQX6,"[(1, 98)]"
Q9NR22,"[(102, 181)]"
Q9NR30,"[(173, 252)]"
Q9NR48,"[(132, 211), (702, 781), (1352, 1441), (1762, 1841), (2232, 2311), (2532, 2621), (2642, 2721), (2872, 2961)]"
Q9NR83,"[(42, 189)]"
Q9NRE2,"[(259, 388), (529, 668), (759, 838)]"
Q9NRL2,"[(71, 190), (959, 1058), (1129, 1228)]"
Q9NRM2,"[(292, 371)]"
Q9NRY4,"[(342, 481), (582, 661), (862, 941), (1042, 1151), (1272, 1351)]"
Q9NRZ9,"[(351, 450)]"
Q9NS37,"[(92, 171), (232, 311)]"
Q9NS56,"[(357, 486), (557, 636), (667, 796)]"
Q9NS73,"[(81, 160), (265, 344)]"
Q9NSC2,"[(1, 204), (337, 704), (965, 1054)]"
Q9NSD4,"[(2, 121)]"
Q9NSI6,"[(191, 280), (961, 1040), (1231, 1320), (1611, 1690), (1731, 1820)]"
Q9NU39,"[(282, 401)]"
Q9NU63,"[(1, 48)]"
Q9NUA8,"[(682, 821), (1022, 1141)]"
Q9NV66,"[(231, 310), (311, 390), (411, 500), (581, 660)]"
Q9NVM4,"[(51, 130), (301, 400), (401, 480)]"
Q9NVP2,"[(1, 110)]"
Q9NVW2,"[(40, 119), (170, 259)]"
Q9NWK9,"[(11, 231)]"
Q9NWS9,"[(11, 100), (101, 263)]"
Q9NWT6,"[(71, 150), (181, 260)]"
Q9NX45,"[(132, 291)]"
Q9NXR8,"[(41, 160)]"
Q9NXW9,"[(141, 220)]"
Q9NY27,"[(75, 154)]"
Q9NY43,"[(82, 261)]"
Q9NYD6,"[(32, 161)]"
Q9NYS7,"[(31, 110)]"
Q9NZC4,"[(24, 233)]"
Q9NZI5,"[(102, 301)]"
Q9NZI6,"[(2, 101), (332, 471)]"
Q9NZI7,"[(72, 151), (326, 495)]"
Q9NZL3,"[(1, 47)]"
Q9NZR4,"[(152, 261)]"
Q9NZV7,"[(155, 249)]"
Q9P0J1,"[(386, 465)]"
Q9P0J7,"[(12, 91)]"
Q9P0U4,"[(2, 111), (332, 505)]"
Q9P0W2,"[(82, 187)]"
Q9P1Z0,"[(272, 361), (412, 571), (752, 891), (892, 1001)]"
Q9P215,"[(2, 201)]"
Q9P243,"[(142, 221)]"
Q9P275,"[(871, 950)]"
Q9P2D1,"[(1031, 1110), (1851, 1940), (2461, 2540)]"
Q9P2F9,"[(102, 181), (392, 561)]"
Q9P2K3,"[(69, 158)]"
Q9P2L0,"[(21, 100), (1051, 1130)]"
Q9P2N6,"[(11, 100)]"
Q9P2Y4,"[(112, 334), (582, 701)]"
Q9UBB5,"[(176, 311)]"
Q9UBC0,"[(448, 465)]"
Q9UBC3,"[(113, 192), (379, 458)]"
Q9UBD0,"[(292, 381)]"
Q9UBG7,"[(262, 341)]"
Q9UBK2,"[(14, 200), (464, 543)]"
Q9UBN7,"[(909, 998)]"
Q9UBP5,"[(1, 121)]"
Q9UBR4,"[(142, 231)]"
Q9UBR4-2,"[(1, 31)]"
Q9UBU8,"[(1, 113)]"
Q9UBW7,"[(171, 250), (641, 740), (821, 930), (1111, 1200)]"
Q9UBX0,"[(1, 151)]"
Q9UD57,"[(2, 81), (102, 241)]"
Q9UEG4,"[(432, 511)]"
Q9UFB7,"[(112, 241), (402, 481)]"
Q9UFC0,"[(261, 340)]"
Q9UFW8,"[(22, 101)]"
Q9UGJ0,"[(117, 196), (317, 426)]"
Q9UGL1,"[(172, 497), (522, 638), (1215, 1580)]"
Q9UGL1-2,"[(251, 350)]"
Q9UGN5,"[(51, 130), (328, 407), (428, 547)]"
Q9UGU0,"[(62, 141), (682, 761), (882, 971), (982, 1061), (1282, 1401), (1792, 1891)]"
Q9UGU5,"[(1, 80), (491, 570)]"
Q9UH73,"[(12, 281)]"
Q9UHE5,"[(101, 180)]"
Q9UHF7,"[(633, 832), (1073, 1232)]"
Q9UHI6,"[(151, 230)]"
Q9UHJ3,"[(211, 300), (341, 520)]"
Q9UHL9,"[(12, 101), (454, 603), (749, 828)]"
Q9UHR5,"[(213, 292)]"
Q9UI36,"[(330, 504), (512, 591)]"
Q9UI36-2,"[(312, 421)]"
Q9UID6,"[(372, 451)]"
Q9UIF8,"[(320, 429), (626, 705), (926, 1065), (1316, 1465), (1901, 2000)]"
Q9UIF9,"[(1102, 1201), (1202, 1341), (1468, 1547), (1648, 1757)]"
Q9UIG0,"[(21, 100), (391, 470), (817, 896), (1057, 1186), (1187, 1266)]"
Q9UIH9,"[(1, 152), (192, 301)]"
Q9UIS9,"[(1, 81), (141, 221), (337, 436), (457, 630)]"
Q9UIU6,"[(392, 501)]"
Q9UIW0,"[(82, 171)]"
Q9UJQ4,"[(172, 291)]"
Q9UJU2,"[(77, 206)]"
Q9UJU5,"[(378, 384)]"
Q9UJV8,"[(32, 121), (202, 281)]"
Q9UJW3,"[(11, 100)]"
Q9UK13,"[(2, 111)]"
Q9UK80,"[(381, 460), (481, 560)]"
Q9UKD1,"[(182, 291)]"
Q9UKI8,"[(173, 252), (523, 612)]"
Q9UKI9,"[(2, 121), (218, 297)]"
Q9UKL0,"[(121, 200)]"
Q9UKN5,"[(492, 571)]"
Q9UKN8,"[(541, 620)]"
Q9UKS7,"[(22, 121), (230, 309)]"
Q9UKT9,"[(38, 121), (341, 422)]"
Q9UKV0,"[(437, 516), (524, 623)]"
Q9UKW6,"[(42, 121)]"
Q9UKY1,"[(92, 171), (612, 751), (831, 873)]"
Q9UL36,"[(492, 571)]"
Q9UL40,"[(42, 121)]"
Q9UL49,"[(155, 234)]"
Q9UL59,"[(1, 103)]"
Q9UL68,"[(212, 291), (402, 481), (572, 879), (1052, 1131)]"
Q9ULC6,"[(21, 240)]"
Q9ULD4,"[(171, 280), (411, 530), (727, 806), (861, 960)]"
Q9ULD5,"[(189, 254), (283, 362)]"
Q9ULD9,"[(5, 84), (212, 461), (555, 674), (795, 994)]"
Q9ULG1,"[(1, 140), (201, 280), (1171, 1260)]"
Q9ULI0,"[(161, 240)]"
Q9ULJ3,"[(1, 545), (551, 791)]"
Q9ULL5,"[(212, 331), (822, 901), (1212, 1341), (1592, 1671), (1752, 1861)]"
Q9ULM3,"[(261, 360), (521, 670), (1041, 1230), (1271, 1370)]"
Q9ULU4,"[(181, 330), (521, 620), (641, 770), (851, 990)]"
Q9ULU4-10,"[(1, 80)]"
Q9ULV5,"[(121, 231), (272, 371)]"
Q9ULW6,"[(39, 118)]"
Q9ULW8,"[(121, 200), (321, 400), (431, 530)]"
Q9ULX6,"[(251, 330)]"
Q9UM07,"[(21, 130)]"
Q9UM63,"[(50, 169)]"
Q9UMN6,"[(942, 1031), (1132, 1401)]"
Q9UMR3,"[(419, 447)]"
Q9UMS4,"[(31, 120), (231, 350), (381, 460)]"
Q9UN79,"[(132, 231)]"
Q9UNL4,"[(149, 228)]"
Q9UNX4,"[(21, 140)]"
Q9UNY5,"[(52, 131)]"
Q9UPG8,"[(52, 131), (182, 431)]"
Q9UPM6,"[(121, 220)]"
Q9UPN9,"[(171, 310), (701, 960), (1041, 1120)]"
Q9UPP1,"[(11, 90), (550, 669), (760, 839)]"
Q9UPS6,"[(521, 640), (841, 920), (1648, 1727)]"
Q9UPW6,"[(12, 101), (164, 311)]"
Q9UQ80,"[(52, 131), (296, 340)]"
Q9UQB9,"[(92, 171)]"
Q9UQE7,"[(141, 220), (251, 330), (641, 750)]"
Q9UQR0,"[(59, 138)]"
Q9UQR1,"[(136, 184), (292, 491)]"
Q9Y230,"[(26, 155), (196, 305)]"
Q9Y232,"[(149, 228)]"
Q9Y232-2,"[(1, 80)]"
Q9Y235,"[(1, 80)]"
Q9Y261,"[(8, 87), (378, 457)]"
Q9Y265,"[(101, 180), (301, 380)]"
Q9Y2D1,"[(202, 281)]"
Q9Y2D9,"[(42, 121)]"
Q9Y2E6,"[(15, 104), (415, 494)]"
Q9Y2G1,"[(192, 341), (982, 1071)]"
Q9Y2G1-2,"[(952, 1031)]"
Q9Y2J8,"[(41, 120)]"
Q9Y2K1,"[(14, 109), (252, 481)]"
Q9Y2K7,"[(93, 352)]"
Q9Y2R4,"[(151, 230), (421, 500)]"
Q9Y2V3,"[(1, 33), (122, 211), (219, 263)]"
Q9Y2W6,"[(206, 285)]"
Q9Y2W7,"[(46, 125)]"
Q9Y2X9,"[(52, 201), (606, 695)]"
Q9Y2Y9,"[(2, 168)]"
Q9Y330,"[(22, 101), (122, 251)]"
Q9Y3B9,"[(121, 240)]"
Q9Y3Y2,"[(11, 90)]"
Q9Y458,"[(1, 301), (321, 400)]"
Q9Y462,"[(132, 321)]"
Q9Y466,"[(377, 422)]"
Q9Y467,"[(132, 261), (462, 541)]"
Q9Y473,"[(27, 89)]"
Q9Y478,"[(11, 150)]"
Q9Y483,"[(2, 81), (142, 279), (425, 504)]"
Q9Y4A0,"[(142, 221)]"
Q9Y4A5,"[(541, 620), (1801, 1880), (2281, 2360), (2361, 2440), (2481, 2600), (2731, 2840)]"
Q9Y4A8,"[(342, 421), (582, 671)]"
Q9Y4B4,"[(131, 260), (351, 450), (991, 1080)]"
Q9Y4E5-4,"[(2, 101), (132, 241), (452, 531)]"
Q9Y4E8,"[(41, 150), (465, 544), (725, 804)]"
Q9Y4X4,"[(2, 221), (323, 402)]"
Q9Y4Z2,"[(62, 171)]"
Q9Y543,"[(81, 173)]"
Q9Y5A6,"[(32, 111)]"
Q9Y5B9,"[(671, 830)]"
Q9Y5J3,"[(1, 121)]"
Q9Y5R5,"[(82, 181), (249, 328)]"
Q9Y5R6,"[(182, 261)]"
Q9Y5T5,"[(21, 110), (171, 310), (431, 510)]"
Q9Y5W3,"[(62, 268)]"
Q9Y5X4,"[(248, 410)]"
Q9Y5Z7,"[(521, 610)]"
Q9Y603,"[(1, 121)]"
Q9Y618,"[(804, 883)]"
Q9Y651,"[(126, 276)]"
Q9Y692,"[(52, 141), (202, 291)]"
Q9Y6I4,"[(67, 146), (377, 466)]"
Q9Y6J9,"[(391, 470)]"
Q9Y6K1,"[(312, 391)]"
Q9Y6Q9,"[(12, 181), (292, 371), (652, 861)]"
Q9Y6X0,"[(362, 441), (1002, 1121)]"
Q9Y6X8,"[(2, 81), (263, 446)]"
Q9Y6Y1,"[(282, 361), (472, 721), (822, 911), (912, 1051)]"
