,Ensembl
0,ENSG00000137203
1,ENSG00000008196
2,ENSG00000087510
3,ENSG00000151379
4,ENSG00000136997
5,ENSG00000159263
6,ENSG00000090447
7,ENSG00000175592
8,ENSG00000108924
9,ENSG00000119866
10,ENSG00000127152
11,ENSG00000113916
12,ENSG00000102554
13,ENSG00000204366
14,ENSG00000181472
15,ENSG00000184828
16,ENSG00000170684
17,ENSG00000165244
18,ENSG00000125945
19,ENSG00000165655
20,ENSG00000105732
21,ENSG00000274349
22,ENSG00000186230
23,ENSG00000141579
24,ENSG00000228623
25,ENSG00000197114
26,ENSG00000176399
27,ENSG00000142700
28,ENSG00000157557
29,ENSG00000175832
30,ENSG00000129514
31,ENSG00000178919
32,ENSG00000186766
33,ENSG00000109101
34,ENSG00000164379
35,ENSG00000158055
36,ENSG00000129194
37,ENSG00000181449
38,ENSG00000125285
39,ENSG00000171056
40,ENSG00000125398
41,ENSG00000105991
42,ENSG00000105996
43,ENSG00000105997
44,ENSG00000197576
45,ENSG00000106004
46,ENSG00000198353
47,ENSG00000172789
48,ENSG00000113430
49,ENSG00000136327
50,ENSG00000069011
51,ENSG00000177426
52,ENSG00000117595
53,ENSG00000172819
54,ENSG00000243678
55,ENSG00000073282
56,ENSG00000078900
57,ENSG00000198807
58,ENSG00000137203
59,ENSG00000087510
60,ENSG00000116017
61,ENSG00000137309
62,ENSG00000116990
63,ENSG00000050344
64,ENSG00000169635
65,ENSG00000198300
66,ENSG00000189120
67,ENSG00000066827
68,ENSG00000179059
69,ENSG00000171295
70,ENSG00000265763
71,ENSG00000197472
72,ENSG00000197054
73,ENSG00000197933
74,ENSG00000257446
75,ENSG00000213988
76,ENSG00000130182
77,ENSG00000180346
78,ENSG00000187772
79,ENSG00000130816
80,ENSG00000205250
81,ENSG00000010030
82,ENSG00000214336
83,ENSG00000184481
84,ENSG00000107485
85,ENSG00000134317
86,ENSG00000118418
87,ENSG00000168875
88,ENSG00000064195
89,ENSG00000105880
90,ENSG00000006377
91,ENSG00000204595
92,ENSG00000016082
93,ENSG00000120149
94,ENSG00000132170
95,ENSG00000115163
96,ENSG00000007866
97,ENSG00000197905
98,ENSG00000137203
99,ENSG00000087510
100,ENSG00000116017
101,ENSG00000137309
102,ENSG00000183734
103,ENSG00000116016
104,ENSG00000164683
105,ENSG00000134323
106,ENSG00000123685
107,ENSG00000169635
108,ENSG00000164920
109,ENSG00000124216
110,ENSG00000179059
111,ENSG00000204644
112,ENSG00000256229
113,ENSG00000197472
114,ENSG00000196417
115,ENSG00000198346
116,ENSG00000213988
117,ENSG00000187772
118,ENSG00000138336
119,ENSG00000102034
120,ENSG00000175832
121,ENSG00000111206
122,ENSG00000179348
123,ENSG00000107485
124,ENSG00000137270
125,ENSG00000134317
126,ENSG00000064961
127,ENSG00000118418
128,ENSG00000148737
129,ENSG00000064195
130,ENSG00000108813
131,ENSG00000105880
132,ENSG00000006377
133,ENSG00000164438
134,ENSG00000148200
135,ENSG00000132170
136,ENSG00000115163
137,ENSG00000169689
138,ENSG00000007866
139,ENSG00000137203
140,ENSG00000008196
141,ENSG00000187098
142,ENSG00000178860
143,ENSG00000181690
144,ENSG00000019549
145,ENSG00000147117
146,ENSG00000169548
147,ENSG00000197935
148,ENSG00000183647
149,ENSG00000186230
150,ENSG00000175832
151,ENSG00000168269
152,ENSG00000064961
153,ENSG00000138795
154,ENSG00000182968
155,ENSG00000100146
156,ENSG00000180318
157,ENSG00000186103
158,ENSG00000165606
159,ENSG00000170370
160,ENSG00000163064
161,ENSG00000123407
162,ENSG00000123364
163,ENSG00000197757
164,ENSG00000037965
165,ENSG00000180806
166,ENSG00000135903
167,ENSG00000143171
168,ENSG00000106624
169,ENSG00000101096
170,ENSG00000160224
171,ENSG00000137203
172,ENSG00000087510
173,ENSG00000126705
174,ENSG00000134107
175,ENSG00000069812
176,ENSG00000136997
177,ENSG00000116990
178,ENSG00000159263
179,ENSG00000175592
180,ENSG00000204103
181,ENSG00000119866
182,ENSG00000030419
183,ENSG00000102554
184,ENSG00000102349
185,ENSG00000172818
186,ENSG00000184828
187,ENSG00000171940
188,ENSG00000170684
189,ENSG00000125945
190,ENSG00000165655
191,ENSG00000171970
192,ENSG00000186230
193,ENSG00000141579
194,ENSG00000228623
195,ENSG00000197114
196,ENSG00000176399
197,ENSG00000142700
198,ENSG00000129173
199,ENSG00000135373
200,ENSG00000178919
201,ENSG00000186766
202,ENSG00000109101
203,ENSG00000164379
204,ENSG00000158055
205,ENSG00000129194
206,ENSG00000181449
207,ENSG00000125285
208,ENSG00000171056
209,ENSG00000125398
210,ENSG00000043039
211,ENSG00000105991
212,ENSG00000105996
213,ENSG00000197576
214,ENSG00000106004
215,ENSG00000198353
216,ENSG00000172789
217,ENSG00000177508
218,ENSG00000113430
219,ENSG00000176842
220,ENSG00000069011
221,ENSG00000117595
222,ENSG00000126368
223,ENSG00000172819
224,ENSG00000243678
225,ENSG00000073282
226,ENSG00000198807
227,ENSG00000149922
228,ENSG00000137203
229,ENSG00000087510
230,ENSG00000116017
231,ENSG00000179361
232,ENSG00000150347
233,ENSG00000137309
234,ENSG00000116016
235,ENSG00000069812
236,ENSG00000112561
237,ENSG00000245848
238,ENSG00000172216
239,ENSG00000182158
240,ENSG00000185022
241,ENSG00000198517
242,ENSG00000050344
243,ENSG00000169635
244,ENSG00000172818
245,ENSG00000198300
246,ENSG00000189120
247,ENSG00000066827
248,ENSG00000179059
249,ENSG00000178150
250,ENSG00000197279
251,ENSG00000121417
252,ENSG00000169548
253,ENSG00000178338
254,ENSG00000171295
255,ENSG00000204604
256,ENSG00000265763
257,ENSG00000172006
258,ENSG00000171161
259,ENSG00000143067
260,ENSG00000183779
261,ENSG00000141579
262,ENSG00000160336
263,ENSG00000197933
264,ENSG00000197385
265,ENSG00000180532
266,ENSG00000180346
267,ENSG00000187772
268,ENSG00000130816
269,ENSG00000175832
270,ENSG00000244405
271,ENSG00000214336
272,ENSG00000184481
273,ENSG00000179348
274,ENSG00000107485
275,ENSG00000137270
276,ENSG00000134317
277,ENSG00000105856
278,ENSG00000064961
279,ENSG00000064195
280,ENSG00000105880
281,ENSG00000006377
282,ENSG00000204595
283,ENSG00000016082
284,ENSG00000120149
285,ENSG00000137709
286,ENSG00000117595
287,ENSG00000071655
288,ENSG00000196482
289,ENSG00000112033
290,ENSG00000132170
291,ENSG00000120837
292,ENSG00000138073
293,ENSG00000102804
294,ENSG00000135111
295,ENSG00000028839
296,ENSG00000007866
297,ENSG00000008196
298,ENSG00000008197
299,ENSG00000116819
300,ENSG00000180828
301,ENSG00000123095
302,ENSG00000171532
303,ENSG00000174576
304,ENSG00000260428
305,ENSG00000105516
306,ENSG00000108924
307,ENSG00000011332
308,ENSG00000168348
309,ENSG00000185513
310,ENSG00000196132
311,ENSG00000186487
312,ENSG00000198300
313,ENSG00000112238
314,ENSG00000165821
315,ENSG00000256463
316,ENSG00000101115
317,ENSG00000261678
318,ENSG00000215397
319,ENSG00000204366
320,ENSG00000181007
321,ENSG00000269699
322,ENSG00000161298
323,
324,ENSG00000173258
325,ENSG00000265763
326,ENSG00000103199
327,ENSG00000257591
328,ENSG00000198046
329,ENSG00000214652
330,ENSG00000196456
331,ENSG00000188227
332,ENSG00000278129
333,ENSG00000127903
334,ENSG00000176723
335,ENSG00000236609
336,ENSG00000179886
337,ENSG00000169856
338,ENSG00000119547
339,ENSG00000205922
340,
341,ENSG00000108001
342,ENSG00000124827
343,ENSG00000156150
344,ENSG00000186103
345,ENSG00000143032
346,ENSG00000215612
347,ENSG00000273706
348,ENSG00000143355
349,ENSG00000105419
350,ENSG00000111704
351,ENSG00000165066
352,ENSG00000138083
353,ENSG00000116035
354,ENSG00000007372
355,ENSG00000152192
356,ENSG00000151615
357,ENSG00000248483
358,ENSG00000102878
359,ENSG00000119715
360,ENSG00000198963
361,ENSG00000172733
362,ENSG00000117707
363,ENSG00000160224
364,ENSG00000087510
365,ENSG00000150347
366,ENSG00000069812
367,ENSG00000136997
368,ENSG00000175592
369,ENSG00000127152
370,ENSG00000169594
371,ENSG00000019549
372,ENSG00000277462
373,ENSG00000141579
374,ENSG00000198455
375,ENSG00000105722
376,ENSG00000178919
377,ENSG00000109101
378,ENSG00000164379
379,ENSG00000083307
380,ENSG00000158055
381,ENSG00000129194
382,ENSG00000171056
383,ENSG00000043039
384,ENSG00000123388
385,ENSG00000123364
386,ENSG00000170561
387,ENSG00000113430
388,ENSG00000229544
389,ENSG00000119919
390,ENSG00000069011
391,ENSG00000164093
392,ENSG00000107807
393,ENSG00000137709
394,ENSG00000117595
395,ENSG00000172819
396,ENSG00000073282
397,ENSG00000198807
398,ENSG00000087510
399,ENSG00000166823
400,ENSG00000188095
401,ENSG00000143578
402,ENSG00000100219
403,ENSG00000135374
404,ENSG00000253831
405,ENSG00000124664
406,ENSG00000129514
407,ENSG00000168269
408,ENSG00000107485
409,ENSG00000104447
410,ENSG00000100146
411,ENSG00000176887
412,ENSG00000163064
413,ENSG00000170549
414,ENSG00000170561
415,ENSG00000177508
416,ENSG00000176842
417,ENSG00000136944
418,ENSG00000109705
419,ENSG00000118513
420,ENSG00000091831
421,ENSG00000012223
422,ENSG00000087510
423,ENSG00000166823
424,ENSG00000178403
425,ENSG00000175197
426,ENSG00000122877
427,ENSG00000124216
428,ENSG00000257446
429,ENSG00000135374
430,ENSG00000253831
431,ENSG00000124664
432,ENSG00000168269
433,ENSG00000100146
434,ENSG00000176887
435,ENSG00000052850
436,ENSG00000163064
437,ENSG00000133937
438,ENSG00000105996
439,ENSG00000106004
440,ENSG00000106006
441,ENSG00000123364
442,ENSG00000170549
443,ENSG00000170561
444,ENSG00000177508
445,ENSG00000113430
446,ENSG00000176842
447,ENSG00000136944
448,ENSG00000185668
449,ENSG00000087510
450,ENSG00000177494
451,ENSG00000069812
452,ENSG00000197921
453,ENSG00000136997
454,ENSG00000245848
455,ENSG00000175592
456,ENSG00000127152
457,ENSG00000169594
458,ENSG00000102554
459,ENSG00000172818
460,ENSG00000019549
461,ENSG00000184828
462,ENSG00000141579
463,ENSG00000198146
464,ENSG00000198455
465,ENSG00000135373
466,ENSG00000178919
467,ENSG00000109101
468,ENSG00000134317
469,ENSG00000083307
470,ENSG00000158055
471,ENSG00000129194
472,ENSG00000171056
473,ENSG00000043039
474,ENSG00000123388
475,ENSG00000123364
476,ENSG00000170561
477,ENSG00000113430
478,ENSG00000119919
479,ENSG00000069011
480,ENSG00000164093
481,ENSG00000107807
482,ENSG00000137709
483,ENSG00000185668
484,ENSG00000117595
485,ENSG00000126368
486,ENSG00000172819
487,ENSG00000175550
488,ENSG00000073282
489,ENSG00000125813
490,ENSG00000198807
491,ENSG00000008197
492,ENSG00000183733
493,ENSG00000135547
494,ENSG00000166823
495,ENSG00000181965
496,ENSG00000130751
497,ENSG00000168267
498,ENSG00000260428
499,ENSG00000165643
500,ENSG00000120669
501,ENSG00000122691
502,ENSG00000153266
503,ENSG00000162676
504,ENSG00000153814
505,ENSG00000136504
506,ENSG00000165821
507,ENSG00000256463
508,ENSG00000101115
509,ENSG00000185669
510,ENSG00000230797
511,ENSG00000204366
512,ENSG00000177485
513,ENSG00000273274
514,ENSG00000196670
515,ENSG00000020256
516,ENSG00000169946
517,ENSG00000152977
518,ENSG00000156925
519,ENSG00000166478
520,ENSG00000149054
521,ENSG00000131115
522,ENSG00000152454
523,ENSG00000275004
524,ENSG00000056277
525,ENSG00000267508
526,ENSG00000160094
527,ENSG00000133250
528,ENSG00000083817
529,ENSG00000196724
530,ENSG00000180855
531,ENSG00000198298
532,ENSG00000229676
533,ENSG00000186446
534,ENSG00000198633
535,ENSG00000171970
536,ENSG00000180479
537,ENSG00000179930
538,ENSG00000196109
539,ENSG00000197472
540,ENSG00000182111
541,ENSG00000186777
542,ENSG00000196453
543,ENSG00000196466
544,ENSG00000204514
545,ENSG00000127903
546,ENSG00000261221
547,ENSG00000184635
548,ENSG00000213973
549,ENSG00000130182
550,ENSG00000196812
551,ENSG00000166529
552,ENSG00000197062
553,ENSG00000153975
554,ENSG00000143006
555,ENSG00000221818
556,ENSG00000108001
557,ENSG00000176678
558,ENSG00000139445
559,ENSG00000176302
560,ENSG00000220201
561,ENSG00000182968
562,ENSG00000156150
563,ENSG00000143032
564,ENSG00000006377
565,ENSG00000197587
566,ENSG00000204595
567,ENSG00000135638
568,ENSG00000164778
569,ENSG00000168505
570,ENSG00000133937
571,ENSG00000152804
572,ENSG00000188816
573,ENSG00000135100
574,ENSG00000197576
575,ENSG00000122592
576,ENSG00000123364
577,ENSG00000180806
578,ENSG00000128645
579,ENSG00000128710
580,ENSG00000128709
581,ENSG00000162624
582,ENSG00000185155
583,ENSG00000130675
584,ENSG00000180053
585,ENSG00000109705
586,ENSG00000106410
587,ENSG00000126778
588,ENSG00000164438
589,ENSG00000184486
590,ENSG00000152192
591,ENSG00000156469
592,ENSG00000126368
593,ENSG00000012504
594,ENSG00000120798
595,ENSG00000112333
596,ENSG00000175279
597,ENSG00000214575
598,ENSG00000066136
599,ENSG00000188779
600,ENSG00000185420
601,ENSG00000151500
602,ENSG00000131196
603,ENSG00000177030
604,ENSG00000215474
605,ENSG00000164458
606,ENSG00000182521
607,ENSG00000131931
608,ENSG00000129028
609,ENSG00000161277
610,ENSG00000116819
611,ENSG00000180828
612,ENSG00000123095
613,ENSG00000162992
614,ENSG00000171532
615,ENSG00000123307
616,ENSG00000105516
617,ENSG00000108924
618,ENSG00000167074
619,ENSG00000011332
620,ENSG00000128610
621,ENSG00000153266
622,ENSG00000196132
623,ENSG00000152784
624,ENSG00000256463
625,ENSG00000261678
626,ENSG00000142065
627,ENSG00000115568
628,ENSG00000083812
629,ENSG00000161298
630,ENSG00000161642
631,ENSG00000144331
632,ENSG00000178187
633,ENSG00000181444
634,ENSG00000173258
635,ENSG00000144792
636,ENSG00000198046
637,ENSG00000196456
638,ENSG00000236609
639,ENSG00000091656
640,
641,ENSG00000251493
642,ENSG00000177732
643,ENSG00000156150
644,ENSG00000143032
645,ENSG00000105392
646,ENSG00000197587
647,ENSG00000159387
648,ENSG00000016082
649,ENSG00000273706
650,ENSG00000107187
651,ENSG00000121454
652,ENSG00000165588
653,ENSG00000131721
654,ENSG00000138083
655,ENSG00000116035
656,ENSG00000100987
657,ENSG00000119614
658,ENSG00000151615
659,ENSG00000170903
660,ENSG00000198963
661,ENSG00000117707
662,ENSG00000215474
663,ENSG00000121068
664,ENSG00000129028
665,ENSG00000116819
666,ENSG00000135365
667,ENSG00000152217
668,ENSG00000172379
669,ENSG00000133794
670,ENSG00000029153
671,ENSG00000179774
672,ENSG00000084676
673,ENSG00000140396
674,ENSG00000171532
675,ENSG00000164600
676,ENSG00000171786
677,ENSG00000170485
678,ENSG00000112182
679,ENSG00000108924
680,ENSG00000119866
681,ENSG00000011332
682,ENSG00000174332
683,ENSG00000095951
684,ENSG00000010818
685,ENSG00000127124
686,ENSG00000153814
687,ENSG00000118922
688,ENSG00000186487
689,ENSG00000170325
690,ENSG00000130711
691,ENSG00000061455
692,ENSG00000185238
693,ENSG00000101115
694,ENSG00000261678
695,ENSG00000121297
696,ENSG00000179456
697,ENSG00000130584
698,ENSG00000198939
699,ENSG00000187801
700,ENSG00000169946
701,ENSG00000165061
702,ENSG00000256223
703,ENSG00000062370
704,ENSG00000125846
705,ENSG00000197008
706,ENSG00000204920
707,ENSG00000147117
708,ENSG00000175787
709,ENSG00000149050
710,ENSG00000149054
711,ENSG00000167377
712,ENSG00000198105
713,ENSG00000175395
714,ENSG00000198169
715,ENSG00000213096
716,ENSG00000198039
717,ENSG00000267508
718,ENSG00000168661
719,ENSG00000249471
720,ENSG00000130684
721,ENSG00000131061
722,ENSG00000088876
723,ENSG00000138311
724,ENSG00000161298
725,ENSG00000144331
726,ENSG00000215421
727,ENSG00000147124
728,ENSG00000119725
729,ENSG00000197050
730,ENSG00000183621
731,ENSG00000173275
732,ENSG00000225614
733,ENSG00000173258
734,ENSG00000127081
735,ENSG00000175322
736,ENSG00000186020
737,ENSG00000074657
738,ENSG00000198633
739,ENSG00000171817
740,ENSG00000152433
741,ENSG00000180626
742,ENSG00000180357
743,ENSG00000198046
744,ENSG00000251192
745,ENSG00000143067
746,ENSG00000242852
747,ENSG00000178665
748,ENSG00000250312
749,ENSG00000186230
750,ENSG00000128000
751,ENSG00000196597
752,ENSG00000197362
753,ENSG00000170396
754,ENSG00000182348
755,ENSG00000124203
756,ENSG00000197608
757,ENSG00000187987
758,ENSG00000197037
759,ENSG00000148516
760,ENSG00000124496
761,ENSG00000139793
762,ENSG00000140993
763,ENSG00000187772
764,ENSG00000111249
765,ENSG00000182568
766,ENSG00000119042
767,ENSG00000187605
768,ENSG00000112242
769,ENSG00000006468
770,ENSG00000244405
771,ENSG00000176165
772,ENSG00000128573
773,ENSG00000220201
774,ENSG00000124827
775,ENSG00000135457
776,ENSG00000134532
777,ENSG00000135638
778,ENSG00000165259
779,ENSG00000106689
780,ENSG00000105419
781,ENSG00000150051
782,ENSG00000185630
783,ENSG00000165495
784,ENSG00000136367
785,ENSG00000174306
786,ENSG00000143190
787,ENSG00000184486
788,
789,ENSG00000106536
790,ENSG00000102878
791,ENSG00000068305
792,ENSG00000081189
793,ENSG00000036549
794,ENSG00000196482
795,ENSG00000113580
796,ENSG00000151623
797,ENSG00000148200
798,ENSG00000077092
799,ENSG00000069667
800,ENSG00000198963
801,ENSG00000151090
802,ENSG00000214575
803,ENSG00000178662
804,ENSG00000276644
805,ENSG00000126733
806,ENSG00000115041
807,ENSG00000106459
808,ENSG00000172733
809,ENSG00000010803
810,ENSG00000185420
811,ENSG00000119608
812,ENSG00000102908
813,ENSG00000080298
814,ENSG00000181827
815,ENSG00000196460
816,ENSG00000160224
817,ENSG00000138378
818,ENSG00000116819
819,ENSG00000135365
820,ENSG00000152217
821,ENSG00000172379
822,ENSG00000084676
823,ENSG00000140396
824,ENSG00000171786
825,ENSG00000130751
826,ENSG00000170485
827,ENSG00000151322
828,ENSG00000140262
829,ENSG00000196628
830,ENSG00000112182
831,ENSG00000178573
832,ENSG00000119866
833,ENSG00000127152
834,ENSG00000011332
835,ENSG00000174332
836,ENSG00000010818
837,ENSG00000127124
838,ENSG00000153814
839,ENSG00000118922
840,ENSG00000154655
841,ENSG00000186487
842,ENSG00000170325
843,ENSG00000138738
844,ENSG00000061455
845,ENSG00000185238
846,ENSG00000101115
847,ENSG00000261678
848,ENSG00000164651
849,ENSG00000217236
850,ENSG00000121297
851,ENSG00000198939
852,ENSG00000136866
853,ENSG00000187801
854,ENSG00000169946
855,ENSG00000269699
856,ENSG00000165061
857,ENSG00000256223
858,ENSG00000062370
859,ENSG00000125846
860,ENSG00000197008
861,ENSG00000204920
862,ENSG00000147117
863,ENSG00000175787
864,ENSG00000167377
865,ENSG00000198105
866,ENSG00000175395
867,ENSG00000198169
868,ENSG00000213096
869,ENSG00000198039
870,ENSG00000137871
871,ENSG00000168661
872,ENSG00000249471
873,ENSG00000198185
874,ENSG00000130684
875,ENSG00000088876
876,ENSG00000161298
877,ENSG00000144331
878,ENSG00000151789
879,ENSG00000215421
880,ENSG00000147124
881,ENSG00000119725
882,ENSG00000204947
883,ENSG00000183621
884,ENSG00000173275
885,ENSG00000225614
886,ENSG00000173258
887,ENSG00000127081
888,ENSG00000175322
889,ENSG00000186020
890,ENSG00000074657
891,ENSG00000198633
892,ENSG00000198597
893,ENSG00000171817
894,ENSG00000152433
895,ENSG00000189144
896,ENSG00000180626
897,ENSG00000168916
898,ENSG00000180357
899,ENSG00000167528
900,ENSG00000274349
901,ENSG00000251192
902,ENSG00000164684
903,ENSG00000242852
904,ENSG00000250312
905,ENSG00000186230
906,ENSG00000128000
907,ENSG00000196597
908,ENSG00000197362
909,ENSG00000170396
910,ENSG00000182348
911,ENSG00000197779
912,ENSG00000187987
913,ENSG00000197037
914,ENSG00000148516
915,ENSG00000169554
916,ENSG00000124496
917,ENSG00000111249
918,ENSG00000182568
919,
920,ENSG00000176165
921,ENSG00000124827
922,ENSG00000135457
923,ENSG00000006704
924,ENSG00000176887
925,ENSG00000134532
926,ENSG00000110693
927,ENSG00000004848
928,ENSG00000144355
929,ENSG00000115844
930,ENSG00000165259
931,ENSG00000150051
932,ENSG00000185630
933,ENSG00000165495
934,ENSG00000148704
935,ENSG00000136367
936,ENSG00000174306
937,ENSG00000143190
938,
939,ENSG00000102878
940,ENSG00000081189
941,ENSG00000166268
942,ENSG00000196482
943,ENSG00000120798
944,ENSG00000112333
945,ENSG00000151623
946,ENSG00000148200
947,ENSG00000077092
948,ENSG00000069667
949,ENSG00000151090
950,ENSG00000214575
951,ENSG00000178662
952,ENSG00000126733
953,ENSG00000106459
954,ENSG00000172733
955,ENSG00000010803
956,ENSG00000185420
957,ENSG00000178177
958,ENSG00000119608
959,ENSG00000080298
960,ENSG00000181827
961,ENSG00000196460
962,ENSG00000124813
963,ENSG00000116819
964,ENSG00000135365
965,ENSG00000172379
966,ENSG00000187098
967,ENSG00000119950
968,ENSG00000084676
969,ENSG00000140396
970,ENSG00000171786
971,ENSG00000151322
972,ENSG00000184221
973,ENSG00000205927
974,ENSG00000140262
975,ENSG00000101190
976,ENSG00000112561
977,ENSG00000170653
978,ENSG00000112182
979,ENSG00000146592
980,ENSG00000205683
981,ENSG00000127124
982,ENSG00000030419
983,ENSG00000153814
984,ENSG00000118263
985,ENSG00000154655
986,ENSG00000170325
987,ENSG00000061455
988,ENSG00000185238
989,ENSG00000103449
990,ENSG00000105866
991,ENSG00000147488
992,ENSG00000204366
993,ENSG00000181722
994,ENSG00000198939
995,ENSG00000136866
996,ENSG00000152977
997,ENSG00000174963
998,ENSG00000106261
999,ENSG00000166432
1000,ENSG00000062370
1001,ENSG00000125846
1002,ENSG00000197008
1003,ENSG00000167635
1004,ENSG00000204920
1005,ENSG00000147117
1006,ENSG00000175787
1007,ENSG00000105497
1008,ENSG00000136870
1009,ENSG00000160321
1010,ENSG00000167377
1011,ENSG00000159917
1012,ENSG00000198105
1013,ENSG00000175395
1014,ENSG00000198169
1015,ENSG00000256771
1016,ENSG00000213096
1017,ENSG00000137871
1018,ENSG00000267508
1019,ENSG00000187607
1020,ENSG00000168661
1021,ENSG00000249471
1022,ENSG00000130684
1023,ENSG00000177932
1024,ENSG00000138311
1025,ENSG00000186812
1026,ENSG00000176222
1027,ENSG00000215421
1028,ENSG00000147124
1029,ENSG00000119725
1030,ENSG00000204947
1031,ENSG00000183621
1032,ENSG00000112200
1033,ENSG00000148143
1034,ENSG00000196263
1035,ENSG00000173258
1036,ENSG00000127081
1037,ENSG00000265763
1038,ENSG00000177853
1039,ENSG00000198795
1040,ENSG00000186020
1041,ENSG00000074657
1042,ENSG00000198633
1043,ENSG00000198597
1044,ENSG00000171817
1045,ENSG00000187187
1046,ENSG00000196357
1047,ENSG00000180479
1048,ENSG00000180938
1049,ENSG00000161551
1050,ENSG00000245680
1051,ENSG00000180626
1052,ENSG00000272602
1053,ENSG00000172748
1054,ENSG00000198182
1055,ENSG00000168916
1056,ENSG00000180357
1057,ENSG00000197566
1058,ENSG00000122482
1059,ENSG00000251192
1060,ENSG00000196109
1061,ENSG00000181450
1062,ENSG00000173041
1063,ENSG00000197124
1064,ENSG00000164684
1065,ENSG00000182141
1066,ENSG00000140548
1067,ENSG00000178665
1068,ENSG00000227124
1069,ENSG00000250312
1070,ENSG00000214652
1071,ENSG00000128000
1072,ENSG00000196597
1073,ENSG00000197779
1074,ENSG00000178917
1075,ENSG00000187987
1076,ENSG00000197037
1077,ENSG00000186814
1078,ENSG00000070476
1079,ENSG00000169554
1080,ENSG00000091656
1081,ENSG00000139793
1082,
1083,ENSG00000138336
1084,ENSG00000187605
1085,ENSG00000109381
1086,ENSG00000170802
1087,ENSG00000150907
1088,ENSG00000143614
1089,ENSG00000104447
1090,ENSG00000135457
1091,ENSG00000100146
1092,ENSG00000005513
1093,ENSG00000165259
1094,ENSG00000128645
1095,ENSG00000143995
1096,ENSG00000134138
1097,ENSG00000125820
1098,ENSG00000136327
1099,ENSG00000148826
1100,ENSG00000167081
1101,ENSG00000136367
1102,ENSG00000178764
1103,ENSG00000174306
1104,ENSG00000143190
1105,ENSG00000184486
1106,
1107,
1108,ENSG00000068305
1109,ENSG00000123636
1110,ENSG00000135164
1111,ENSG00000036549
1112,ENSG00000124920
1113,ENSG00000196482
1114,ENSG00000177463
1115,ENSG00000138380
1116,ENSG00000214575
1117,ENSG00000178662
1118,ENSG00000106459
1119,ENSG00000172733
1120,ENSG00000010803
1121,ENSG00000196233
1122,ENSG00000178177
1123,ENSG00000117707
1124,ENSG00000080298
1125,ENSG00000181827
1126,ENSG00000170581
1127,ENSG00000174197
1128,ENSG00000189308
1129,ENSG00000168152
1130,ENSG00000116819
1131,ENSG00000179361
1132,ENSG00000117139
1133,ENSG00000106948
1134,ENSG00000141258
1135,ENSG00000123095
1136,ENSG00000188095
1137,ENSG00000162992
1138,ENSG00000129535
1139,ENSG00000233757
1140,ENSG00000130940
1141,ENSG00000205683
1142,ENSG00000181666
1143,ENSG00000168348
1144,ENSG00000185513
1145,ENSG00000196132
1146,ENSG00000105261
1147,ENSG00000181690
1148,ENSG00000185278
1149,ENSG00000142065
1150,ENSG00000155592
1151,ENSG00000115568
1152,ENSG00000179909
1153,ENSG00000157429
1154,ENSG00000171606
1155,ENSG00000167637
1156,ENSG00000168661
1157,ENSG00000083812
1158,ENSG00000249471
1159,ENSG00000162664
1160,ENSG00000161642
1161,ENSG00000144331
1162,ENSG00000256087
1163,ENSG00000171291
1164,ENSG00000197044
1165,ENSG00000178187
1166,ENSG00000177599
1167,ENSG00000103199
1168,ENSG00000166704
1169,ENSG00000257591
1170,ENSG00000144792
1171,ENSG00000198046
1172,ENSG00000234444
1173,ENSG00000197054
1174,ENSG00000188227
1175,ENSG00000223547
1176,ENSG00000214029
1177,ENSG00000112365
1178,ENSG00000272333
1179,ENSG00000006704
1180,ENSG00000177732
1181,ENSG00000081059
1182,ENSG00000156150
1183,ENSG00000105392
1184,ENSG00000143995
1185,ENSG00000165588
1186,ENSG00000173976
1187,ENSG00000131721
1188,ENSG00000115297
1189,
1190,ENSG00000116035
1191,ENSG00000185668
1192,ENSG00000248483
1193,ENSG00000123636
1194,ENSG00000166987
1195,ENSG00000120832
1196,ENSG00000140009
1197,ENSG00000119715
1198,ENSG00000278570
1199,ENSG00000186951
1200,ENSG00000198963
1201,ENSG00000132024
1202,ENSG00000168610
1203,ENSG00000116819
1204,ENSG00000106546
1205,ENSG00000164107
1206,ENSG00000059728
1207,ENSG00000123685
1208,ENSG00000119138
1209,ENSG00000130584
1210,ENSG00000204644
1211,ENSG00000165244
1212,ENSG00000197016
1213,ENSG00000165655
1214,ENSG00000176472
1215,ENSG00000171956
1216,ENSG00000187140
1217,ENSG00000170802
1218,ENSG00000100146
1219,ENSG00000181449
1220,ENSG00000144355
1221,ENSG00000115844
1222,ENSG00000120094
1223,ENSG00000136944
1224,ENSG00000185668
1225,ENSG00000140968
1226,ENSG00000119508
1227,ENSG00000111424
1228,ENSG00000143178
1229,ENSG00000116017
1230,ENSG00000196843
1231,ENSG00000106948
1232,ENSG00000116990
1233,ENSG00000196628
1234,ENSG00000105967
1235,ENSG00000182158
1236,ENSG00000095794
1237,ENSG00000119866
1238,ENSG00000095951
1239,ENSG00000185811
1240,ENSG00000185669
1241,ENSG00000179456
1242,ENSG00000177485
1243,ENSG00000066827
1244,ENSG00000179909
1245,ENSG00000130844
1246,ENSG00000164048
1247,ENSG00000213793
1248,ENSG00000214029
1249,ENSG00000173825
1250,ENSG00000111249
1251,ENSG00000117036
1252,ENSG00000269404
1253,ENSG00000124766
1254,ENSG00000186103
1255,ENSG00000152804
1256,ENSG00000167081
1257,ENSG00000118707
1258,ENSG00000152192
1259,ENSG00000137265
1260,ENSG00000185507
1261,ENSG00000140968
1262,ENSG00000118513
1263,ENSG00000101057
1264,ENSG00000113580
1265,ENSG00000119508
1266,ENSG00000162924
1267,ENSG00000124813
1268,ENSG00000135899
1269,ENSG00000138378
1270,ENSG00000143178
1271,ENSG00000116017
1272,ENSG00000196843
1273,ENSG00000106546
1274,ENSG00000187855
1275,ENSG00000134107
1276,ENSG00000059728
1277,ENSG00000122691
1278,ENSG00000233608
1279,ENSG00000123685
1280,ENSG00000146592
1281,ENSG00000095794
1282,ENSG00000075426
1283,ENSG00000116044
1284,ENSG00000119866
1285,ENSG00000165702
1286,ENSG00000185811
1287,ENSG00000057657
1288,ENSG00000124216
1289,ENSG00000185669
1290,ENSG00000273274
1291,ENSG00000185947
1292,ENSG00000130844
1293,ENSG00000178175
1294,ENSG00000101493
1295,ENSG00000143067
1296,ENSG00000140548
1297,ENSG00000168214
1298,ENSG00000089094
1299,ENSG00000117036
1300,ENSG00000253831
1301,ENSG00000139083
1302,ENSG00000066336
1303,ENSG00000220201
1304,ENSG00000186103
1305,ENSG00000165606
1306,ENSG00000136630
1307,ENSG00000123388
1308,ENSG00000151650
1309,ENSG00000028277
1310,ENSG00000128604
1311,ENSG00000140968
1312,ENSG00000153234
1313,ENSG00000119508
1314,ENSG00000131759
1315,ENSG00000062194
1316,ENSG00000186416
1317,ENSG00000119403
1318,ENSG00000146676
1319,ENSG00000109320
1320,ENSG00000077150
1321,ENSG00000162924
1322,ENSG00000104856
1323,ENSG00000020633
1324,ENSG00000126561
1325,ENSG00000143178
1326,ENSG00000173451
1327,ENSG00000179361
1328,ENSG00000141258
1329,ENSG00000123095
1330,ENSG00000188095
1331,ENSG00000175727
1332,ENSG00000162992
1333,ENSG00000130751
1334,ENSG00000186051
1335,ENSG00000130940
1336,ENSG00000205683
1337,ENSG00000181666
1338,ENSG00000168348
1339,ENSG00000196132
1340,ENSG00000103449
1341,ENSG00000165821
1342,ENSG00000256463
1343,ENSG00000273274
1344,ENSG00000188629
1345,ENSG00000157429
1346,ENSG00000159905
1347,ENSG00000267508
1348,ENSG00000168661
1349,ENSG00000162664
1350,ENSG00000178175
1351,ENSG00000161642
1352,ENSG00000121864
1353,ENSG00000274349
1354,ENSG00000083814
1355,ENSG00000187792
1356,ENSG00000128000
1357,ENSG00000142409
1358,ENSG00000223547
1359,ENSG00000236609
1360,
1361,ENSG00000170122
1362,ENSG00000156150
1363,ENSG00000105392
1364,ENSG00000063515
1365,ENSG00000159556
1366,ENSG00000121454
1367,ENSG00000165588
1368,ENSG00000134438
1369,ENSG00000173976
1370,ENSG00000184302
1371,ENSG00000115297
1372,ENSG00000116035
1373,ENSG00000116604
1374,ENSG00000160113
1375,ENSG00000143171
1376,ENSG00000179361
1377,ENSG00000189079
1378,ENSG00000173894
1379,ENSG00000149948
1380,ENSG00000025293
1381,ENSG00000146285
1382,ENSG00000232040
1383,
1384,ENSG00000135547
1385,ENSG00000104903
1386,ENSG00000178403
1387,ENSG00000170485
1388,ENSG00000101190
1389,ENSG00000118260
1390,ENSG00000095794
1391,ENSG00000233757
1392,ENSG00000166454
1393,ENSG00000169594
1394,ENSG00000147183
1395,ENSG00000011332
1396,ENSG00000205683
1397,ENSG00000134874
1398,ENSG00000164334
1399,ENSG00000165702
1400,ENSG00000172059
1401,ENSG00000266265
1402,ENSG00000129911
1403,ENSG00000171872
1404,ENSG00000102554
1405,ENSG00000172818
1406,ENSG00000138738
1407,ENSG00000261678
1408,ENSG00000171448
1409,ENSG00000011590
1410,ENSG00000185278
1411,ENSG00000177311
1412,ENSG00000166860
1413,ENSG00000204859
1414,ENSG00000120784
1415,ENSG00000179059
1416,ENSG00000187815
1417,ENSG00000186660
1418,ENSG00000174963
1419,ENSG00000269699
1420,ENSG00000196345
1421,ENSG00000197020
1422,ENSG00000131849
1423,ENSG00000197279
1424,ENSG00000188629
1425,ENSG00000154957
1426,ENSG00000096654
1427,ENSG00000132010
1428,ENSG00000010539
1429,ENSG00000160321
1430,ENSG00000085644
1431,ENSG00000149050
1432,ENSG00000159885
1433,ENSG00000256294
1434,ENSG00000131115
1435,ENSG00000159915
1436,ENSG00000196793
1437,ENSG00000006194
1438,ENSG00000275004
1439,ENSG00000170265
1440,ENSG00000251247
1441,
1442,ENSG00000124613
1443,ENSG00000186496
1444,ENSG00000186812
1445,ENSG00000170954
1446,ENSG00000197013
1447,ENSG00000198521
1448,ENSG00000197647
1449,ENSG00000197857
1450,ENSG00000178187
1451,ENSG00000197808
1452,ENSG00000142528
1453,ENSG00000164185
1454,ENSG00000185177
1455,ENSG00000198298
1456,ENSG00000243660
1457,ENSG00000163795
1458,ENSG00000203326
1459,ENSG00000187187
1460,ENSG00000204519
1461,ENSG00000186300
1462,ENSG00000198028
1463,ENSG00000188868
1464,ENSG00000196357
1465,ENSG00000189042
1466,ENSG00000196437
1467,ENSG00000171970
1468,ENSG00000171827
1469,ENSG00000180479
1470,ENSG00000189144
1471,ENSG00000161551
1472,ENSG00000258405
1473,ENSG00000198440
1474,ENSG00000196967
1475,ENSG00000172748
1476,ENSG00000153896
1477,ENSG00000198182
1478,ENSG00000167554
1479,ENSG00000142556
1480,ENSG00000197566
1481,ENSG00000175809
1482,ENSG00000167395
1483,ENSG00000179195
1484,ENSG00000197372
1485,ENSG00000196109
1486,ENSG00000197928
1487,ENSG00000197123
1488,ENSG00000176083
1489,ENSG00000229809
1490,ENSG00000156853
1491,ENSG00000196946
1492,ENSG00000215356
1493,ENSG00000215343
1494,ENSG00000215372
1495,ENSG00000181135
1496,ENSG00000242852
1497,ENSG00000178665
1498,ENSG00000182111
1499,ENSG00000269067
1500,ENSG00000196350
1501,ENSG00000183850
1502,ENSG00000186376
1503,ENSG00000197054
1504,ENSG00000196214
1505,ENSG00000196391
1506,ENSG00000198556
1507,ENSG00000197863
1508,ENSG00000188227
1509,ENSG00000204514
1510,ENSG00000102984
1511,ENSG00000185869
1512,ENSG00000196605
1513,ENSG00000105750
1514,ENSG00000214029
1515,ENSG00000167232
1516,ENSG00000197360
1517,ENSG00000152467
1518,ENSG00000158691
1519,ENSG00000176371
1520,ENSG00000121903
1521,ENSG00000187987
1522,ENSG00000140265
1523,ENSG00000235109
1524,ENSG00000131848
1525,ENSG00000137185
1526,ENSG00000161914
1527,ENSG00000091656
1528,ENSG00000118156
1529,ENSG00000001167
1530,ENSG00000183340
1531,ENSG00000169989
1532,ENSG00000131914
1533,ENSG00000187772
1534,ENSG00000065978
1535,ENSG00000006047
1536,ENSG00000060138
1537,ENSG00000171604
1538,ENSG00000137090
1539,ENSG00000064218
1540,ENSG00000142700
1541,ENSG00000143006
1542,ENSG00000007968
1543,ENSG00000165891
1544,ENSG00000114126
1545,ENSG00000171956
1546,ENSG00000111206
1547,ENSG00000139445
1548,ENSG00000124827
1549,ENSG00000114439
1550,ENSG00000039600
1551,ENSG00000110693
1552,ENSG00000131668
1553,ENSG00000006377
1554,ENSG00000260596
1555,ENSG00000106038
1556,ENSG00000174279
1557,ENSG00000168505
1558,ENSG00000147421
1559,ENSG00000275410
1560,ENSG00000122592
1561,ENSG00000120094
1562,ENSG00000128652
1563,ENSG00000175879
1564,ENSG00000106689
1565,ENSG00000121454
1566,ENSG00000162761
1567,ENSG00000163623
1568,ENSG00000160199
1569,ENSG00000165495
1570,ENSG00000116132
1571,ENSG00000167157
1572,ENSG00000168779
1573,ENSG00000153779
1574,ENSG00000176679
1575,ENSG00000136367
1576,ENSG00000174306
1577,ENSG00000135903
1578,ENSG00000185122
1579,ENSG00000025156
1580,ENSG00000176160
1581,ENSG00000188981
1582,ENSG00000141644
1583,ENSG00000096401
1584,ENSG00000170903
1585,ENSG00000091831
1586,ENSG00000140009
1587,ENSG00000119715
1588,ENSG00000082175
1589,ENSG00000115816
1590,ENSG00000175279
1591,ENSG00000276644
1592,ENSG00000117505
1593,ENSG00000112511
1594,ENSG00000172733
1595,ENSG00000188779
1596,ENSG00000174446
1597,ENSG00000164299
1598,ENSG00000100207
1599,ENSG00000144747
1600,ENSG00000197579
1601,ENSG00000078900
1602,ENSG00000072736
1603,ENSG00000132005
1604,ENSG00000087903
1605,ENSG00000080298
1606,ENSG00000196460
1607,ENSG00000124813
1608,ENSG00000101216
1609,ENSG00000170365
1610,ENSG00000138378
1611,ENSG00000173757
1612,ENSG00000092607
1613,ENSG00000028839
1614,ENSG00000189308
1615,ENSG00000074219
1616,ENSG00000129028
1617,ENSG00000173451
1618,ENSG00000177683
1619,ENSG00000174796
1620,ENSG00000168152
1621,ENSG00000179361
1622,ENSG00000189079
1623,ENSG00000173894
1624,ENSG00000025293
1625,ENSG00000146285
1626,ENSG00000237765
1627,
1628,ENSG00000069812
1629,ENSG00000135547
1630,ENSG00000163909
1631,ENSG00000104903
1632,ENSG00000178403
1633,ENSG00000120669
1634,ENSG00000162367
1635,ENSG00000115966
1636,ENSG00000156273
1637,ENSG00000107175
1638,ENSG00000095794
1639,ENSG00000233757
1640,ENSG00000166454
1641,ENSG00000169594
1642,ENSG00000011332
1643,ENSG00000134874
1644,ENSG00000164334
1645,ENSG00000165702
1646,ENSG00000266265
1647,ENSG00000171872
1648,ENSG00000154655
1649,ENSG00000172818
1650,ENSG00000126003
1651,ENSG00000138738
1652,ENSG00000261678
1653,ENSG00000089775
1654,ENSG00000171448
1655,ENSG00000185670
1656,ENSG00000011590
1657,
1658,ENSG00000185278
1659,ENSG00000166860
1660,ENSG00000066827
1661,ENSG00000179059
1662,ENSG00000204644
1663,ENSG00000186660
1664,ENSG00000067646
1665,ENSG00000174963
1666,ENSG00000269699
1667,ENSG00000196345
1668,ENSG00000197020
1669,ENSG00000196418
1670,ENSG00000188629
1671,ENSG00000154957
1672,ENSG00000132010
1673,ENSG00000085644
1674,ENSG00000131115
1675,ENSG00000175395
1676,ENSG00000275004
1677,ENSG00000170265
1678,ENSG00000187607
1679,ENSG00000251247
1680,ENSG00000161298
1681,
1682,ENSG00000186496
1683,ENSG00000133250
1684,ENSG00000170954
1685,ENSG00000197050
1686,ENSG00000102935
1687,ENSG00000197647
1688,ENSG00000112200
1689,ENSG00000142528
1690,ENSG00000164185
1691,ENSG00000185177
1692,ENSG00000243660
1693,ENSG00000177599
1694,ENSG00000162714
1695,ENSG00000178229
1696,ENSG00000198131
1697,ENSG00000186300
1698,ENSG00000196357
1699,ENSG00000189042
1700,ENSG00000196437
1701,ENSG00000171970
1702,ENSG00000124444
1703,ENSG00000161551
1704,ENSG00000258405
1705,ENSG00000198440
1706,ENSG00000172748
1707,ENSG00000153896
1708,ENSG00000198182
1709,ENSG00000167554
1710,ENSG00000142556
1711,ENSG00000197483
1712,ENSG00000179195
1713,ENSG00000197372
1714,ENSG00000197928
1715,ENSG00000197123
1716,ENSG00000176083
1717,ENSG00000229809
1718,ENSG00000156853
1719,ENSG00000198429
1720,ENSG00000196946
1721,ENSG00000215356
1722,ENSG00000215343
1723,ENSG00000215372
1724,ENSG00000120963
1725,ENSG00000181135
1726,ENSG00000242852
1727,ENSG00000178665
1728,ENSG00000182111
1729,ENSG00000269067
1730,ENSG00000196350
1731,ENSG00000183850
1732,ENSG00000234444
1733,ENSG00000186376
1734,ENSG00000196214
1735,ENSG00000196391
1736,ENSG00000170100
1737,ENSG00000197863
1738,ENSG00000102984
1739,ENSG00000185869
1740,ENSG00000196605
1741,ENSG00000167232
1742,ENSG00000152467
1743,ENSG00000121903
1744,ENSG00000140265
1745,ENSG00000235109
1746,ENSG00000131848
1747,ENSG00000161914
1748,ENSG00000118156
1749,ENSG00000001167
1750,ENSG00000183340
1751,ENSG00000108509
1752,ENSG00000131914
1753,ENSG00000187772
1754,ENSG00000065978
1755,ENSG00000006047
1756,ENSG00000171604
1757,ENSG00000089094
1758,ENSG00000143006
1759,ENSG00000007968
1760,ENSG00000165891
1761,ENSG00000114126
1762,ENSG00000105672
1763,ENSG00000164916
1764,ENSG00000111206
1765,ENSG00000136574
1766,ENSG00000114439
1767,ENSG00000105856
1768,ENSG00000039600
1769,ENSG00000052850
1770,ENSG00000131668
1771,ENSG00000115844
1772,ENSG00000197587
1773,ENSG00000204595
1774,ENSG00000165606
1775,ENSG00000260596
1776,ENSG00000106038
1777,ENSG00000174279
1778,ENSG00000168505
1779,ENSG00000120093
1780,ENSG00000128652
1781,ENSG00000159387
1782,ENSG00000106689
1783,ENSG00000121454
1784,ENSG00000106852
1785,ENSG00000162761
1786,ENSG00000105419
1787,ENSG00000125816
1788,ENSG00000116132
1789,ENSG00000167157
1790,ENSG00000168779
1791,ENSG00000153779
1792,ENSG00000176679
1793,ENSG00000136367
1794,ENSG00000135903
1795,ENSG00000106331
1796,ENSG00000188981
1797,ENSG00000127445
1798,ENSG00000141644
1799,ENSG00000096401
1800,ENSG00000166268
1801,ENSG00000140009
1802,ENSG00000119715
1803,ENSG00000025434
1804,ENSG00000177463
1805,ENSG00000082175
1806,ENSG00000160007
1807,ENSG00000175279
1808,ENSG00000276644
1809,ENSG00000148411
1810,ENSG00000172733
1811,ENSG00000188779
1812,ENSG00000164299
1813,ENSG00000100207
1814,ENSG00000144747
1815,ENSG00000102804
1816,ENSG00000078900
1817,ENSG00000119608
1818,ENSG00000072736
1819,ENSG00000132005
1820,ENSG00000087903
1821,ENSG00000080298
1822,ENSG00000196460
1823,ENSG00000215474
1824,ENSG00000138378
1825,ENSG00000173757
1826,ENSG00000136535
1827,ENSG00000184058
1828,ENSG00000121075
1829,ENSG00000074219
1830,ENSG00000173451
1831,ENSG00000177683
1832,ENSG00000168152
1833,ENSG00000196843
1834,ENSG00000106948
1835,ENSG00000146285
1836,ENSG00000100426
1837,ENSG00000095794
1838,ENSG00000127152
1839,ENSG00000162676
1840,ENSG00000185811
1841,ENSG00000161405
1842,ENSG00000169926
1843,ENSG00000127528
1844,ENSG00000057657
1845,ENSG00000185669
1846,ENSG00000126804
1847,ENSG00000181896
1848,ENSG00000158805
1849,ENSG00000189190
1850,ENSG00000257591
1851,ENSG00000196110
1852,ENSG00000181135
1853,ENSG00000174255
1854,ENSG00000124203
1855,ENSG00000169554
1856,ENSG00000134954
1857,ENSG00000151702
1858,ENSG00000105717
1859,ENSG00000185697
1860,ENSG00000101096
1861,ENSG00000020633
1862,ENSG00000079263
1863,ENSG00000185404
1864,ENSG00000138378
1865,ENSG00000163508
1866,ENSG00000073861
1867,ENSG00000117139
1868,ENSG00000153207
1869,ENSG00000149948
1870,ENSG00000232040
1871,
1872,ENSG00000178403
1873,ENSG00000261787
1874,ENSG00000101190
1875,ENSG00000124092
1876,ENSG00000134874
1877,ENSG00000164334
1878,ENSG00000128610
1879,ENSG00000172273
1880,ENSG00000168348
1881,ENSG00000186487
1882,ENSG00000125850
1883,ENSG00000164256
1884,ENSG00000135148
1885,ENSG00000230797
1886,ENSG00000011590
1887,ENSG00000156925
1888,ENSG00000139800
1889,ENSG00000269699
1890,ENSG00000155592
1891,ENSG00000187626
1892,ENSG00000196345
1893,ENSG00000186272
1894,ENSG00000188629
1895,ENSG00000157429
1896,ENSG00000010539
1897,ENSG00000166261
1898,ENSG00000149050
1899,ENSG00000167840
1900,ENSG00000159915
1901,ENSG00000197134
1902,ENSG00000275004
1903,ENSG00000056277
1904,ENSG00000197935
1905,ENSG00000171467
1906,ENSG00000169981
1907,ENSG00000083838
1908,ENSG00000178187
1909,ENSG00000142528
1910,ENSG00000198298
1911,ENSG00000229676
1912,ENSG00000196653
1913,ENSG00000198633
1914,ENSG00000198131
1915,ENSG00000187187
1916,ENSG00000186300
1917,ENSG00000105732
1918,ENSG00000198440
1919,ENSG00000172748
1920,ENSG00000197566
1921,ENSG00000182983
1922,ENSG00000196109
1923,ENSG00000156853
1924,ENSG00000171163
1925,ENSG00000197472
1926,ENSG00000182111
1927,ENSG00000196081
1928,ENSG00000269067
1929,ENSG00000196350
1930,ENSG00000186777
1931,ENSG00000196391
1932,ENSG00000102984
1933,ENSG00000196605
1934,ENSG00000267041
1935,ENSG00000234284
1936,ENSG00000197360
1937,ENSG00000213973
1938,ENSG00000152467
1939,ENSG00000158691
1940,ENSG00000140987
1941,ENSG00000118156
1942,ENSG00000173825
1943,ENSG00000164296
1944,ENSG00000006047
1945,ENSG00000130816
1946,ENSG00000064218
1947,ENSG00000143006
1948,ENSG00000142025
1949,ENSG00000183434
1950,ENSG00000176165
1951,ENSG00000111206
1952,ENSG00000139445
1953,ENSG00000143032
1954,ENSG00000197587
1955,ENSG00000163666
1956,ENSG00000123388
1957,ENSG00000197757
1958,ENSG00000037965
1959,ENSG00000175879
1960,ENSG00000111704
1961,ENSG00000125816
1962,ENSG00000163623
1963,ENSG00000171540
1964,ENSG00000105717
1965,ENSG00000160199
1966,ENSG00000131721
1967,ENSG00000115297
1968,
1969,ENSG00000152192
1970,ENSG00000248483
1971,ENSG00000025156
1972,ENSG00000176160
1973,ENSG00000141644
1974,ENSG00000249961
1975,ENSG00000170448
1976,ENSG00000140009
1977,ENSG00000148200
1978,ENSG00000115163
1979,ENSG00000175279
1980,ENSG00000102901
1981,ENSG00000214575
1982,ENSG00000156374
1983,ENSG00000010803
1984,ENSG00000087903
1985,ENSG00000111783
1986,ENSG00000196460
1987,ENSG00000215474
1988,ENSG00000112592
1989,ENSG00000028839
1990,ENSG00000129028
1991,ENSG00000184436
1992,ENSG00000153207
1993,ENSG00000106948
1994,ENSG00000025293
1995,ENSG00000106546
1996,ENSG00000188290
1997,ENSG00000059728
1998,ENSG00000158773
1999,ENSG00000156273
2000,ENSG00000123685
2001,ENSG00000172216
2002,ENSG00000221869
2003,ENSG00000095794
2004,ENSG00000075426
2005,ENSG00000140044
2006,ENSG00000130522
2007,ENSG00000204103
2008,ENSG00000116044
2009,ENSG00000165030
2010,ENSG00000113916
2011,ENSG00000095951
2012,ENSG00000185811
2013,ENSG00000172059
2014,ENSG00000127528
2015,ENSG00000109787
2016,ENSG00000118263
2017,ENSG00000188786
2018,ENSG00000172845
2019,ENSG00000109906
2020,ENSG00000178951
2021,ENSG00000005889
2022,ENSG00000185947
2023,ENSG00000162702
2024,ENSG00000225614
2025,ENSG00000183779
2026,ENSG00000169554
2027,ENSG00000257923
2028,ENSG00000257923
2029,ENSG00000112242
2030,ENSG00000120690
2031,ENSG00000109381
2032,ENSG00000102034
2033,ENSG00000157557
2034,ENSG00000151702
2035,ENSG00000066336
2036,ENSG00000118689
2037,ENSG00000148737
2038,ENSG00000151650
2039,ENSG00000028277
2040,ENSG00000128604
2041,ENSG00000140968
2042,ENSG00000134046
2043,ENSG00000153234
2044,ENSG00000119508
2045,ENSG00000131759
2046,ENSG00000186350
2047,ENSG00000111424
2048,ENSG00000137947
2049,ENSG00000119403
2050,ENSG00000136603
2051,ENSG00000168769
2052,ENSG00000131196
2053,ENSG00000109320
2054,ENSG00000077150
2055,ENSG00000162924
2056,ENSG00000104856
2057,ENSG00000020633
2058,ENSG00000135899
2059,ENSG00000079263
2060,ENSG00000138378
2061,ENSG00000126561
2062,ENSG00000173451
2063,ENSG00000106948
2064,ENSG00000146285
2065,ENSG00000127152
2066,ENSG00000162676
2067,ENSG00000185811
2068,ENSG00000161405
2069,ENSG00000057657
2070,ENSG00000185669
2071,ENSG00000181896
2072,ENSG00000130844
2073,ENSG00000174255
2074,ENSG00000124203
2075,ENSG00000134954
2076,ENSG00000151702
2077,ENSG00000049768
2078,ENSG00000138795
2079,ENSG00000081059
2080,ENSG00000105717
2081,ENSG00000185697
2082,ENSG00000101096
2083,ENSG00000020633
2084,ENSG00000079263
2085,ENSG00000138378
2086,ENSG00000163508
2087,ENSG00000073861
2088,ENSG00000173894
2089,ENSG00000179774
2090,ENSG00000165643
2091,ENSG00000261787
2092,ENSG00000071564
2093,ENSG00000124092
2094,ENSG00000011332
2095,ENSG00000135625
2096,ENSG00000101115
2097,ENSG00000204335
2098,ENSG00000230797
2099,ENSG00000166860
2100,ENSG00000204644
2101,ENSG00000187801
2102,ENSG00000156925
2103,ENSG00000269699
2104,ENSG00000010539
2105,ENSG00000166261
2106,ENSG00000170260
2107,ENSG00000197134
2108,ENSG00000169548
2109,ENSG00000275004
2110,ENSG00000056277
2111,ENSG00000229676
2112,ENSG00000186446
2113,ENSG00000196653
2114,ENSG00000198633
2115,ENSG00000188321
2116,ENSG00000180938
2117,ENSG00000179930
2118,ENSG00000197472
2119,ENSG00000182111
2120,ENSG00000196081
2121,ENSG00000196350
2122,ENSG00000186777
2123,ENSG00000257446
2124,ENSG00000234284
2125,ENSG00000197360
2126,ENSG00000213973
2127,ENSG00000197213
2128,ENSG00000118156
2129,ENSG00000124232
2130,ENSG00000137090
2131,ENSG00000064218
2132,ENSG00000143006
2133,ENSG00000101412
2134,ENSG00000169016
2135,ENSG00000183434
2136,ENSG00000010030
2137,ENSG00000186790
2138,ENSG00000160973
2139,ENSG00000139445
2140,ENSG00000189299
2141,ENSG00000220201
2142,ENSG00000182968
2143,ENSG00000227059
2144,ENSG00000143032
2145,ENSG00000131264
2146,ENSG00000185610
2147,ENSG00000197587
2148,ENSG00000123576
2149,ENSG00000063515
2150,ENSG00000123364
2151,ENSG00000180806
2152,ENSG00000171540
2153,ENSG00000165462
2154,ENSG00000101883
2155,ENSG00000131721
2156,ENSG00000203989
2157,ENSG00000126778
2158,ENSG00000115297
2159,ENSG00000152192
2160,ENSG00000025156
2161,ENSG00000148200
2162,ENSG00000115163
2163,ENSG00000214575
2164,ENSG00000215474
2165,ENSG00000161277
2166,ENSG00000137309
2167,ENSG00000112246
2168,ENSG00000101115
2169,ENSG00000169856
2170,ENSG00000119547
2171,ENSG00000124766
2172,ENSG00000133937
2173,ENSG00000152804
2174,ENSG00000275410
2175,ENSG00000130675
2176,ENSG00000163623
2177,ENSG00000139515
2178,ENSG00000116833
2179,ENSG00000188313
2180,ENSG00000074219
2181,ENSG00000137309
2182,ENSG00000149948
2183,ENSG00000114315
2184,ENSG00000144485
2185,ENSG00000175727
2186,ENSG00000213347
2187,ENSG00000165244
2188,ENSG00000197472
2189,ENSG00000119042
2190,ENSG00000101412
2191,ENSG00000129173
2192,ENSG00000186564
2193,ENSG00000111206
2194,ENSG00000113722
2195,ENSG00000165556
2196,ENSG00000135100
2197,ENSG00000106031
2198,ENSG00000105997
2199,ENSG00000106006
2200,ENSG00000078399
2201,ENSG00000159184
2202,ENSG00000170689
2203,ENSG00000128645
2204,ENSG00000128713
2205,ENSG00000170178
2206,ENSG00000128714
2207,ENSG00000175329
2208,ENSG00000130675
2209,ENSG00000118513
2210,ENSG00000101076
2211,ENSG00000164749
2212,ENSG00000144852
2213,ENSG00000116833
2214,ENSG00000111424
2215,ENSG00000115163
2216,ENSG00000149948
2217,ENSG00000151379
2218,ENSG00000019549
2219,ENSG00000142700
2220,ENSG00000135373
2221,ENSG00000178919
2222,ENSG00000229544
2223,ENSG00000115507
2224,ENSG00000167157
2225,ENSG00000126778
2226,ENSG00000170577
2227,ENSG00000177426
2228,ENSG00000078900
2229,ENSG00000198807
2230,ENSG00000149948
2231,ENSG00000113196
2232,ENSG00000178860
2233,ENSG00000118526
2234,ENSG00000122691
2235,ENSG00000233608
2236,ENSG00000177374
2237,ENSG00000143867
2238,ENSG00000118495
2239,ENSG00000061455
2240,ENSG00000019549
2241,ENSG00000204335
2242,ENSG00000164330
2243,ENSG00000221818
2244,ENSG00000108001
2245,ENSG00000103241
2246,ENSG00000137273
2247,ENSG00000176887
2248,ENSG00000052850
2249,ENSG00000131668
2250,ENSG00000163064
2251,ENSG00000133937
2252,ENSG00000197757
2253,ENSG00000037965
2254,ENSG00000089116
2255,ENSG00000106511
2256,ENSG00000116132
2257,ENSG00000167157
2258,ENSG00000175745
2259,ENSG00000106624
2260,ENSG00000100968
2261,ENSG00000092607
2262,ENSG00000149948
2263,ENSG00000162772
2264,ENSG00000157613
2265,ENSG00000185022
2266,ENSG00000198517
2267,ENSG00000165030
2268,ENSG00000179388
2269,ENSG00000135625
2270,ENSG00000102554
2271,ENSG00000085276
2272,ENSG00000172818
2273,ENSG00000103449
2274,ENSG00000205189
2275,ENSG00000178150
2276,ENSG00000197279
2277,ENSG00000171940
2278,ENSG00000182986
2279,ENSG00000256229
2280,ENSG00000213793
2281,ENSG00000135373
2282,ENSG00000157557
2283,ENSG00000125798
2284,ENSG00000164736
2285,ENSG00000105880
2286,ENSG00000006377
2287,ENSG00000164778
2288,ENSG00000275410
2289,ENSG00000120093
2290,ENSG00000120075
2291,ENSG00000108511
2292,ENSG00000260027
2293,ENSG00000120068
2294,ENSG00000177508
2295,ENSG00000163132
2296,ENSG00000120149
2297,ENSG00000100625
2298,ENSG00000075891
2299,ENSG00000204531
2300,ENSG00000212993
2301,ENSG00000091831
2302,ENSG00000174738
2303,ENSG00000082175
2304,ENSG00000125618
2305,ENSG00000120693
2306,ENSG00000149948
2307,ENSG00000114315
2308,ENSG00000188290
2309,ENSG00000135547
2310,ENSG00000163909
2311,ENSG00000205683
2312,ENSG00000135625
2313,ENSG00000198300
2314,ENSG00000184937
2315,ENSG00000187801
2316,ENSG00000131127
2317,ENSG00000160321
2318,ENSG00000063587
2319,ENSG00000196705
2320,ENSG00000229676
2321,ENSG00000188171
2322,ENSG00000160229
2323,
2324,ENSG00000269067
2325,ENSG00000237440
2326,ENSG00000196456
2327,ENSG00000204514
2328,ENSG00000167766
2329,ENSG00000228623
2330,ENSG00000197360
2331,ENSG00000213973
2332,ENSG00000173825
2333,ENSG00000126767
2334,ENSG00000183770
2335,ENSG00000204060
2336,ENSG00000136574
2337,ENSG00000170370
2338,ENSG00000176842
2339,ENSG00000159387
2340,ENSG00000150051
2341,ENSG00000151615
2342,ENSG00000012504
2343,ENSG00000136931
2344,ENSG00000149948
2345,ENSG00000176009
2346,ENSG00000105261
2347,ENSG00000179930
2348,ENSG00000142700
2349,ENSG00000124664
2350,ENSG00000163435
2351,ENSG00000178919
2352,ENSG00000168269
2353,ENSG00000120094
2354,ENSG00000115507
2355,ENSG00000167157
2356,ENSG00000126778
2357,ENSG00000170577
2358,ENSG00000137709
2359,ENSG00000149922
2360,ENSG00000135365
2361,ENSG00000172379
2362,ENSG00000139352
2363,ENSG00000197921
2364,ENSG00000124440
2365,ENSG00000084676
2366,ENSG00000140396
2367,ENSG00000171786
2368,ENSG00000170485
2369,ENSG00000151322
2370,ENSG00000112182
2371,ENSG00000205683
2372,ENSG00000074047
2373,ENSG00000106571
2374,ENSG00000107249
2375,ENSG00000127124
2376,ENSG00000030419
2377,ENSG00000118922
2378,ENSG00000170325
2379,ENSG00000142611
2380,ENSG00000138738
2381,ENSG00000061455
2382,ENSG00000185238
2383,ENSG00000103449
2384,ENSG00000165821
2385,ENSG00000256463
2386,ENSG00000181722
2387,ENSG00000198939
2388,ENSG00000169946
2389,ENSG00000152977
2390,ENSG00000043355
2391,ENSG00000139800
2392,ENSG00000166432
2393,ENSG00000152926
2394,ENSG00000179909
2395,ENSG00000204920
2396,ENSG00000167377
2397,ENSG00000198105
2398,ENSG00000213096
2399,ENSG00000137871
2400,ENSG00000249471
2401,ENSG00000198185
2402,ENSG00000176222
2403,ENSG00000215421
2404,ENSG00000119725
2405,ENSG00000102935
2406,ENSG00000183621
2407,ENSG00000180855
2408,ENSG00000148143
2409,ENSG00000196263
2410,ENSG00000174586
2411,ENSG00000101493
2412,ENSG00000198795
2413,ENSG00000074657
2414,ENSG00000198633
2415,ENSG00000152433
2416,ENSG00000180938
2417,ENSG00000168916
2418,ENSG00000180357
2419,ENSG00000173041
2420,ENSG00000140548
2421,ENSG00000250312
2422,ENSG00000183850
2423,ENSG00000128000
2424,ENSG00000196597
2425,ENSG00000197779
2426,ENSG00000197360
2427,ENSG00000187987
2428,ENSG00000197037
2429,ENSG00000070476
2430,ENSG00000148516
2431,ENSG00000091656
2432,ENSG00000138336
2433,ENSG00000006468
2434,ENSG00000176165
2435,ENSG00000150907
2436,ENSG00000104447
2437,ENSG00000124827
2438,ENSG00000006704
2439,ENSG00000125285
2440,ENSG00000134532
2441,ENSG00000110693
2442,ENSG00000152284
2443,ENSG00000148737
2444,ENSG00000185610
2445,ENSG00000147421
2446,ENSG00000106689
2447,ENSG00000134138
2448,ENSG00000125820
2449,ENSG00000115507
2450,ENSG00000185630
2451,ENSG00000165495
2452,ENSG00000136367
2453,ENSG00000178764
2454,ENSG00000174306
2455,ENSG00000143190
2456,ENSG00000184486
2457,
2458,ENSG00000106536
2459,ENSG00000102878
2460,
2461,ENSG00000123636
2462,ENSG00000196482
2463,ENSG00000164749
2464,ENSG00000112333
2465,ENSG00000151623
2466,ENSG00000077092
2467,ENSG00000069667
2468,ENSG00000198963
2469,ENSG00000151090
2470,ENSG00000115041
2471,ENSG00000106459
2472,ENSG00000172733
2473,ENSG00000010803
2474,ENSG00000185420
2475,ENSG00000102908
2476,ENSG00000100968
2477,ENSG00000087903
2478,ENSG00000080298
2479,ENSG00000111783
2480,ENSG00000181827
2481,ENSG00000162599
2482,ENSG00000147862
2483,ENSG00000120693
2484,ENSG00000187079
2485,ENSG00000135365
2486,ENSG00000172379
2487,ENSG00000084676
2488,ENSG00000140396
2489,ENSG00000171786
2490,ENSG00000170485
2491,ENSG00000162367
2492,ENSG00000140262
2493,ENSG00000105967
2494,ENSG00000108924
2495,ENSG00000173068
2496,ENSG00000127124
2497,ENSG00000153814
2498,ENSG00000118922
2499,ENSG00000154655
2500,ENSG00000085276
2501,ENSG00000181690
2502,ENSG00000103449
2503,ENSG00000101115
2504,ENSG00000181722
2505,ENSG00000130584
2506,ENSG00000169946
2507,ENSG00000152977
2508,ENSG00000043355
2509,ENSG00000156925
2510,ENSG00000174963
2511,ENSG00000139800
2512,ENSG00000167377
2513,ENSG00000178175
2514,ENSG00000215421
2515,ENSG00000147124
2516,ENSG00000119725
2517,ENSG00000102935
2518,ENSG00000183621
2519,ENSG00000198795
2520,ENSG00000249709
2521,ENSG00000180938
2522,ENSG00000180357
2523,ENSG00000196757
2524,ENSG00000140548
2525,ENSG00000250312
2526,ENSG00000196597
2527,ENSG00000121903
2528,ENSG00000197037
2529,ENSG00000148516
2530,ENSG00000140836
2531,ENSG00000124496
2532,ENSG00000197114
2533,ENSG00000187605
2534,ENSG00000164330
2535,ENSG00000221818
2536,ENSG00000157554
2537,ENSG00000139083
2538,ENSG00000151702
2539,ENSG00000251493
2540,ENSG00000103241
2541,ENSG00000137273
2542,ENSG00000053254
2543,ENSG00000150907
2544,ENSG00000128573
2545,ENSG00000135457
2546,ENSG00000138795
2547,ENSG00000134532
2548,ENSG00000052850
2549,ENSG00000167081
2550,ENSG00000178764
2551,ENSG00000068305
2552,ENSG00000081189
2553,ENSG00000151623
2554,ENSG00000112033
2555,ENSG00000069667
2556,ENSG00000276644
2557,ENSG00000106459
2558,ENSG00000010803
2559,ENSG00000185420
2560,ENSG00000178177
2561,ENSG00000101096
2562,ENSG00000072736
2563,ENSG00000080298
2564,ENSG00000181827
2565,ENSG00000159216
2566,ENSG00000124813
2567,ENSG00000160224
2568,ENSG00000112837
2569,ENSG00000135365
2570,ENSG00000152217
2571,ENSG00000172379
2572,ENSG00000139352
2573,ENSG00000124440
2574,ENSG00000187098
2575,ENSG00000084676
2576,ENSG00000140396
2577,ENSG00000171786
2578,ENSG00000170485
2579,ENSG00000151322
2580,ENSG00000184221
2581,ENSG00000205927
2582,ENSG00000140262
2583,ENSG00000196628
2584,ENSG00000112182
2585,ENSG00000146592
2586,ENSG00000011332
2587,ENSG00000205683
2588,ENSG00000127124
2589,ENSG00000030419
2590,ENSG00000153814
2591,ENSG00000118922
2592,ENSG00000185513
2593,ENSG00000154655
2594,ENSG00000196132
2595,ENSG00000186487
2596,ENSG00000138738
2597,ENSG00000256463
2598,ENSG00000105866
2599,ENSG00000179981
2600,ENSG00000121297
2601,ENSG00000181722
2602,ENSG00000273274
2603,ENSG00000198939
2604,ENSG00000136866
2605,ENSG00000187801
2606,ENSG00000169946
2607,ENSG00000196345
2608,ENSG00000166432
2609,ENSG00000256223
2610,ENSG00000062370
2611,ENSG00000125846
2612,ENSG00000179909
2613,ENSG00000204920
2614,ENSG00000147117
2615,ENSG00000175787
2616,ENSG00000278318
2617,ENSG00000167377
2618,ENSG00000198105
2619,ENSG00000175395
2620,ENSG00000198169
2621,ENSG00000213096
2622,ENSG00000056277
2623,ENSG00000137871
2624,ENSG00000187607
2625,ENSG00000198185
2626,ENSG00000088876
2627,ENSG00000177932
2628,ENSG00000138311
2629,ENSG00000215421
2630,ENSG00000102935
2631,ENSG00000204947
2632,ENSG00000183621
2633,ENSG00000148143
2634,ENSG00000225614
2635,ENSG00000127081
2636,ENSG00000265763
2637,ENSG00000177599
2638,ENSG00000101493
2639,ENSG00000175322
2640,ENSG00000198795
2641,ENSG00000074657
2642,ENSG00000198633
2643,ENSG00000171817
2644,ENSG00000249709
2645,ENSG00000245680
2646,ENSG00000168916
2647,ENSG00000197566
2648,ENSG00000251192
2649,ENSG00000196109
2650,ENSG00000181450
2651,ENSG00000164684
2652,ENSG00000182141
2653,ENSG00000242852
2654,ENSG00000147180
2655,ENSG00000250312
2656,ENSG00000214652
2657,ENSG00000183850
2658,ENSG00000128000
2659,ENSG00000196597
2660,ENSG00000170396
2661,ENSG00000197779
2662,ENSG00000151612
2663,ENSG00000197608
2664,ENSG00000178917
2665,ENSG00000197360
2666,ENSG00000213973
2667,ENSG00000187987
2668,ENSG00000197037
2669,ENSG00000070476
2670,ENSG00000148516
2671,ENSG00000091656
2672,ENSG00000124496
2673,ENSG00000140993
2674,ENSG00000182568
2675,
2676,ENSG00000138336
2677,ENSG00000088881
2678,ENSG00000006468
2679,ENSG00000244405
2680,ENSG00000176165
2681,ENSG00000170802
2682,ENSG00000104447
2683,ENSG00000124827
2684,ENSG00000135457
2685,ENSG00000100146
2686,ENSG00000176887
2687,ENSG00000143842
2688,ENSG00000125285
2689,ENSG00000134532
2690,ENSG00000110693
2691,ENSG00000005513
2692,ENSG00000186103
2693,ENSG00000185610
2694,ENSG00000165259
2695,ENSG00000147421
2696,ENSG00000134138
2697,ENSG00000125820
2698,ENSG00000185630
2699,ENSG00000167081
2700,ENSG00000165495
2701,ENSG00000116132
2702,ENSG00000136367
2703,ENSG00000178764
2704,ENSG00000174306
2705,ENSG00000143190
2706,ENSG00000184486
2707,
2708,ENSG00000106536
2709,ENSG00000135164
2710,ENSG00000036549
2711,ENSG00000166268
2712,ENSG00000196482
2713,ENSG00000164749
2714,ENSG00000169297
2715,ENSG00000112333
2716,ENSG00000151623
2717,ENSG00000148200
2718,ENSG00000069667
2719,ENSG00000151090
2720,ENSG00000178662
2721,ENSG00000126733
2722,ENSG00000115041
2723,ENSG00000106459
2724,ENSG00000172733
2725,ENSG00000010803
2726,ENSG00000185420
2727,ENSG00000178177
2728,ENSG00000119608
2729,ENSG00000080298
2730,ENSG00000181827
2731,ENSG00000162599
2732,ENSG00000147862
2733,ENSG00000166949
2734,ENSG00000080603
2735,ENSG00000029153
2736,ENSG00000130751
2737,ENSG00000157613
2738,ENSG00000085276
2739,ENSG00000145908
2740,ENSG00000197608
2741,ENSG00000228623
2742,ENSG00000197114
2743,ENSG00000129173
2744,ENSG00000163435
2745,ENSG00000125798
2746,ENSG00000170608
2747,ENSG00000160973
2748,ENSG00000137166
2749,ENSG00000164379
2750,ENSG00000136574
2751,ENSG00000130700
2752,ENSG00000141448
2753,ENSG00000174428
2754,ENSG00000125285
2755,ENSG00000172789
2756,ENSG00000111704
2757,ENSG00000148826
2758,ENSG00000165066
2759,ENSG00000139515
2760,ENSG00000137709
2761,ENSG00000124920
2762,ENSG00000110925
2763,ENSG00000243678
2764,ENSG00000188070
2765,ENSG00000163909
2766,ENSG00000124440
2767,ENSG00000178860
2768,ENSG00000118526
2769,ENSG00000163792
2770,ENSG00000233608
2771,ENSG00000173068
2772,ENSG00000111087
2773,ENSG00000074047
2774,ENSG00000126603
2775,ENSG00000177374
2776,ENSG00000102349
2777,ENSG00000143867
2778,ENSG00000164920
2779,ENSG00000118495
2780,ENSG00000019549
2781,ENSG00000182463
2782,ENSG00000102935
2783,ENSG00000196417
2784,ENSG00000164330
2785,ENSG00000136574
2786,ENSG00000152284
2787,ENSG00000052850
2788,ENSG00000004848
2789,ENSG00000197757
2790,ENSG00000037965
2791,ENSG00000128652
2792,ENSG00000170166
2793,ENSG00000175879
2794,ENSG00000128709
2795,ENSG00000143355
2796,ENSG00000106511
2797,ENSG00000116132
2798,ENSG00000102878
2799,ENSG00000185551
2800,ENSG00000136931
2801,ENSG00000106624
2802,ENSG00000115041
2803,ENSG00000237765
2804,ENSG00000187821
2805,ENSG00000184221
2806,ENSG00000112246
2807,ENSG00000186051
2808,ENSG00000185670
2809,ENSG00000197134
2810,ENSG00000197935
2811,ENSG00000197857
2812,ENSG00000181444
2813,ENSG00000265763
2814,ENSG00000161551
2815,ENSG00000153896
2816,ENSG00000196109
2817,ENSG00000160336
2818,ENSG00000152475
2819,ENSG00000197360
2820,ENSG00000152467
2821,ENSG00000173253
2822,ENSG00000175832
2823,ENSG00000168269
2824,ENSG00000186766
2825,ENSG00000170370
2826,ENSG00000105996
2827,ENSG00000122592
2828,ENSG00000078399
2829,ENSG00000173917
2830,ENSG00000120075
2831,ENSG00000108511
2832,ENSG00000260027
2833,ENSG00000120068
2834,ENSG00000170689
2835,ENSG00000180818
2836,ENSG00000197757
2837,ENSG00000180806
2838,ENSG00000128645
2839,ENSG00000128652
2840,ENSG00000175879
2841,ENSG00000128709
2842,ENSG00000116035
2843,ENSG00000119715
2844,ENSG00000143365
2845,ENSG00000176946
2846,ENSG00000177494
2847,ENSG00000187821
2848,ENSG00000143157
2849,ENSG00000126603
2850,ENSG00000196705
2851,ENSG00000125798
2852,ENSG00000170561
2853,ENSG00000136352
2854,ENSG00000066697
2855,ENSG00000124920
2856,ENSG00000187079
2857,ENSG00000197905
2858,ENSG00000257315
2859,ENSG00000122691
2860,ENSG00000233608
2861,ENSG00000169594
2862,ENSG00000173068
2863,ENSG00000266265
2864,ENSG00000143867
2865,ENSG00000184937
2866,ENSG00000204366
2867,ENSG00000218891
2868,ENSG00000196109
2869,ENSG00000228623
2870,ENSG00000197114
2871,ENSG00000204060
2872,ENSG00000130700
2873,ENSG00000141448
2874,ENSG00000156150
2875,ENSG00000136630
2876,ENSG00000197576
2877,ENSG00000106004
2878,ENSG00000106511
2879,ENSG00000170577
2880,ENSG00000124920
2881,ENSG00000175745
2882,ENSG00000106624
2883,ENSG00000243678
2884,ENSG00000257315
2885,ENSG00000180535
2886,ENSG00000213347
2887,ENSG00000124151
2888,ENSG00000071564
2889,ENSG00000182158
2890,ENSG00000100219
2891,ENSG00000162676
2892,ENSG00000161405
2893,ENSG00000127528
2894,ENSG00000105261
2895,ENSG00000057657
2896,ENSG00000141956
2897,ENSG00000185669
2898,ENSG00000011590
2899,ENSG00000149054
2900,ENSG00000170684
2901,ENSG00000197714
2902,ENSG00000197114
2903,ENSG00000133740
2904,ENSG00000129173
2905,ENSG00000111206
2906,ENSG00000185155
2907,ENSG00000028277
2908,ENSG00000213999
2909,ENSG00000101057
2910,ENSG00000115163
2911,ENSG00000243678
2912,ENSG00000119403
2913,ENSG00000110777
2914,ENSG00000138073
2915,ENSG00000078900
2916,ENSG00000104856
2917,ENSG00000079263
2918,ENSG00000232040
2919,ENSG00000112246
2920,ENSG00000162772
2921,ENSG00000120738
2922,ENSG00000189120
2923,ENSG00000109906
2924,ENSG00000213988
2925,ENSG00000140836
2926,ENSG00000135373
2927,ENSG00000135374
2928,ENSG00000179348
2929,ENSG00000107485
2930,ENSG00000170370
2931,ENSG00000197576
2932,ENSG00000106004
2933,ENSG00000173917
2934,ENSG00000120093
2935,ENSG00000182742
2936,ENSG00000120075
2937,ENSG00000108511
2938,ENSG00000260027
2939,ENSG00000120068
2940,ENSG00000170689
2941,ENSG00000128645
2942,ENSG00000128652
2943,ENSG00000170166
2944,ENSG00000175879
2945,ENSG00000128709
2946,ENSG00000177508
2947,ENSG00000273706
2948,ENSG00000137709
2949,ENSG00000198914
2950,ENSG00000169083
2951,ENSG00000120837
2952,ENSG00000125618
2953,ENSG00000121068
2954,ENSG00000135111
2955,ENSG00000106546
2956,ENSG00000164683
2957,ENSG00000162367
2958,ENSG00000156127
2959,ENSG00000123685
2960,ENSG00000125740
2961,ENSG00000075426
2962,ENSG00000130522
2963,ENSG00000179388
2964,ENSG00000162676
2965,ENSG00000185811
2966,ENSG00000161405
2967,ENSG00000011590
2968,ENSG00000130844
2969,ENSG00000185219
2970,ENSG00000180035
2971,ENSG00000177599
2972,ENSG00000120690
2973,ENSG00000186766
2974,ENSG00000179348
2975,ENSG00000143842
2976,ENSG00000182742
2977,ENSG00000179528
2978,ENSG00000118513
2979,ENSG00000153234
2980,ENSG00000119508
2981,ENSG00000119608
2982,ENSG00000109320
2983,ENSG00000077150
2984,ENSG00000162924
2985,ENSG00000104856
2986,ENSG00000029153
2987,ENSG00000178860
2988,ENSG00000169856
2989,ENSG00000010030
2990,ENSG00000125798
2991,ENSG00000139515
2992,ENSG00000116833
2993,ENSG00000197905
2994,ENSG00000139352
2995,ENSG00000009950
2996,ENSG00000162992
2997,ENSG00000171532
2998,ENSG00000122859
2999,ENSG00000168062
3000,ENSG00000122877
3001,ENSG00000135625
3002,ENSG00000173404
3003,ENSG00000119042
3004,
3005,ENSG00000006468
3006,ENSG00000175832
3007,ENSG00000163497
3008,ENSG00000129514
3009,ENSG00000125798
3010,ENSG00000186564
3011,ENSG00000004848
3012,ENSG00000113722
3013,ENSG00000165556
3014,ENSG00000174279
3015,ENSG00000105991
3016,ENSG00000253293
3017,ENSG00000106031
3018,ENSG00000106006
3019,ENSG00000078399
3020,ENSG00000159184
3021,ENSG00000120068
3022,ENSG00000170689
3023,ENSG00000128710
3024,ENSG00000128713
3025,ENSG00000170178
3026,ENSG00000128714
3027,ENSG00000016082
3028,ENSG00000175329
3029,ENSG00000162761
3030,ENSG00000130675
3031,ENSG00000125820
3032,ENSG00000139515
3033,ENSG00000106331
3034,ENSG00000118513
3035,ENSG00000101076
3036,ENSG00000164749
3037,ENSG00000185002
3038,ENSG00000139352
3039,ENSG00000178860
3040,ENSG00000162992
3041,ENSG00000204644
3042,ENSG00000225614
3043,ENSG00000174255
3044,ENSG00000176678
3045,ENSG00000176887
3046,ENSG00000168505
3047,ENSG00000016082
3048,ENSG00000179528
3049,ENSG00000130675
3050,ENSG00000125820
3051,ENSG00000180053
3052,ENSG00000163623
3053,ENSG00000139515
3054,ENSG00000169297
3055,ENSG00000185002
3056,ENSG00000176009
3057,ENSG00000030419
3058,ENSG00000135373
3059,ENSG00000054598
3060,ENSG00000176692
3061,ENSG00000168269
3062,ENSG00000186766
3063,ENSG00000164379
3064,ENSG00000115112
3065,ENSG00000125398
3066,ENSG00000131668
3067,ENSG00000170549
3068,ENSG00000170561
3069,ENSG00000113430
3070,ENSG00000119919
3071,ENSG00000115507
3072,ENSG00000069011
3073,ENSG00000126778
3074,ENSG00000170577
3075,ENSG00000100625
3076,ENSG00000107807
3077,ENSG00000078900
3078,ENSG00000159216
3079,ENSG00000124813
3080,ENSG00000147862
3081,ENSG00000172238
3082,ENSG00000069812
3083,ENSG00000144485
3084,ENSG00000168062
3085,ENSG00000157613
3086,ENSG00000143578
3087,ENSG00000162676
3088,ENSG00000136826
3089,ENSG00000204335
3090,ENSG00000119042
3091,ENSG00000124664
3092,ENSG00000163435
3093,ENSG00000125798
3094,ENSG00000170608
3095,ENSG00000186564
3096,ENSG00000137166
3097,ENSG00000113722
3098,ENSG00000165556
3099,ENSG00000135100
3100,ENSG00000106031
3101,ENSG00000105997
3102,ENSG00000078399
3103,ENSG00000159184
3104,ENSG00000260027
3105,ENSG00000170689
3106,ENSG00000128645
3107,ENSG00000128713
3108,ENSG00000170178
3109,ENSG00000128714
3110,ENSG00000175329
3111,ENSG00000130675
3112,ENSG00000118513
3113,ENSG00000101076
3114,ENSG00000164749
3115,ENSG00000144852
3116,ENSG00000167800
3117,ENSG00000168874
3118,ENSG00000116016
3119,ENSG00000197921
3120,ENSG00000164683
3121,ENSG00000124440
3122,ENSG00000162367
3123,ENSG00000125878
3124,ENSG00000196628
3125,ENSG00000146592
3126,ENSG00000161940
3127,ENSG00000127528
3128,ENSG00000136826
3129,ENSG00000118263
3130,ENSG00000085276
3131,ENSG00000124216
3132,ENSG00000130584
3133,ENSG00000189420
3134,ENSG00000178175
3135,ENSG00000198342
3136,ENSG00000180884
3137,ENSG00000164330
3138,ENSG00000221818
3139,ENSG00000108001
3140,ENSG00000111145
3141,ENSG00000157554
3142,ENSG00000134954
3143,ENSG00000054598
3144,ENSG00000164736
3145,ENSG00000203883
3146,ENSG00000171056
3147,ENSG00000152284
3148,ENSG00000204595
3149,ENSG00000136630
3150,ENSG00000197576
3151,ENSG00000120093
3152,ENSG00000128710
3153,ENSG00000128652
3154,ENSG00000170166
3155,ENSG00000128709
3156,ENSG00000005102
3157,ENSG00000106511
3158,ENSG00000116833
3159,ENSG00000132170
3160,ENSG00000168874
3161,ENSG00000116016
3162,ENSG00000124440
3163,ENSG00000162367
3164,ENSG00000161940
3165,ENSG00000127528
3166,ENSG00000124216
3167,ENSG00000178175
3168,ENSG00000180884
3169,ENSG00000108001
3170,ENSG00000111145
3171,ENSG00000157554
3172,ENSG00000134954
3173,ENSG00000151702
3174,ENSG00000054598
3175,ENSG00000176692
3176,ENSG00000103241
3177,ENSG00000164736
3178,ENSG00000203883
3179,ENSG00000171056
3180,ENSG00000152804
3181,ENSG00000136630
3182,ENSG00000128710
3183,ENSG00000128709
3184,ENSG00000005102
3185,ENSG00000106511
3186,ENSG00000116833
3187,ENSG00000170365
3188,ENSG00000180535
3189,ENSG00000141579
3190,ENSG00000135373
3191,ENSG00000135374
3192,ENSG00000006468
3193,ENSG00000124664
3194,ENSG00000054598
3195,ENSG00000100146
3196,ENSG00000131668
3197,ENSG00000043039
3198,ENSG00000136944
3199,ENSG00000134138
3200,ENSG00000119919
3201,ENSG00000115507
3202,ENSG00000069011
3203,ENSG00000185960
3204,ENSG00000126778
3205,ENSG00000170577
3206,ENSG00000012223
3207,ENSG00000198807
3208,ENSG00000123095
3209,ENSG00000114315
3210,ENSG00000197921
3211,ENSG00000124440
3212,ENSG00000178403
3213,ENSG00000186051
3214,ENSG00000105516
3215,ENSG00000108924
3216,ENSG00000165821
3217,ENSG00000179588
3218,ENSG00000152977
3219,ENSG00000043355
3220,ENSG00000156925
3221,ENSG00000174963
3222,ENSG00000161642
3223,ENSG00000181444
3224,ENSG00000144792
3225,ENSG00000196456
3226,ENSG00000236609
3227,ENSG00000251493
3228,ENSG00000137273
3229,ENSG00000214336
3230,ENSG00000181449
3231,ENSG00000005513
3232,ENSG00000184895
3233,ENSG00000215612
3234,ENSG00000176842
3235,ENSG00000106689
3236,ENSG00000134438
3237,ENSG00000138083
3238,ENSG00000184302
3239,ENSG00000116035
3240,ENSG00000119614
3241,ENSG00000007372
3242,ENSG00000184486
3243,ENSG00000170903
3244,ENSG00000112333
3245,ENSG00000198963
3246,ENSG00000276644
3247,ENSG00000121068
3248,ENSG00000123095
3249,ENSG00000188290
3250,ENSG00000162772
3251,ENSG00000221869
3252,ENSG00000184937
3253,ENSG00000164736
3254,ENSG00000134595
3255,ENSG00000170370
3256,ENSG00000173917
3257,ENSG00000182742
3258,ENSG00000120075
3259,ENSG00000108511
3260,ENSG00000198353
3261,ENSG00000170166
3262,ENSG00000273706
3263,ENSG00000125347
3264,ENSG00000169083
3265,ENSG00000091831
3266,ENSG00000082175
3267,ENSG00000125618
3268,ENSG00000113196
3269,ENSG00000164107
3270,ENSG00000187098
3271,ENSG00000261787
3272,ENSG00000175197
3273,ENSG00000082641
3274,ENSG00000122034
3275,ENSG00000163884
3276,ENSG00000204644
3277,ENSG00000197841
3278,ENSG00000141040
3279,ENSG00000089335
3280,ENSG00000198816
3281,ENSG00000170954
3282,ENSG00000196724
3283,ENSG00000183647
3284,ENSG00000102870
3285,ENSG00000117010
3286,ENSG00000127903
3287,ENSG00000176723
3288,ENSG00000167232
3289,ENSG00000171735
3290,ENSG00000006468
3291,ENSG00000136574
3292,ENSG00000141448
3293,ENSG00000176887
3294,ENSG00000183072
3295,ENSG00000164093
3296,ENSG00000112658
3297,ENSG00000119508
3298,ENSG00000186951
3299,ENSG00000106554
3300,ENSG00000117707
3301,ENSG00000067066
3302,ENSG00000089225
3303,ENSG00000164107
3304,ENSG00000122691
3305,ENSG00000233608
3306,ENSG00000177374
3307,ENSG00000153814
3308,ENSG00000164920
3309,ENSG00000061455
3310,ENSG00000103449
3311,ENSG00000019549
3312,ENSG00000204335
3313,ENSG00000121297
3314,ENSG00000184937
3315,ENSG00000189420
3316,ENSG00000101493
3317,ENSG00000148516
3318,ENSG00000138336
3319,ENSG00000183770
3320,ENSG00000150907
3321,ENSG00000170370
3322,ENSG00000253293
3323,ENSG00000005073
3324,ENSG00000106006
3325,ENSG00000078399
3326,ENSG00000128710
3327,ENSG00000128713
3328,ENSG00000143995
3329,ENSG00000105419
3330,ENSG00000116132
3331,ENSG00000091831
3332,ENSG00000175745
3333,ENSG00000185551
3334,ENSG00000082175
3335,ENSG00000198963
3336,ENSG00000100968
3337,ENSG00000135111
3338,ENSG00000164107
3339,ENSG00000118526
3340,ENSG00000163792
3341,ENSG00000233608
3342,ENSG00000177606
3343,ENSG00000171223
3344,ENSG00000173068
3345,ENSG00000074047
3346,ENSG00000163884
3347,ENSG00000164920
3348,ENSG00000198300
3349,ENSG00000061455
3350,ENSG00000182463
3351,ENSG00000184937
3352,ENSG00000063587
3353,ENSG00000172000
3354,ENSG00000160229
3355,ENSG00000183770
3356,ENSG00000136574
3357,ENSG00000004848
3358,ENSG00000197757
3359,ENSG00000037965
3360,ENSG00000143355
3361,ENSG00000169297
3362,ENSG00000185551
3363,ENSG00000123358
3364,ENSG00000136931
3365,ENSG00000106624
3366,ENSG00000100968
3367,ENSG00000114315
3368,ENSG00000069812
3369,ENSG00000188290
3370,ENSG00000168062
3371,ENSG00000165702
3372,ENSG00000186026
3373,ENSG00000176472
3374,ENSG00000119042
3375,ENSG00000269404
3376,ENSG00000163435
3377,ENSG00000186564
3378,ENSG00000160973
3379,ENSG00000113722
3380,ENSG00000165556
3381,ENSG00000174279
3382,ENSG00000135100
3383,ENSG00000253293
3384,ENSG00000106031
3385,ENSG00000106006
3386,ENSG00000159184
3387,ENSG00000260027
3388,ENSG00000128645
3389,ENSG00000128713
3390,ENSG00000170178
3391,ENSG00000128714
3392,ENSG00000175329
3393,ENSG00000164093
3394,ENSG00000101076
3395,ENSG00000164749
3396,ENSG00000144852
3397,ENSG00000116833
3398,ENSG00000117707
3399,ENSG00000188290
3400,ENSG00000179111
3401,ENSG00000163909
3402,ENSG00000111049
3403,ENSG00000118526
3404,ENSG00000122691
3405,ENSG00000177374
3406,ENSG00000061455
3407,ENSG00000164330
3408,ENSG00000221818
3409,ENSG00000108001
3410,ENSG00000054598
3411,ENSG00000176692
3412,ENSG00000251493
3413,ENSG00000103241
3414,ENSG00000137273
3415,ENSG00000176678
3416,ENSG00000179772
3417,ENSG00000131668
3418,ENSG00000163064
3419,ENSG00000133937
3420,ENSG00000197757
3421,ENSG00000037965
3422,ENSG00000180806
3423,ENSG00000106511
3424,ENSG00000164093
3425,ENSG00000116132
3426,ENSG00000167157
3427,ENSG00000185551
3428,ENSG00000106624
3429,ENSG00000100968
3430,ENSG00000092607
3431,ENSG00000121068
3432,ENSG00000144485
3433,ENSG00000213347
3434,ENSG00000171532
3435,ENSG00000162367
3436,ENSG00000123405
3437,ENSG00000165702
3438,ENSG00000185811
3439,ENSG00000105610
3440,ENSG00000204366
3441,ENSG00000204644
3442,ENSG00000171649
3443,ENSG00000198039
3444,ENSG00000165244
3445,ENSG00000229676
3446,ENSG00000204519
3447,ENSG00000267041
3448,ENSG00000101412
3449,ENSG00000205250
3450,ENSG00000129173
3451,ENSG00000198176
3452,ENSG00000184492
3453,ENSG00000111206
3454,ENSG00000102145
3455,ENSG00000118513
3456,ENSG00000101057
3457,ENSG00000115163
3458,ENSG00000243678
3459,ENSG00000144485
3460,ENSG00000009950
3461,ENSG00000178860
3462,ENSG00000111049
3463,ENSG00000111046
3464,ENSG00000129152
3465,ENSG00000122180
3466,ENSG00000177551
3467,ENSG00000260428
3468,ENSG00000112246
3469,ENSG00000186051
3470,ENSG00000182759
3471,ENSG00000113916
3472,ENSG00000120738
3473,ENSG00000155090
3474,ENSG00000119138
3475,ENSG00000109906
3476,ENSG00000152977
3477,ENSG00000197841
3478,ENSG00000178175
3479,
3480,ENSG00000172000
3481,ENSG00000198453
3482,ENSG00000187792
3483,ENSG00000180884
3484,ENSG00000221944
3485,ENSG00000060138
3486,ENSG00000129173
3487,ENSG00000221818
3488,ENSG00000150907
3489,ENSG00000204060
3490,ENSG00000006704
3491,ENSG00000171056
3492,ENSG00000163064
3493,ENSG00000164778
3494,ENSG00000174279
3495,ENSG00000197576
3496,ENSG00000106006
3497,ENSG00000138136
3498,ENSG00000164093
3499,ENSG00000107859
3500,ENSG00000126778
3501,ENSG00000135903
3502,ENSG00000009709
3503,ENSG00000152192
3504,ENSG00000081189
3505,ENSG00000073282
3506,ENSG00000008441
3507,ENSG00000092607
3508,ENSG00000187079
3509,ENSG00000163909
3510,ENSG00000124440
3511,ENSG00000178860
3512,ENSG00000118526
3513,ENSG00000163792
3514,ENSG00000233608
3515,ENSG00000173068
3516,ENSG00000111087
3517,ENSG00000074047
3518,ENSG00000126603
3519,ENSG00000177374
3520,ENSG00000102349
3521,ENSG00000143867
3522,ENSG00000164920
3523,ENSG00000118495
3524,ENSG00000019549
3525,ENSG00000179981
3526,ENSG00000182463
3527,ENSG00000121297
3528,ENSG00000189420
3529,ENSG00000063587
3530,ENSG00000102935
3531,ENSG00000127903
3532,ENSG00000164330
3533,ENSG00000176692
3534,ENSG00000137273
3535,ENSG00000176678
3536,ENSG00000179772
3537,ENSG00000136574
3538,ENSG00000004848
3539,ENSG00000197757
3540,ENSG00000037965
3541,ENSG00000128709
3542,ENSG00000143355
3543,ENSG00000106511
3544,ENSG00000150051
3545,ENSG00000185551
3546,ENSG00000136931
3547,ENSG00000106624
3548,ENSG00000115041
3549,ENSG00000160224
3550,ENSG00000121068
3551,ENSG00000163909
3552,ENSG00000118526
3553,ENSG00000163792
3554,ENSG00000111087
3555,ENSG00000204335
3556,ENSG00000184937
3557,ENSG00000189420
3558,ENSG00000275004
3559,ENSG00000124459
3560,ENSG00000228623
3561,ENSG00000213973
3562,ENSG00000221818
3563,ENSG00000176678
3564,ENSG00000179772
3565,ENSG00000136574
3566,ENSG00000130700
3567,ENSG00000125398
3568,ENSG00000037965
3569,ENSG00000179528
3570,ENSG00000136327
3571,ENSG00000169297
3572,ENSG00000136931
3573,ENSG00000121068
3574,ENSG00000122145
3575,ENSG00000166823
3576,ENSG00000188095
3577,ENSG00000171532
3578,ENSG00000182463
3579,ENSG00000196247
3580,ENSG00000152926
3581,ENSG00000197279
3582,ENSG00000135373
3583,ENSG00000135374
3584,ENSG00000054598
3585,ENSG00000164379
3586,ENSG00000115112
3587,ENSG00000100146
3588,ENSG00000125398
3589,ENSG00000043039
3590,ENSG00000170549
3591,ENSG00000170561
3592,ENSG00000119919
3593,ENSG00000100625
3594,ENSG00000107807
3595,ENSG00000012223
3596,ENSG00000159216
3597,ENSG00000147862
3598,ENSG00000166823
3599,ENSG00000188095
3600,ENSG00000143578
3601,ENSG00000204335
3602,ENSG00000164651
3603,ENSG00000109906
3604,ENSG00000106261
3605,ENSG00000074657
3606,ENSG00000164048
3607,ENSG00000176024
3608,ENSG00000197619
3609,ENSG00000198093
3610,ENSG00000160336
3611,ENSG00000198346
3612,ENSG00000180257
3613,ENSG00000151612
3614,ENSG00000111249
3615,ENSG00000088881
3616,ENSG00000158711
3617,ENSG00000124664
3618,ENSG00000129514
3619,ENSG00000083307
3620,ENSG00000253293
3621,ENSG00000106031
3622,ENSG00000106006
3623,ENSG00000159184
3624,ENSG00000167034
3625,ENSG00000126778
3626,ENSG00000169083
3627,ENSG00000008441
3628,ENSG00000135111
3629,ENSG00000009950
3630,ENSG00000198429
3631,ENSG00000213793
3632,ENSG00000169856
3633,ENSG00000119547
3634,ENSG00000088881
3635,ENSG00000175832
3636,ENSG00000125798
3637,ENSG00000125398
3638,ENSG00000152804
3639,ENSG00000275410
3640,ENSG00000139515
3641,ENSG00000124920
3642,ENSG00000012504
3643,ENSG00000116833
3644,ENSG00000117707
3645,ENSG00000009950
3646,ENSG00000169136
3647,ENSG00000245848
3648,ENSG00000108924
3649,ENSG00000163884
3650,ENSG00000103449
3651,ENSG00000152977
3652,ENSG00000197782
3653,ENSG00000180346
3654,ENSG00000111249
3655,ENSG00000169856
3656,ENSG00000176399
3657,ENSG00000125798
3658,ENSG00000152804
3659,ENSG00000135100
3660,ENSG00000179528
3661,ENSG00000169083
3662,ENSG00000091831
3663,ENSG00000173153
3664,ENSG00000101076
3665,ENSG00000025434
3666,ENSG00000012504
3667,ENSG00000144852
3668,ENSG00000143257
3669,ENSG00000116833
3670,ENSG00000186951
3671,ENSG00000143365
3672,ENSG00000186350
3673,ENSG00000117707
3674,ENSG00000092607
3675,ENSG00000009950
3676,ENSG00000105967
3677,ENSG00000140044
3678,ENSG00000178573
3679,ENSG00000204103
3680,ENSG00000185669
3681,ENSG00000181444
3682,ENSG00000151702
3683,ENSG00000066336
3684,ENSG00000166211
3685,ENSG00000220201
3686,ENSG00000136630
3687,ENSG00000105991
3688,ENSG00000151650
3689,ENSG00000028277
3690,ENSG00000128604
3691,ENSG00000173153
3692,ENSG00000025434
3693,ENSG00000186350
3694,ENSG00000009950
3695,ENSG00000090447
3696,ENSG00000168062
3697,ENSG00000060566
3698,ENSG00000178573
3699,ENSG00000160685
3700,ENSG00000265763
3701,ENSG00000173825
3702,ENSG00000010030
3703,ENSG00000163435
3704,ENSG00000251493
3705,ENSG00000130700
3706,ENSG00000113722
3707,ENSG00000165556
3708,ENSG00000135100
3709,ENSG00000260027
3710,ENSG00000123388
3711,ENSG00000128645
3712,ENSG00000175329
3713,ENSG00000130675
3714,ENSG00000164093
3715,ENSG00000166268
3716,ENSG00000173153
3717,ENSG00000101076
3718,ENSG00000164749
3719,ENSG00000025434
3720,ENSG00000012504
3721,ENSG00000144852
3722,ENSG00000116833
3723,ENSG00000186951
3724,ENSG00000143365
3725,ENSG00000111424
3726,ENSG00000167800
3727,ENSG00000197905
3728,ENSG00000059728
3729,ENSG00000168062
3730,ENSG00000245848
3731,ENSG00000125850
3732,ENSG00000160685
3733,ENSG00000184828
3734,ENSG00000197279
3735,ENSG00000176472
3736,ENSG00000169957
3737,ENSG00000119042
3738,ENSG00000163435
3739,ENSG00000186564
3740,ENSG00000160973
3741,ENSG00000113722
3742,ENSG00000165556
3743,ENSG00000174279
3744,ENSG00000135100
3745,ENSG00000106031
3746,ENSG00000159184
3747,ENSG00000260027
3748,ENSG00000170689
3749,ENSG00000128645
3750,ENSG00000128710
3751,ENSG00000128713
3752,ENSG00000128714
3753,ENSG00000175329
3754,ENSG00000130675
3755,ENSG00000118513
3756,ENSG00000173153
3757,ENSG00000101076
3758,ENSG00000164749
3759,ENSG00000144852
3760,ENSG00000160113
3761,ENSG00000116833
3762,ENSG00000132170
3763,ENSG00000111424
3764,ENSG00000132024
3765,ENSG00000124151
3766,ENSG00000186051
3767,ENSG00000112182
3768,ENSG00000119866
3769,ENSG00000185811
3770,ENSG00000161405
3771,ENSG00000127528
3772,ENSG00000185669
3773,ENSG00000011590
3774,ENSG00000196247
3775,ENSG00000170684
3776,ENSG00000197385
3777,ENSG00000197114
3778,ENSG00000133740
3779,ENSG00000164330
3780,ENSG00000151702
3781,ENSG00000152804
3782,ENSG00000028277
3783,ENSG00000140968
3784,ENSG00000081189
3785,ENSG00000153234
3786,ENSG00000196092
3787,ENSG00000067066
3788,ENSG00000135899
3789,ENSG00000079263
3790,ENSG00000185404
3791,ENSG00000112246
3792,ENSG00000085276
3793,ENSG00000145908
3794,ENSG00000197128
3795,ENSG00000180532
3796,ENSG00000135374
3797,ENSG00000186103
3798,ENSG00000135638
3799,ENSG00000170370
3800,ENSG00000188816
3801,ENSG00000275410
3802,ENSG00000120093
3803,ENSG00000182742
3804,ENSG00000120075
3805,ENSG00000108511
3806,ENSG00000260027
3807,ENSG00000120068
3808,ENSG00000170689
3809,ENSG00000180818
3810,ENSG00000128710
3811,ENSG00000128713
3812,ENSG00000128652
3813,ENSG00000170166
3814,ENSG00000128709
3815,ENSG00000159387
3816,ENSG00000273706
3817,ENSG00000075891
3818,ENSG00000137709
3819,ENSG00000198914
3820,
3821,ENSG00000128604
3822,ENSG00000125618
3823,ENSG00000121068
3824,ENSG00000162367
3825,ENSG00000178573
3826,ENSG00000161940
3827,ENSG00000177374
3828,ENSG00000127528
3829,ENSG00000182463
3830,ENSG00000181444
3831,ENSG00000198795
3832,ENSG00000257591
3833,ENSG00000124203
3834,ENSG00000257446
3835,ENSG00000111145
3836,ENSG00000157554
3837,ENSG00000176692
3838,ENSG00000133937
3839,ENSG00000128710
3840,ENSG00000175879
3841,ENSG00000128709
3842,ENSG00000175745
3843,ENSG00000117707
3844,ENSG00000131196
3845,ENSG00000101096
3846,ENSG00000170365
3847,ENSG00000120693
3848,ENSG00000184058
3849,ENSG00000074219
3850,ENSG00000186051
3851,ENSG00000105967
3852,ENSG00000103449
3853,ENSG00000125520
3854,ENSG00000176371
3855,ENSG00000118156
3856,ENSG00000171735
3857,ENSG00000176399
3858,ENSG00000118418
3859,ENSG00000135638
3860,ENSG00000170370
3861,ENSG00000135100
3862,ENSG00000275410
3863,ENSG00000105997
3864,ENSG00000197576
3865,ENSG00000106004
3866,ENSG00000122592
3867,ENSG00000078399
3868,ENSG00000180818
3869,ENSG00000037965
3870,ENSG00000180806
3871,ENSG00000170166
3872,ENSG00000179528
3873,ENSG00000273706
3874,ENSG00000101076
3875,ENSG00000012504
3876,ENSG00000143257
3877,ENSG00000125618
3878,ENSG00000105967
3879,ENSG00000245848
3880,ENSG00000092067
3881,ENSG00000178573
3882,ENSG00000204103
3883,ENSG00000181444
3884,ENSG00000066336
3885,ENSG00000220201
3886,ENSG00000152804
3887,ENSG00000136630
3888,ENSG00000159387
3889,ENSG00000128604
3890,ENSG00000198715
3891,ENSG00000105967
3892,ENSG00000123685
3893,ENSG00000172216
3894,ENSG00000092067
3895,ENSG00000204103
3896,ENSG00000122877
3897,ENSG00000185669
3898,ENSG00000185947
3899,ENSG00000169554
3900,ENSG00000066336
3901,ENSG00000166211
3902,ENSG00000136630
3903,ENSG00000151650
3904,ENSG00000028277
3905,ENSG00000128604
3906,ENSG00000153234
3907,ENSG00000119508
3908,ENSG00000245848
3909,ENSG00000179627
3910,ENSG00000144331
3911,ENSG00000101412
3912,ENSG00000006468
3913,ENSG00000125798
3914,ENSG00000152284
3915,ENSG00000170561
3916,ENSG00000177508
3917,ENSG00000176842
3918,ENSG00000159387
3919,ENSG00000136352
3920,ENSG00000136327
3921,ENSG00000159588
3922,ENSG00000157429
3923,ENSG00000132010
3924,ENSG00000149050
3925,ENSG00000198039
3926,ENSG00000186496
3927,ENSG00000171295
3928,ENSG00000164185
3929,ENSG00000174586
3930,ENSG00000152467
3931,ENSG00000129654
3932,ENSG00000139445
3933,ENSG00000164736
3934,ENSG00000198353
3935,ENSG00000177508
3936,ENSG00000150051
3937,ENSG00000115507
3938,ENSG00000126778
3939,ENSG00000100625
3940,ENSG00000136367
3941,ENSG00000118513
3942,ENSG00000082175
3943,ENSG00000078900
3944,ENSG00000087903
3945,ENSG00000178935
3946,ENSG00000064218
3947,ENSG00000135373
3948,ENSG00000163435
3949,ENSG00000129514
3950,ENSG00000164379
3951,ENSG00000181449
3952,ENSG00000106031
3953,ENSG00000128714
3954,ENSG00000115507
3955,ENSG00000126778
3956,ENSG00000170577
3957,ENSG00000012223
3958,ENSG00000125813
3959,ENSG00000149922
