,EnsemblId,symbol
1,ENSG00000137203,TFAP2A
2,ENSG00000008196,TFAP2B
3,ENSG00000087510,TFAP2C
4,ENSG00000008197,TFAP2D
5,ENSG00000116819,TFAP2E
8,ENSG00000116017,ARID3A
9,ENSG00000179361,ARID3B
10,ENSG00000205143,ARID3C
13,ENSG00000196843,ARID5A
14,ENSG00000150347,ARID5B
17,ENSG00000117139,KDM5B
20,ENSG00000189079,ARID2
21,ENSG00000153207,AHCTF1
22,ENSG00000126705,AHDC1
23,ENSG00000106948,AKNA
24,ENSG00000116539,ASH1L
25,ENSG00000173894,CBX2
26,ENSG00000101457,DNTTIP1
27,ENSG00000104885,DOT1L
28,ENSG00000140632,GLYR1
29,ENSG00000137309,HMGA1
30,ENSG00000149948,HMGA2
31,ENSG00000025293,PHF20
32,ENSG00000135365,PHF21A
33,ENSG00000126464,PRR12
34,ENSG00000146285,SCML4
35,ENSG00000152217,SETBP1
36,ENSG00000080603,SRCAP
37,ENSG00000188070,C11orf95
38,ENSG00000237765,FAM200B
39,ENSG00000141258,SGSM2
40,ENSG00000214717,ZBED1
41,ENSG00000177494,ZBED2
42,ENSG00000132846,ZBED3
43,ENSG00000100426,ZBED4
44,ENSG00000236287,ZBED5
45,ENSG00000257315,ZBED6
47,ENSG00000232040,ZBED9
48,ENSG00000106546,AHR
49,ENSG00000063438,AHRR
50,ENSG00000143437,ARNT
51,ENSG00000172379,ARNT2
52,ENSG00000133794,ARNTL
53,ENSG00000029153,ARNTL2
54,ENSG00000139352,ASCL1
55,ENSG00000183734,ASCL2
56,ENSG00000176009,ASCL3
57,ENSG00000187855,ASCL4
58,ENSG00000232237,ASCL5
59,ENSG00000172238,ATOH1
60,ENSG00000179774,ATOH7
61,ENSG00000168874,ATOH8
62,ENSG00000180535,BHLHA15
63,ENSG00000205899,BHLHA9
64,ENSG00000180828,BHLHE22
65,ENSG00000125533,BHLHE23
66,ENSG00000134107,BHLHE40
67,ENSG00000123095,BHLHE41
68,ENSG00000250709,CCDC169-SOHLH2
69,ENSG00000134852,CLOCK
70,ENSG00000116016,EPAS1
71,ENSG00000146618,FERD3L
72,ENSG00000183733,FIGLA
73,ENSG00000113196,HAND1
74,ENSG00000164107,HAND2
75,ENSG00000187821,HELT
76,ENSG00000114315,HES1
77,ENSG00000069812,HES2
78,ENSG00000173673,HES3
79,ENSG00000188290,HES4
80,ENSG00000197921,HES5
81,ENSG00000144485,HES6
82,ENSG00000179111,HES7
83,ENSG00000164683,HEY1
84,ENSG00000135547,HEY2
85,ENSG00000163909,HEYL
86,ENSG00000100644,HIF1A
87,ENSG00000124440,HIF3A
92,ENSG00000104903,LYL1
93,ENSG00000125952,MAX
94,ENSG00000166823,MESP1
95,ENSG00000188095,MESP2
96,ENSG00000187098,MITF
97,ENSG00000108788,MLX
98,ENSG00000175727,MLXIP
99,ENSG00000009950,MLXIPL
100,ENSG00000070444,MNT
101,ENSG00000178860,MSC
102,ENSG00000151379,MSGN1
103,ENSG00000059728,MXD1
104,ENSG00000213347,MXD3
105,ENSG00000123933,MXD4
106,ENSG00000119950,MXI1
107,ENSG00000136997,MYC
108,ENSG00000116990,MYCL
109,ENSG00000134323,MYCN
110,ENSG00000111049,MYF5
111,ENSG00000111046,MYF6
112,ENSG00000129152,MYOD1
113,ENSG00000122180,MYOG
114,ENSG00000084676,NCOA1
115,ENSG00000140396,NCOA2
116,ENSG00000124151,NCOA3
117,ENSG00000162992,NEUROD1
118,ENSG00000171532,NEUROD2
119,ENSG00000123307,NEUROD4
120,ENSG00000164600,NEUROD6
121,ENSG00000181965,NEUROG1
122,ENSG00000178403,NEUROG2
123,ENSG00000122859,NEUROG3
124,ENSG00000171786,NHLH1
125,ENSG00000177551,NHLH2
126,ENSG00000130751,NPAS1
127,ENSG00000170485,NPAS2
128,ENSG00000151322,NPAS3
129,ENSG00000174576,NPAS4
130,ENSG00000184221,OLIG1
131,ENSG00000205927,OLIG2
132,ENSG00000177468,OLIG3
133,ENSG00000168267,PTF1A
134,ENSG00000260428,SCX
135,ENSG00000112246,SIM1
136,ENSG00000159263,SIM2
137,ENSG00000165643,SOHLH1
138,ENSG00000120669,SOHLH2
139,ENSG00000072310,SREBF1
140,ENSG00000198911,SREBF2
141,ENSG00000162367,TAL1
142,ENSG00000186051,TAL2
143,ENSG00000140262,TCF12
144,ENSG00000125878,TCF15
145,ENSG00000118526,TCF21
146,ENSG00000163792,TCF23
147,ENSG00000261787,TCF24
148,ENSG00000071564,TCF3
149,ENSG00000196628,TCF4
150,ENSG00000101190,TCFL5
151,ENSG00000090447,TFAP4
152,ENSG00000068323,TFE3
153,ENSG00000112561,TFEB
154,ENSG00000105967,TFEC
155,ENSG00000122691,TWIST1
156,ENSG00000233608,TWIST2
157,ENSG00000158773,USF1
158,ENSG00000105698,USF2
159,ENSG00000176542,USF3
160,ENSG00000143157,POGK
161,ENSG00000267281,AC023509.3
163,ENSG00000123268,ATF1
164,ENSG00000115966,ATF2
165,ENSG00000162772,ATF3
166,ENSG00000128272,ATF4
167,ENSG00000169136,ATF5
168,ENSG00000118217,ATF6
169,ENSG00000213676,ATF6B
170,ENSG00000170653,ATF7
171,ENSG00000156273,BACH1
172,ENSG00000112182,BACH2
173,ENSG00000156127,BATF
174,ENSG00000168062,BATF2
175,ENSG00000123685,BATF3
179,ENSG00000245848,CEBPA
180,ENSG00000172216,CEBPB
181,ENSG00000221869,CEBPD
182,ENSG00000092067,CEBPE
183,ENSG00000153879,CEBPG
184,ENSG00000118260,CREB1
185,ENSG00000107175,CREB3
186,ENSG00000157613,CREB3L1
187,ENSG00000182158,CREB3L2
188,ENSG00000060566,CREB3L3
189,ENSG00000143578,CREB3L4
190,ENSG00000146592,CREB5
191,ENSG00000111269,CREBL2
193,ENSG00000137504,CREBZF
194,ENSG00000095794,CREM
195,ENSG00000105516,DBP
196,ENSG00000175197,DDIT3
197,ENSG00000170345,FOS
198,ENSG00000125740,FOSB
199,ENSG00000175592,FOSL1
200,ENSG00000075426,FOSL2
202,ENSG00000108924,HLF
205,ENSG00000140044,JDP2
206,ENSG00000177606,JUN
207,ENSG00000171223,JUNB
208,ENSG00000130522,JUND
211,ENSG00000178573,MAF
212,ENSG00000182759,MAFA
213,ENSG00000204103,MAFB
214,ENSG00000185022,MAFF
215,ENSG00000197063,MAFG
216,ENSG00000198517,MAFK
219,ENSG00000123405,NFE2
220,ENSG00000082641,NFE2L1
221,ENSG00000116044,NFE2L2
222,ENSG00000050344,NFE2L3
223,ENSG00000165030,NFIL3
225,ENSG00000129535,NRL
230,ENSG00000167074,TEF
232,ENSG00000100219,XBP1
233,ENSG00000267179,AC008770.3
234,ENSG00000233757,AC092835.1
235,ENSG00000264668,AC138696.1
236,ENSG00000139154,AEBP2
237,ENSG00000105127,AKAP8
238,ENSG00000011243,AKAP8L
239,ENSG00000163516,ANKZF1
240,ENSG00000166454,ATMIN
241,ENSG00000119866,BCL11A
242,ENSG00000127152,BCL11B
243,ENSG00000113916,BCL6
244,ENSG00000161940,BCL6B
245,ENSG00000169594,BNC1
246,ENSG00000173068,BNC2
247,ENSG00000130940,CASZ1
248,ENSG00000159588,CCDC17
249,ENSG00000198824,CHAMP1
250,ENSG00000147183,CPXCR1
251,ENSG00000102974,CTCF
252,ENSG00000124092,CTCFL
253,ENSG00000011332,DPF1
254,ENSG00000205683,DPF3
255,ENSG00000134874,DZIP1
256,ENSG00000167967,E4F1
257,ENSG00000102189,EEA1
258,ENSG00000120738,EGR1
259,ENSG00000122877,EGR2
260,ENSG00000179388,EGR3
261,ENSG00000135625,EGR4
262,ENSG00000164334,FAM170A
263,ENSG00000128610,FEZF1
264,ENSG00000153266,FEZF2
265,ENSG00000179943,FIZ1
266,ENSG00000162676,GFI1
267,ENSG00000165702,GFI1B
268,ENSG00000111087,GLI1
269,ENSG00000074047,GLI2
270,ENSG00000106571,GLI3
271,ENSG00000250571,GLI4
272,ENSG00000174332,GLIS1
273,ENSG00000126603,GLIS2
274,ENSG00000107249,GLIS3
275,ENSG00000122034,GTF3A
276,ENSG00000125812,GZF1
277,ENSG00000177374,HIC1
278,ENSG00000169635,HIC2
279,ENSG00000172273,HINFP
280,ENSG00000095951,HIVEP1
281,ENSG00000010818,HIVEP2
282,ENSG00000127124,HIVEP3
283,ENSG00000181666,HKR1
284,ENSG00000185811,IKZF1
285,ENSG00000030419,IKZF2
286,ENSG00000161405,IKZF3
287,ENSG00000123411,IKZF4
288,ENSG00000095574,IKZF5
289,ENSG00000173404,INSM1
290,ENSG00000168348,INSM2
291,ENSG00000153814,JAZF1
292,ENSG00000136504,KAT7
293,ENSG00000176407,KCMF1
294,ENSG00000151657,KIN
295,ENSG00000105610,KLF1
296,ENSG00000155090,KLF10
297,ENSG00000172059,KLF11
298,ENSG00000118922,KLF12
299,ENSG00000169926,KLF13
300,ENSG00000266265,KLF14
301,ENSG00000163884,KLF15
302,ENSG00000129911,KLF16
303,ENSG00000171872,KLF17
304,ENSG00000127528,KLF2
305,ENSG00000109787,KLF3
306,ENSG00000136826,KLF4
307,ENSG00000102554,KLF5
308,ENSG00000067082,KLF6
309,ENSG00000118263,KLF7
310,ENSG00000102349,KLF8
311,ENSG00000119138,KLF9
312,ENSG00000185513,L3MBTL1
313,ENSG00000198945,L3MBTL3
314,ENSG00000154655,L3MBTL4
315,ENSG00000103495,MAZ
316,ENSG00000085276,MECOM
317,ENSG00000188786,MTF1
318,ENSG00000085274,MYNN
319,ENSG00000196132,MYT1
320,ENSG00000186487,MYT1L
321,ENSG00000099326,MZF1
323,ENSG00000143867,OSR1
324,ENSG00000164920,OSR2
325,ENSG00000172818,OVOL1
326,ENSG00000125850,OVOL2
327,ENSG00000105261,OVOL3
328,ENSG00000198300,PEG3
329,ENSG00000181690,PLAG1
330,ENSG00000118495,PLAGL1
331,ENSG00000126003,PLAGL2
332,ENSG00000057657,PRDM1
333,ENSG00000170325,PRDM10
334,ENSG00000130711,PRDM12
335,ENSG00000112238,PRDM13
336,ENSG00000147596,PRDM14
337,ENSG00000141956,PRDM15
338,ENSG00000142611,PRDM16
339,ENSG00000116731,PRDM2
340,ENSG00000110851,PRDM4
341,ENSG00000138738,PRDM5
342,ENSG00000061455,PRDM6
343,ENSG00000152784,PRDM8
344,ENSG00000164256,PRDM9
345,ENSG00000185238,PRMT3
346,ENSG00000146587,RBAK
347,ENSG00000131381,RBSN
348,ENSG00000214022,REPIN1
349,ENSG00000084093,REST
350,ENSG00000117000,RLF
351,ENSG00000124782,RREB1
352,ENSG00000103449,SALL1
353,ENSG00000165821,SALL2
354,ENSG00000256463,SALL3
355,ENSG00000101115,SALL4
356,ENSG00000261678,SCRT1
357,ENSG00000215397,SCRT2
358,ENSG00000125520,SLC2A4RG
359,ENSG00000124216,SNAI1
360,ENSG00000019549,SNAI2
361,ENSG00000185669,SNAI3
362,ENSG00000185591,SP1
363,ENSG00000167182,SP2
364,ENSG00000172845,SP3
365,ENSG00000105866,SP4
366,ENSG00000204335,SP5
367,ENSG00000189120,SP6
368,ENSG00000170374,SP7
369,ENSG00000164651,SP8
370,ENSG00000217236,SP9
371,ENSG00000147488,ST18
372,ENSG00000135148,TRAFD1
373,ENSG00000179981,TSHZ1
374,ENSG00000182463,TSHZ2
375,ENSG00000121297,TSHZ3
376,ENSG00000136451,VEZF1
377,ENSG00000011451,WIZ
378,ENSG00000184937,WT1
379,ENSG00000100811,YY1
380,ENSG00000230797,YY2
381,ENSG00000126804,ZBTB1
382,ENSG00000205189,ZBTB10
383,ENSG00000066422,ZBTB11
384,ENSG00000204366,ZBTB12
385,ENSG00000198081,ZBTB14
386,ENSG00000109906,ZBTB16
387,ENSG00000116809,ZBTB17
388,ENSG00000179456,ZBTB18
389,ENSG00000181472,ZBTB2
390,ENSG00000181722,ZBTB20
391,ENSG00000173276,ZBTB21
392,ENSG00000236104,ZBTB22
393,ENSG00000089775,ZBTB25
394,ENSG00000171448,ZBTB26
395,ENSG00000185670,ZBTB3
396,ENSG00000011590,ZBTB32
397,ENSG00000177485,ZBTB33
398,ENSG00000177125,ZBTB34
399,ENSG00000185278,ZBTB37
400,ENSG00000177311,ZBTB38
401,ENSG00000166860,ZBTB39
402,ENSG00000174282,ZBTB4
403,ENSG00000184677,ZBTB40
404,ENSG00000177888,ZBTB41
405,ENSG00000179627,ZBTB42
406,ENSG00000169155,ZBTB43
407,ENSG00000196323,ZBTB44
408,ENSG00000119574,ZBTB45
409,ENSG00000130584,ZBTB46
410,ENSG00000114853,ZBTB47
411,ENSG00000204859,ZBTB48
412,ENSG00000168826,ZBTB49
413,ENSG00000168795,ZBTB5
414,ENSG00000186130,ZBTB6
415,ENSG00000178951,ZBTB7A
416,ENSG00000160685,ZBTB7B
417,ENSG00000184828,ZBTB7C
418,ENSG00000160062,ZBTB8A
419,ENSG00000273274,ZBTB8B
420,ENSG00000213588,ZBTB9
421,ENSG00000066827,ZFAT
422,ENSG00000184517,ZFP1
423,ENSG00000142065,ZFP14
424,ENSG00000198939,ZFP2
425,ENSG00000196867,ZFP28
426,ENSG00000180787,ZFP3
427,ENSG00000120784,ZFP30
428,ENSG00000136866,ZFP37
429,ENSG00000181638,ZFP41
430,ENSG00000179059,ZFP42
431,ENSG00000204644,ZFP57
432,ENSG00000196670,ZFP62
433,ENSG00000020256,ZFP64
434,ENSG00000187815,ZFP69
435,ENSG00000187801,ZFP69B
436,ENSG00000181007,ZFP82
437,ENSG00000184939,ZFP90
438,ENSG00000186660,ZFP91
439,ENSG00000189420,ZFP92
441,ENSG00000179588,ZFPM1
442,ENSG00000169946,ZFPM2
445,ENSG00000005889,ZFX
446,ENSG00000067646,ZFY
447,ENSG00000152977,ZIC1
448,ENSG00000043355,ZIC2
449,ENSG00000156925,ZIC3
450,ENSG00000174963,ZIC4
451,ENSG00000139800,ZIC5
452,ENSG00000171649,ZIK1
453,ENSG00000269699,ZIM2
454,ENSG00000141946,ZIM3
455,ENSG00000106261,ZKSCAN1
456,ENSG00000155592,ZKSCAN2
457,ENSG00000189298,ZKSCAN3
458,ENSG00000187626,ZKSCAN4
459,ENSG00000196652,ZKSCAN5
460,ENSG00000196345,ZKSCAN7
461,ENSG00000198315,ZKSCAN8
462,ENSG00000166432,ZMAT1
464,ENSG00000165061,ZMAT4
465,ENSG00000256223,ZNF10
466,ENSG00000197020,ZNF100
467,ENSG00000181896,ZNF101
469,ENSG00000196247,ZNF107
470,ENSG00000062370,ZNF112
471,ENSG00000178150,ZNF114
472,ENSG00000152926,ZNF117
473,ENSG00000164631,ZNF12
474,ENSG00000197961,ZNF121
475,ENSG00000196418,ZNF124
476,ENSG00000172262,ZNF131
477,ENSG00000131849,ZNF132
478,ENSG00000125846,ZNF133
479,ENSG00000213762,ZNF134
480,ENSG00000176293,ZNF135
481,ENSG00000196646,ZNF136
482,ENSG00000197008,ZNF138
483,ENSG00000105708,ZNF14
484,ENSG00000196387,ZNF140
485,ENSG00000131127,ZNF141
486,ENSG00000115568,ZNF142
487,ENSG00000166478,ZNF143
488,ENSG00000167635,ZNF146
489,ENSG00000163848,ZNF148
490,ENSG00000179909,ZNF154
491,ENSG00000204920,ZNF155
492,ENSG00000147117,ZNF157
493,ENSG00000170631,ZNF16
494,ENSG00000170949,ZNF160
495,ENSG00000197279,ZNF165
496,ENSG00000175787,ZNF169
497,ENSG00000186272,ZNF17
498,ENSG00000103343,ZNF174
499,ENSG00000105497,ZNF175
500,ENSG00000188629,ZNF177
501,ENSG00000154957,ZNF18
502,ENSG00000167384,ZNF180
503,ENSG00000197841,ZNF181
504,ENSG00000147118,ZNF182
505,ENSG00000096654,ZNF184
506,ENSG00000136870,ZNF189
507,ENSG00000157429,ZNF19
508,ENSG00000005801,ZNF195
509,ENSG00000186448,ZNF197
510,ENSG00000275111,ZNF2
511,ENSG00000132010,ZNF20
512,ENSG00000010539,ZNF200
513,ENSG00000166261,ZNF202
514,ENSG00000122386,ZNF205
515,ENSG00000010244,ZNF207
516,ENSG00000160321,ZNF208
517,ENSG00000121417,ZNF211
518,ENSG00000170260,ZNF212
519,ENSG00000085644,ZNF213
520,ENSG00000149050,ZNF214
521,ENSG00000149054,ZNF215
522,ENSG00000171940,ZNF217
523,ENSG00000165804,ZNF219
524,ENSG00000165512,ZNF22
525,ENSG00000159905,ZNF221
526,ENSG00000159885,ZNF222
527,ENSG00000178386,ZNF223
528,ENSG00000267680,ZNF224
529,ENSG00000256294,ZNF225
530,ENSG00000167380,ZNF226
531,ENSG00000131115,ZNF227
532,ENSG00000278318,ZNF229
533,ENSG00000167377,ZNF23
534,ENSG00000159882,ZNF230
535,ENSG00000167840,ZNF232
536,ENSG00000159915,ZNF233
537,ENSG00000263002,ZNF234
538,ENSG00000159917,ZNF235
539,ENSG00000130856,ZNF236
540,ENSG00000196793,ZNF239
541,ENSG00000172466,ZNF24
542,ENSG00000198105,ZNF248
543,ENSG00000175395,ZNF25
544,ENSG00000196150,ZNF250
545,ENSG00000198169,ZNF251
546,ENSG00000256771,ZNF253
547,ENSG00000213096,ZNF254
548,ENSG00000152454,ZNF256
549,ENSG00000197134,ZNF257
550,ENSG00000198393,ZNF26
551,ENSG00000254004,ZNF260
552,ENSG00000006194,ZNF263
553,ENSG00000083844,ZNF264
554,ENSG00000174652,ZNF266
555,ENSG00000185947,ZNF267
556,ENSG00000090612,ZNF268
557,ENSG00000198039,ZNF273
558,ENSG00000171606,ZNF274
559,ENSG00000063587,ZNF275
560,ENSG00000158805,ZNF276
561,ENSG00000198538,ZNF28
562,ENSG00000169548,ZNF280A
563,ENSG00000275004,ZNF280B
564,ENSG00000056277,ZNF280C
565,ENSG00000137871,ZNF280D
566,ENSG00000162702,ZNF281
567,ENSG00000170265,ZNF282
568,ENSG00000167637,ZNF283
569,ENSG00000186026,ZNF284
570,ENSG00000267508,ZNF285
571,ENSG00000187607,ZNF286A
572,ENSG00000249459,ZNF286B
573,ENSG00000141040,ZNF287
574,ENSG00000188994,ZNF292
575,ENSG00000170684,ZNF296
576,ENSG00000166526,ZNF3
577,ENSG00000168661,ZNF30
578,ENSG00000145908,ZNF300
579,ENSG00000089335,ZNF302
580,ENSG00000131845,ZNF304
581,ENSG00000197935,ZNF311
582,ENSG00000205903,ZNF316
583,ENSG00000130803,ZNF317
584,ENSG00000171467,ZNF318
585,ENSG00000166188,ZNF319
586,ENSG00000169740,ZNF32
587,ENSG00000182986,ZNF320
588,ENSG00000181315,ZNF322
589,ENSG00000083812,ZNF324
590,ENSG00000249471,ZNF324B
591,ENSG00000162664,ZNF326
592,ENSG00000181894,ZNF329
593,ENSG00000130844,ZNF331
594,ENSG00000160961,ZNF333
595,ENSG00000198185,ZNF334
596,ENSG00000198026,ZNF335
597,ENSG00000130684,ZNF337
598,ENSG00000189180,ZNF33A
599,ENSG00000196693,ZNF33B
600,ENSG00000196378,ZNF34
601,ENSG00000131061,ZNF341
602,ENSG00000088876,ZNF343
603,ENSG00000251247,ZNF345
604,ENSG00000113761,ZNF346
605,ENSG00000197937,ZNF347
606,ENSG00000169981,ZNF35
607,ENSG00000256683,ZNF350
608,ENSG00000169131,ZNF354A
609,ENSG00000178338,ZNF354B
610,ENSG00000177932,ZNF354C
612,ENSG00000198816,ZNF358
613,ENSG00000160094,ZNF362
614,ENSG00000138311,ZNF365
615,ENSG00000178175,ZNF366
616,ENSG00000165244,ZNF367
617,ENSG00000075407,ZNF37A
618,ENSG00000161298,ZNF382
619,ENSG00000188283,ZNF383
620,ENSG00000126746,ZNF384
621,ENSG00000161642,ZNF385A
622,ENSG00000144331,ZNF385B
623,ENSG00000187595,ZNF385C
624,ENSG00000151789,ZNF385D
625,ENSG00000124613,ZNF391
626,ENSG00000160908,ZNF394
627,ENSG00000186918,ZNF395
628,ENSG00000186496,ZNF396
629,ENSG00000186812,ZNF397
630,ENSG00000197024,ZNF398
631,ENSG00000176222,ZNF404
632,ENSG00000215421,ZNF407
633,ENSG00000175213,ZNF408
634,ENSG00000147124,ZNF41
635,ENSG00000119725,ZNF410
636,ENSG00000133250,ZNF414
637,ENSG00000170954,ZNF415
638,ENSG00000083817,ZNF416
639,ENSG00000173480,ZNF417
640,ENSG00000196724,ZNF418
641,ENSG00000105136,ZNF419
642,ENSG00000197050,ZNF420
643,ENSG00000102935,ZNF423
644,ENSG00000204947,ZNF425
645,ENSG00000130818,ZNF426
646,ENSG00000131116,ZNF428
647,ENSG00000197013,ZNF429
648,ENSG00000198521,ZNF43
649,ENSG00000118620,ZNF430
650,ENSG00000196705,ZNF431
651,ENSG00000256087,ZNF432
652,ENSG00000197647,ZNF433
653,ENSG00000125945,ZNF436
654,ENSG00000183621,ZNF438
655,ENSG00000171291,ZNF439
656,ENSG00000197857,ZNF44
657,ENSG00000171295,ZNF440
658,ENSG00000197044,ZNF441
659,ENSG00000198342,ZNF442
660,ENSG00000180855,ZNF443
661,ENSG00000167685,ZNF444
662,ENSG00000185219,ZNF445
663,ENSG00000083838,ZNF446
664,ENSG00000173275,ZNF449
665,ENSG00000124459,ZNF45
666,ENSG00000112200,ZNF451
667,ENSG00000178187,ZNF454
668,ENSG00000197714,ZNF460
669,ENSG00000197808,ZNF461
670,ENSG00000148143,ZNF462
671,ENSG00000181444,ZNF467
672,ENSG00000204604,ZNF468
673,ENSG00000225614,ZNF469
674,ENSG00000197016,ZNF470
675,ENSG00000196263,ZNF471
676,ENSG00000142528,ZNF473
677,ENSG00000164185,ZNF474
678,ENSG00000185177,ZNF479
679,ENSG00000180035,ZNF48
680,ENSG00000198464,ZNF480
681,ENSG00000173258,ZNF483
682,ENSG00000127081,ZNF484
683,ENSG00000198298,ZNF485
684,ENSG00000256229,ZNF486
685,ENSG00000243660,ZNF487
686,ENSG00000265763,ZNF488
687,ENSG00000188033,ZNF490
688,ENSG00000177599,ZNF491
689,ENSG00000229676,ZNF492
690,ENSG00000196268,ZNF493
691,ENSG00000162714,ZNF496
692,ENSG00000174586,ZNF497
693,ENSG00000103199,ZNF500
694,ENSG00000186446,ZNF501
695,ENSG00000196653,ZNF502
696,ENSG00000165655,ZNF503
697,ENSG00000081665,ZNF506
698,ENSG00000168813,ZNF507
699,ENSG00000081386,ZNF510
700,ENSG00000198546,ZNF511
701,ENSG00000196700,ZNF512B
702,ENSG00000163795,ZNF513
703,ENSG00000144026,ZNF514
704,ENSG00000101493,ZNF516
705,ENSG00000197363,ZNF517
706,ENSG00000177853,ZNF518A
707,ENSG00000178163,ZNF518B
708,ENSG00000175322,ZNF519
709,ENSG00000198795,ZNF521
710,ENSG00000203326,ZNF525
711,ENSG00000167625,ZNF526
712,ENSG00000189164,ZNF527
713,ENSG00000167555,ZNF528
714,ENSG00000186020,ZNF529
715,ENSG00000183647,ZNF530
716,ENSG00000074657,ZNF532
717,ENSG00000198633,ZNF534
718,ENSG00000198597,ZNF536
719,ENSG00000171817,ZNF540
721,ENSG00000178229,ZNF543
722,ENSG00000198131,ZNF544
723,ENSG00000187187,ZNF546
724,ENSG00000152433,ZNF547
725,ENSG00000188785,ZNF548
726,ENSG00000121406,ZNF549
727,ENSG00000251369,ZNF550
728,ENSG00000204519,ZNF551
729,ENSG00000178935,ZNF552
730,ENSG00000172006,ZNF554
731,ENSG00000186300,ZNF555
732,ENSG00000172000,ZNF556
733,ENSG00000130544,ZNF557
734,ENSG00000167785,ZNF558
735,ENSG00000188321,ZNF559
736,ENSG00000198028,ZNF560
737,ENSG00000171469,ZNF561
738,ENSG00000171466,ZNF562
739,ENSG00000188868,ZNF563
740,ENSG00000249709,ZNF564
741,ENSG00000196357,ZNF565
742,ENSG00000186017,ZNF566
743,ENSG00000189042,ZNF567
744,ENSG00000198453,ZNF568
745,ENSG00000196437,ZNF569
746,ENSG00000171970,ZNF57
747,ENSG00000171827,ZNF570
748,ENSG00000180479,ZNF571
749,ENSG00000180938,ZNF572
750,ENSG00000189144,ZNF573
751,ENSG00000105732,ZNF574
752,ENSG00000176472,ZNF575
753,ENSG00000124444,ZNF576
754,ENSG00000161551,ZNF577
755,ENSG00000258405,ZNF578
756,ENSG00000218891,ZNF579
757,ENSG00000213015,ZNF580
758,ENSG00000171425,ZNF581
759,ENSG00000018869,ZNF582
760,ENSG00000198440,ZNF583
761,ENSG00000171574,ZNF584
762,ENSG00000196967,ZNF585A
763,ENSG00000245680,ZNF585B
764,ENSG00000083828,ZNF586
765,ENSG00000198466,ZNF587
766,ENSG00000269343,ZNF587B
767,ENSG00000164048,ZNF589
768,ENSG00000166716,ZNF592
770,ENSG00000180626,ZNF594
771,ENSG00000272602,ZNF595
772,ENSG00000172748,ZNF596
773,ENSG00000167981,ZNF597
774,ENSG00000167962,ZNF598
775,ENSG00000153896,ZNF599
776,ENSG00000189190,ZNF600
777,ENSG00000196458,ZNF605
778,ENSG00000166704,ZNF606
779,ENSG00000198182,ZNF607
780,ENSG00000168916,ZNF608
781,ENSG00000180357,ZNF609
782,ENSG00000167554,ZNF610
783,ENSG00000213020,ZNF611
784,ENSG00000176024,ZNF613
785,ENSG00000142556,ZNF614
786,ENSG00000197619,ZNF615
787,ENSG00000204611,ZNF616
788,ENSG00000157657,ZNF618
789,ENSG00000177873,ZNF619
790,ENSG00000177842,ZNF620
791,ENSG00000172888,ZNF621
793,ENSG00000183309,ZNF623
794,ENSG00000197566,ZNF624
795,ENSG00000257591,ZNF625
796,ENSG00000188171,ZNF626
797,ENSG00000198551,ZNF627
798,ENSG00000197483,ZNF628
799,ENSG00000102870,ZNF629
800,ENSG00000221994,ZNF630
801,ENSG00000121864,ZNF639
802,ENSG00000167528,ZNF641
803,ENSG00000122482,ZNF644
804,ENSG00000175809,ZNF645
805,ENSG00000167395,ZNF646
806,ENSG00000179930,ZNF648
807,ENSG00000198093,ZNF649
808,ENSG00000198740,ZNF652
809,ENSG00000175105,ZNF654
810,ENSG00000197343,ZNF655
811,ENSG00000274349,ZNF658
812,ENSG00000160229,ZNF66
813,ENSG00000144792,ZNF660
814,ENSG00000182983,ZNF662
815,ENSG00000179195,ZNF664
816,ENSG00000197497,ZNF665
817,ENSG00000198046,ZNF667
818,ENSG00000167394,ZNF668
819,ENSG00000188295,ZNF669
820,ENSG00000277462,ZNF670
821,ENSG00000083814,ZNF671
822,ENSG00000171161,ZNF672
823,ENSG00000251192,ZNF674
824,ENSG00000197372,ZNF675
825,ENSG00000196109,ZNF676
826,ENSG00000197928,ZNF677
827,ENSG00000181450,ZNF678
828,ENSG00000197123,ZNF679
829,ENSG00000173041,ZNF680
830,ENSG00000196172,ZNF681
831,ENSG00000197124,ZNF682
832,ENSG00000176083,ZNF683
833,ENSG00000117010,ZNF684
834,ENSG00000143373,ZNF687
835,ENSG00000229809,ZNF688
836,ENSG00000156853,ZNF689
837,ENSG00000198429,ZNF69
838,ENSG00000164011,ZNF691
839,ENSG00000171163,ZNF692
840,ENSG00000197472,ZNF695
841,ENSG00000185730,ZNF696
842,ENSG00000143067,ZNF697
843,ENSG00000196110,ZNF699
844,ENSG00000147789,ZNF7
845,ENSG00000187792,ZNF70
846,ENSG00000196757,ZNF700
847,ENSG00000167562,ZNF701
848,ENSG00000183779,ZNF703
849,ENSG00000164684,ZNF704
850,ENSG00000196946,ZNF705A
851,ENSG00000215356,ZNF705B
852,ENSG00000215343,ZNF705D
853,ENSG00000214534,ZNF705E
854,ENSG00000215372,ZNF705G
855,ENSG00000120963,ZNF706
856,ENSG00000181135,ZNF707
857,ENSG00000182141,ZNF708
858,ENSG00000242852,ZNF709
859,ENSG00000197951,ZNF71
860,ENSG00000140548,ZNF710
861,ENSG00000147180,ZNF711
862,ENSG00000178665,ZNF713
863,ENSG00000160352,ZNF714
864,ENSG00000182111,ZNF716
865,ENSG00000227124,ZNF717
866,ENSG00000250312,ZNF718
867,ENSG00000182903,ZNF721
868,ENSG00000196081,ZNF724
869,ENSG00000213967,ZNF726
870,ENSG00000214652,ZNF727
871,ENSG00000269067,ZNF728
872,ENSG00000196350,ZNF729
874,ENSG00000183850,ZNF730
875,ENSG00000186777,ZNF732
876,ENSG00000223614,ZNF735
877,ENSG00000234444,ZNF736
878,ENSG00000237440,ZNF737
879,ENSG00000185252,ZNF74
880,ENSG00000139651,ZNF740
881,ENSG00000181220,ZNF746
882,ENSG00000169955,ZNF747
883,ENSG00000186230,ZNF749
884,ENSG00000141579,ZNF750
885,ENSG00000162086,ZNF75A
886,ENSG00000186376,ZNF75D
887,ENSG00000065029,ZNF76
888,ENSG00000160336,ZNF761
889,ENSG00000197054,ZNF763
890,ENSG00000169951,ZNF764
891,ENSG00000196417,ZNF765
892,ENSG00000196214,ZNF766
893,ENSG00000169957,ZNF768
894,ENSG00000175691,ZNF77
895,ENSG00000198146,ZNF770
896,ENSG00000179965,ZNF771
897,ENSG00000197128,ZNF772
898,ENSG00000152439,ZNF773
899,ENSG00000196391,ZNF774
900,ENSG00000196456,ZNF775
901,ENSG00000152443,ZNF776
902,ENSG00000196453,ZNF777
903,ENSG00000170100,ZNF778
904,ENSG00000197782,ZNF780A
905,ENSG00000128000,ZNF780B
906,ENSG00000196381,ZNF781
907,ENSG00000196597,ZNF782
908,ENSG00000204946,ZNF783
909,ENSG00000179922,ZNF784
910,ENSG00000197162,ZNF785
911,ENSG00000197362,ZNF786
912,ENSG00000142409,ZNF787
913,ENSG00000214189,ZNF788
914,ENSG00000198556,ZNF789
915,ENSG00000196152,ZNF79
916,ENSG00000197863,ZNF790
917,ENSG00000173875,ZNF791
918,ENSG00000180884,ZNF792
919,ENSG00000188227,ZNF793
920,ENSG00000196466,ZNF799
921,ENSG00000278129,ZNF8
922,ENSG00000174255,ZNF80
923,ENSG00000048405,ZNF800
924,ENSG00000170396,ZNF804A
925,ENSG00000182348,ZNF804B
926,ENSG00000204524,ZNF805
927,ENSG00000198482,ZNF808
928,ENSG00000197779,ZNF81
930,ENSG00000198346,ZNF813
931,ENSG00000204514,ZNF814
932,ENSG00000180257,ZNF816
933,ENSG00000102984,ZNF821
934,ENSG00000197933,ZNF823
935,ENSG00000151612,ZNF827
936,ENSG00000185869,ZNF829
937,ENSG00000167766,ZNF83
938,ENSG00000198783,ZNF830
939,ENSG00000124203,ZNF831
940,ENSG00000127903,ZNF835
941,ENSG00000196267,ZNF836
942,ENSG00000152475,ZNF837
944,ENSG00000198040,ZNF84
945,ENSG00000197608,ZNF841
946,ENSG00000176723,ZNF843
947,ENSG00000223547,ZNF844
948,ENSG00000213799,ZNF845
949,ENSG00000196605,ZNF846
950,ENSG00000105750,ZNF85
951,ENSG00000267041,ZNF850
952,ENSG00000178917,ZNF852
953,ENSG00000236609,ZNF853
954,ENSG00000197385,ZNF860
955,ENSG00000261221,ZNF865
956,ENSG00000257446,ZNF878
957,ENSG00000234284,ZNF879
958,ENSG00000221923,ZNF880
959,ENSG00000228623,ZNF883
960,ENSG00000213793,ZNF888
961,ENSG00000214029,ZNF891
962,ENSG00000213988,ZNF90
963,ENSG00000167232,ZNF91
964,ENSG00000146757,ZNF92
965,ENSG00000184635,ZNF93
966,ENSG00000197360,ZNF98
967,ENSG00000213973,ZNF99
968,ENSG00000152467,ZSCAN1
969,ENSG00000130182,ZSCAN10
970,ENSG00000158691,ZSCAN12
971,ENSG00000196812,ZSCAN16
972,ENSG00000121413,ZSCAN18
973,ENSG00000176371,ZSCAN2
974,ENSG00000121903,ZSCAN20
975,ENSG00000166529,ZSCAN21
976,ENSG00000182318,ZSCAN22
977,ENSG00000187987,ZSCAN23
978,ENSG00000197037,ZSCAN25
979,ENSG00000197062,ZSCAN26
980,ENSG00000140265,ZSCAN29
981,ENSG00000186814,ZSCAN30
982,ENSG00000235109,ZSCAN31
983,ENSG00000140987,ZSCAN32
984,ENSG00000180532,ZSCAN4
985,ENSG00000131848,ZSCAN5A
986,ENSG00000197213,ZSCAN5B
987,ENSG00000204532,ZSCAN5C
989,ENSG00000137185,ZSCAN9
990,ENSG00000153975,ZUFSP
991,ENSG00000198205,ZXDA
992,ENSG00000198455,ZXDB
993,ENSG00000070476,ZXDC
994,ENSG00000100105,PATZ1
995,ENSG00000112365,ZBTB24
996,ENSG00000171443,ZNF524
997,ENSG00000161914,ZNF653
998,ENSG00000198839,ZNF277
999,ENSG00000243943,ZNF512
1000,ENSG00000148516,ZEB1
1001,ENSG00000169554,ZEB2
1002,ENSG00000140836,ZFHX3
1003,ENSG00000091656,ZFHX4
1004,ENSG00000124496,TRERF1
1005,ENSG00000118156,ZNF541
1006,ENSG00000001167,NFYA
1013,ENSG00000139793,MBNL2
1041,ENSG00000144161,ZC3H8
1046,ENSG00000197114,ZGPAT
1050,ENSG00000125817,CENPB
1051,ENSG00000177946,CENPBD1
1052,ENSG00000234616,JRK
1053,ENSG00000183340,JRKL
1054,ENSG00000221944,TIGD1
1055,ENSG00000180346,TIGD2
1056,ENSG00000173825,TIGD3
1057,ENSG00000169989,TIGD4
1058,ENSG00000179886,TIGD5
1059,ENSG00000164296,TIGD6
1060,ENSG00000140993,TIGD7
1061,ENSG00000171735,CAMTA1
1062,ENSG00000108509,CAMTA2
1066,ENSG00000131914,LIN28A
1067,ENSG00000187772,LIN28B
1068,ENSG00000065978,YBX1
1069,ENSG00000006047,YBX2
1070,ENSG00000060138,YBX3
1071,ENSG00000168214,RBPJ
1072,ENSG00000124232,RBPJL
1073,ENSG00000257923,CUX1
1074,ENSG00000111249,CUX2
1075,ENSG00000169856,ONECUT1
1076,ENSG00000119547,ONECUT2
1077,ENSG00000205922,ONECUT3
1078,ENSG00000182568,SATB1
1079,ENSG00000119042,SATB2
1080,ENSG00000154832,CXXC1
1081,ENSG00000168772,CXXC4
1082,ENSG00000171604,CXXC5
1083,ENSG00000130816,DNMT1
1084,ENSG00000099364,FBXL19
1085,ENSG00000173120,KDM2A
1086,ENSG00000089094,KDM2B
1087,ENSG00000138336,TET1
1088,ENSG00000187605,TET3
1089,ENSG00000118058,KMT2A
1090,ENSG00000272333,KMT2B
1091,ENSG00000137090,DMRT1
1092,ENSG00000173253,DMRT2
1093,ENSG00000064218,DMRT3
1094,ENSG00000176399,DMRTA1
1095,ENSG00000142700,DMRTA2
1096,ENSG00000143006,DMRTB1
1097,ENSG00000142025,DMRTC2
1098,ENSG00000101412,E2F1
1099,ENSG00000007968,E2F2
1100,ENSG00000112242,E2F3
1101,ENSG00000205250,E2F4
1102,ENSG00000133740,E2F5
1103,ENSG00000169016,E2F6
1104,ENSG00000165891,E2F7
1105,ENSG00000129173,E2F8
1106,ENSG00000198176,TFDP1
1107,ENSG00000114126,TFDP2
1108,ENSG00000183434,TFDP3
1109,ENSG00000164330,EBF1
1110,ENSG00000221818,EBF2
1111,ENSG00000108001,EBF3
1112,ENSG00000088881,EBF4
1113,ENSG00000135373,EHF
1114,ENSG00000120690,ELF1
1115,ENSG00000109381,ELF2
1116,ENSG00000102034,ELF4
1117,ENSG00000135374,ELF5
1118,ENSG00000126767,ELK1
1119,ENSG00000111145,ELK3
1120,ENSG00000158711,ELK4
1121,ENSG00000105722,ERF
1122,ENSG00000157554,ERG
1123,ENSG00000134954,ETS1
1124,ENSG00000157557,ETS2
1125,ENSG00000006468,ETV1
1126,ENSG00000105672,ETV2
1127,ENSG00000117036,ETV3
1128,ENSG00000253831,ETV3L
1129,ENSG00000175832,ETV4
1130,ENSG00000244405,ETV5
1131,ENSG00000139083,ETV6
1132,ENSG00000010030,ETV7
1133,ENSG00000163497,FEV
1134,ENSG00000151702,FLI1
1135,ENSG00000154727,GABPA
1136,ENSG00000124664,SPDEF
1137,ENSG00000066336,SPI1
1138,ENSG00000269404,SPIB
1139,ENSG00000166211,SPIC
1140,ENSG00000163435,ELF3
1141,ENSG00000059122,FLYWCH1
1142,ENSG00000129514,FOXA1
1143,ENSG00000125798,FOXA2
1144,ENSG00000170608,FOXA3
1145,ENSG00000171956,FOXB1
1146,ENSG00000204612,FOXB2
1147,ENSG00000054598,FOXC1
1148,ENSG00000176692,FOXC2
1149,ENSG00000251493,FOXD1
1150,ENSG00000186564,FOXD2
1151,ENSG00000187140,FOXD3
1152,ENSG00000170122,FOXD4
1153,ENSG00000184492,FOXD4L1
1155,ENSG00000187559,FOXD4L3
1156,ENSG00000184659,FOXD4L4
1157,ENSG00000204779,FOXD4L5
1158,ENSG00000273514,FOXD4L6
1159,ENSG00000178919,FOXE1
1160,ENSG00000186790,FOXE3
1161,ENSG00000103241,FOXF1
1162,ENSG00000137273,FOXF2
1163,ENSG00000176165,FOXG1
1164,ENSG00000160973,FOXH1
1165,ENSG00000168269,FOXI1
1166,ENSG00000186766,FOXI2
1167,ENSG00000214336,FOXI3
1168,ENSG00000129654,FOXJ1
1169,ENSG00000065970,FOXJ2
1170,ENSG00000198815,FOXJ3
1171,ENSG00000164916,FOXK1
1172,ENSG00000141568,FOXK2
1173,ENSG00000176678,FOXL1
1174,ENSG00000183770,FOXL2
1175,ENSG00000111206,FOXM1
1176,ENSG00000109101,FOXN1
1177,ENSG00000170802,FOXN2
1178,ENSG00000053254,FOXN3
1179,ENSG00000139445,FOXN4
1180,ENSG00000150907,FOXO1
1181,ENSG00000118689,FOXO3
1182,ENSG00000184481,FOXO4
1183,ENSG00000204060,FOXO6
1184,ENSG00000114861,FOXP1
1185,ENSG00000128573,FOXP2
1186,ENSG00000049768,FOXP3
1187,ENSG00000137166,FOXP4
1188,ENSG00000164379,FOXQ1
1189,ENSG00000176302,FOXR1
1190,ENSG00000189299,FOXR2
1191,ENSG00000179772,FOXS1
1193,ENSG00000102145,GATA1
1194,ENSG00000179348,GATA2
1195,ENSG00000107485,GATA3
1196,ENSG00000136574,GATA4
1197,ENSG00000130700,GATA5
1198,ENSG00000141448,GATA6
1200,ENSG00000167491,GATAD2A
1201,ENSG00000143614,GATAD2B
1202,ENSG00000104447,TRPS1
1203,ENSG00000220201,ZGLP1
1204,ENSG00000137270,GCM1
1205,ENSG00000124827,GCM2
1206,ENSG00000134317,GRHL1
1207,ENSG00000083307,GRHL2
1208,ENSG00000158055,GRHL3
1209,ENSG00000135457,TFCP2
1210,ENSG00000115112,TFCP2L1
1211,ENSG00000153560,UBP1
1212,ENSG00000263001,GTF2I
1213,ENSG00000006704,GTF2IRD1
1214,ENSG00000196275,GTF2IRD2
1215,ENSG00000174428,GTF2IRD2B
1217,ENSG00000114439,BBX
1221,ENSG00000079432,CIC
1222,ENSG00000105856,HBP1
1223,ENSG00000140382,HMG20A
1224,ENSG00000064961,HMG20B
1230,ENSG00000118418,HMGN3
1235,ENSG00000138795,LEF1
1241,ENSG00000182968,SOX1
1242,ENSG00000100146,SOX10
1243,ENSG00000176887,SOX11
1244,ENSG00000177732,SOX12
1245,ENSG00000143842,SOX13
1246,ENSG00000168875,SOX14
1247,ENSG00000129194,SOX15
1248,ENSG00000164736,SOX17
1249,ENSG00000203883,SOX18
1250,ENSG00000181449,SOX2
1251,ENSG00000125285,SOX21
1252,ENSG00000134595,SOX3
1253,ENSG00000039600,SOX30
1254,ENSG00000124766,SOX4
1255,ENSG00000134532,SOX5
1256,ENSG00000110693,SOX6
1257,ENSG00000171056,SOX7
1258,ENSG00000005513,SOX8
1259,ENSG00000125398,SOX9
1260,ENSG00000184895,SRY
1262,ENSG00000081059,TCF7
1263,ENSG00000152284,TCF7L1
1264,ENSG00000148737,TCF7L2
1274,ENSG00000101126,ADNP
1275,ENSG00000101544,ADNP2
1276,ENSG00000180318,ALX1
1277,ENSG00000156150,ALX3
1278,ENSG00000052850,ALX4
1279,ENSG00000227059,ANHX
1280,ENSG00000186103,ARGFX
1281,ENSG00000004848,ARX
1282,ENSG00000125492,BARHL1
1283,ENSG00000143032,BARHL2
1284,ENSG00000131668,BARX1
1285,ENSG00000043039,BARX2
1286,ENSG00000188909,BSX
1287,ENSG00000113722,CDX1
1288,ENSG00000165556,CDX2
1289,ENSG00000131264,CDX4
1295,ENSG00000105392,CRX
1296,ENSG00000109851,DBX1
1297,ENSG00000185610,DBX2
1298,ENSG00000144355,DLX1
1299,ENSG00000115844,DLX2
1300,ENSG00000064195,DLX3
1301,ENSG00000108813,DLX4
1302,ENSG00000105880,DLX5
1303,ENSG00000006377,DLX6
1304,ENSG00000197587,DMBX1
1305,ENSG00000204595,DPRX
1306,ENSG00000165606,DRGX
1307,DUX1_HUMAN,DUX1
1308,DUX3_HUMAN,DUX3
1309,ENSG00000260596,DUX4
1310,ENSG00000258873,DUXA
1311,ENSG00000135638,EMX1
1312,ENSG00000170370,EMX2
1313,ENSG00000163064,EN1
1314,ENSG00000164778,EN2
1315,ENSG00000123576,ESX1
1316,ENSG00000106038,EVX1
1317,ENSG00000174279,EVX2
1318,ENSG00000164900,GBX1
1319,ENSG00000168505,GBX2
1320,ENSG00000133937,GSC
1321,ENSG00000063515,GSC2
1322,ENSG00000169840,GSX1
1323,ENSG00000180613,GSX2
1324,ENSG00000165259,HDX
1325,ENSG00000163666,HESX1
1326,ENSG00000152804,HHEX
1327,ENSG00000136630,HLX
1328,ENSG00000147421,HMBOX1
1329,ENSG00000215612,HMX1
1330,ENSG00000188816,HMX2
1331,ENSG00000188620,HMX3
1332,ENSG00000135100,HNF1A
1333,ENSG00000275410,HNF1B
1334,ENSG00000215271,HOMEZ
1336,ENSG00000105991,HOXA1
1337,ENSG00000253293,HOXA10
1338,ENSG00000005073,HOXA11
1339,ENSG00000106031,HOXA13
1340,ENSG00000105996,HOXA2
1341,ENSG00000105997,HOXA3
1342,ENSG00000197576,HOXA4
1343,ENSG00000106004,HOXA5
1344,ENSG00000106006,HOXA6
1345,ENSG00000122592,HOXA7
1346,ENSG00000078399,HOXA9
1347,ENSG00000120094,HOXB1
1348,ENSG00000159184,HOXB13
1349,ENSG00000173917,HOXB2
1350,ENSG00000120093,HOXB3
1351,ENSG00000182742,HOXB4
1352,ENSG00000120075,HOXB5
1353,ENSG00000108511,HOXB6
1354,ENSG00000260027,HOXB7
1355,ENSG00000120068,HOXB8
1356,ENSG00000170689,HOXB9
1357,ENSG00000180818,HOXC10
1358,ENSG00000123388,HOXC11
1359,ENSG00000123407,HOXC12
1360,ENSG00000123364,HOXC13
1361,ENSG00000198353,HOXC4
1362,ENSG00000172789,HOXC5
1363,ENSG00000197757,HOXC6
1364,ENSG00000037965,HOXC8
1365,ENSG00000180806,HOXC9
1366,ENSG00000128645,HOXD1
1367,ENSG00000128710,HOXD10
1368,ENSG00000128713,HOXD11
1369,ENSG00000170178,HOXD12
1370,ENSG00000128714,HOXD13
1371,ENSG00000128652,HOXD3
1372,ENSG00000170166,HOXD4
1373,ENSG00000175879,HOXD8
1374,ENSG00000128709,HOXD9
1375,ENSG00000170549,IRX1
1376,ENSG00000170561,IRX2
1377,ENSG00000177508,IRX3
1378,ENSG00000113430,IRX4
1379,ENSG00000176842,IRX5
1380,ENSG00000159387,IRX6
1381,ENSG00000016082,ISL1
1382,ENSG00000159556,ISL2
1383,ENSG00000175329,ISX
1384,ENSG00000138136,LBX1
1385,ENSG00000179528,LBX2
1386,ENSG00000213921,LEUTX
1387,ENSG00000273706,LHX1
1388,ENSG00000106689,LHX2
1389,ENSG00000107187,LHX3
1390,ENSG00000121454,LHX4
1391,ENSG00000089116,LHX5
1392,ENSG00000106852,LHX6
1393,ENSG00000162624,LHX8
1394,ENSG00000143355,LHX9
1395,ENSG00000162761,LMX1A
1396,ENSG00000136944,LMX1B
1397,ENSG00000143995,MEIS1
1398,ENSG00000134138,MEIS2
1399,ENSG00000105419,MEIS3
1400,ENSG00000005102,MEOX1
1401,ENSG00000106511,MEOX2
1402,ENSG00000185155,MIXL1
1403,ENSG00000150051,MKX
1404,ENSG00000130675,MNX1
1405,ENSG00000163132,MSX1
1406,ENSG00000120149,MSX2
1407,ENSG00000111704,NANOG
1408,ENSG00000205857,NANOGNB
1409,ENSG00000255192,NANOGP8
1410,ENSG00000235608,NKX1-1
1411,ENSG00000229544,NKX1-2
1412,ENSG00000136352,NKX2-1
1413,ENSG00000125820,NKX2-2
1414,ENSG00000119919,NKX2-3
1415,ENSG00000125816,NKX2-4
1416,ENSG00000183072,NKX2-5
1417,ENSG00000180053,NKX2-6
1418,ENSG00000136327,NKX2-8
1419,ENSG00000167034,NKX3-1
1420,ENSG00000109705,NKX3-2
1421,ENSG00000163623,NKX6-1
1422,ENSG00000148826,NKX6-2
1423,ENSG00000165066,NKX6-3
1424,ENSG00000106410,NOBOX
1425,ENSG00000214513,NOTO
1426,ENSG00000171540,OTP
1427,ENSG00000115507,OTX1
1428,ENSG00000165588,OTX2
1429,ENSG00000185630,PBX1
1430,ENSG00000204304,PBX2
1431,ENSG00000167081,PBX3
1432,ENSG00000105717,PBX4
1433,ENSG00000139515,PDX1
1434,ENSG00000165462,PHOX2A
1435,ENSG00000109132,PHOX2B
1436,ENSG00000069011,PITX1
1437,ENSG00000164093,PITX2
1438,ENSG00000107859,PITX3
1439,ENSG00000160199,PKNOX1
1440,ENSG00000165495,PKNOX2
1441,ENSG00000175325,PROP1
1442,ENSG00000116132,PRRX1
1443,ENSG00000167157,PRRX2
1444,ENSG00000134438,RAX
1445,ENSG00000173976,RAX2
1446,ENSG00000101883,RHOXF1
1447,ENSG00000131721,RHOXF2
1448,ENSG00000203989,RHOXF2B
1449,ENSG00000274529,SEBOX
1450,ENSG00000185960,SHOX
1451,ENSG00000168779,SHOX2
1452,ENSG00000126778,SIX1
1453,ENSG00000170577,SIX2
1454,ENSG00000138083,SIX3
1455,ENSG00000100625,SIX4
1456,ENSG00000177045,SIX5
1457,ENSG00000184302,SIX6
1458,ENSG00000177426,TGIF1
1459,ENSG00000118707,TGIF2
1460,ENSG00000153779,TGIF2LX
1461,ENSG00000176679,TGIF2LY
1462,ENSG00000107807,TLX1
1463,ENSG00000115297,TLX2
1464,ENSG00000164438,TLX3
1465,ENSG00000178928,TPRX1
1466,ENSG00000164853,UNCX
1467,ENSG00000148704,VAX1
1468,ENSG00000116035,VAX2
1469,ENSG00000151650,VENTX
1470,ENSG00000100987,VSX1
1471,ENSG00000119614,VSX2
1472,ENSG00000136367,ZFHX2
1473,ENSG00000165156,ZHX1
1474,ENSG00000178764,ZHX2
1475,ENSG00000174306,ZHX3
1476,ENSG00000075891,PAX2
1477,ENSG00000135903,PAX3
1478,ENSG00000106331,PAX4
1479,ENSG00000007372,PAX6
1480,ENSG00000009709,PAX7
1481,ENSG00000064835,POU1F1
1482,ENSG00000143190,POU2F1
1483,ENSG00000028277,POU2F2
1484,ENSG00000137709,POU2F3
1485,ENSG00000185668,POU3F1
1486,ENSG00000184486,POU3F2
1487,ENSG00000198914,POU3F3
1488,ENSG00000196767,POU3F4
1489,ENSG00000152192,POU4F1
1490,ENSG00000151615,POU4F2
1491,ENSG00000091010,POU4F3
1492,ENSG00000204531,POU5F1
1493,ENSG00000212993,POU5F1B
1494,ENSG00000248483,POU5F2
1495,ENSG00000184271,POU6F1
1496,ENSG00000106536,POU6F2
1497,ENSG00000185122,HSF1
1498,ENSG00000025156,HSF2
1499,ENSG00000102878,HSF4
1500,ENSG00000176160,HSF5
1501,ENSG00000171116,HSFX1
1502,ENSG00000268738,HSFX2
1503,ENSG00000172468,HSFY1
1504,ENSG00000169953,HSFY2
1505,ENSG00000125347,IRF1
1506,ENSG00000168310,IRF2
1507,ENSG00000126456,IRF3
1508,ENSG00000137265,IRF4
1509,ENSG00000128604,IRF5
1510,ENSG00000117595,IRF6
1511,ENSG00000185507,IRF7
1512,ENSG00000140968,IRF8
1513,ENSG00000213928,IRF9
1515,ENSG00000188981,MSANTD1
1516,ENSG00000066697,MSANTD3
1517,ENSG00000171169,NAIF1
1518,ENSG00000064489,BORCS8-MEF2B
1519,ENSG00000068305,MEF2A
1520,ENSG00000213999,MEF2B
1521,ENSG00000081189,MEF2C
1522,ENSG00000116604,MEF2D
1523,ENSG00000112658,SRF
1524,ENSG00000123636,BAZ2B
1525,ENSG00000134046,MBD2
1526,ENSG00000071655,MBD3
1527,ENSG00000129071,MBD4
1528,ENSG00000166987,MBD6
1529,ENSG00000127445,PIN1
1530,ENSG00000143379,SETDB1
1531,ENSG00000136169,SETDB2
1532,ENSG00000076108,BAZ2A
1533,ENSG00000169057,MECP2
1534,ENSG00000141644,MBD1
1535,ENSG00000127989,MTERF1
1536,ENSG00000120832,MTERF2
1537,ENSG00000156469,MTERF3
1538,ENSG00000122085,MTERF4
1541,ENSG00000096401,CDC5L
1544,ENSG00000135164,DMTF1
1553,ENSG00000170903,MSANTD4
1554,ENSG00000118513,MYB
1555,ENSG00000185697,MYBL1
1556,ENSG00000101057,MYBL2
1557,ENSG00000176182,MYPOP
1558,ENSG00000162601,MYSM1
1569,ENSG00000165684,SNAPC4
1572,ENSG00000249961,TERB1
1573,ENSG00000147601,TERF1
1574,ENSG00000132604,TERF2
1576,ENSG00000125482,TTF1
1577,ENSG00000036549,ZZZ3
1589,ENSG00000124920,MYRF
1590,ENSG00000166268,MYRFL
1591,ENSG00000086102,NFX1
1592,ENSG00000170448,NFXL1
1594,ENSG00000169083,AR
1595,ENSG00000091831,ESR1
1596,ENSG00000140009,ESR2
1597,ENSG00000173153,ESRRA
1598,ENSG00000119715,ESRRB
1599,ENSG00000196482,ESRRG
1600,ENSG00000101076,HNF4A
1601,ENSG00000164749,HNF4G
1602,ENSG00000169297,NR0B1
1603,ENSG00000126368,NR1D1
1604,ENSG00000174738,NR1D2
1605,ENSG00000131408,NR1H2
1606,ENSG00000025434,NR1H3
1607,ENSG00000012504,NR1H4
1608,ENSG00000144852,NR1I2
1609,ENSG00000143257,NR1I3
1610,ENSG00000120798,NR2C1
1611,ENSG00000177463,NR2C2
1612,ENSG00000112333,NR2E1
1613,ENSG00000278570,NR2E3
1614,ENSG00000175745,NR2F1
1615,ENSG00000185551,NR2F2
1616,ENSG00000160113,NR2F6
1617,ENSG00000113580,NR3C1
1618,ENSG00000151623,NR3C2
1619,ENSG00000123358,NR4A1
1620,ENSG00000153234,NR4A2
1621,ENSG00000119508,NR4A3
1622,ENSG00000136931,NR5A1
1623,ENSG00000116833,NR5A2
1624,ENSG00000148200,NR6A1
1625,ENSG00000082175,PGR
1626,ENSG00000186951,PPARA
1627,ENSG00000112033,PPARD
1628,ENSG00000132170,PPARG
1629,ENSG00000131759,RARA
1630,ENSG00000077092,RARB
1631,ENSG00000172819,RARG
1632,ENSG00000069667,RORA
1633,ENSG00000198963,RORB
1634,ENSG00000143365,RORC
1635,ENSG00000186350,RXRA
1636,ENSG00000204231,RXRB
1637,ENSG00000143171,RXRG
1638,ENSG00000126351,THRA
1639,ENSG00000151090,THRB
1640,ENSG00000111424,VDR
1654,ENSG00000106624,AEBP1
1678,ENSG00000160007,ARHGAP35
1712,ENSG00000171634,BPTF
1719,ENSG00000104221,BRF2
1739,ENSG00000138380,CARF
1747,ENSG00000132024,CC2D1A
1762,ENSG00000115816,CEBPZ
1764,ENSG00000115163,CENPA
1765,ENSG00000175279,CENPS
1766,ENSG00000102901,CENPT
1767,ENSG00000169689,CENPX
1769,ENSG00000163320,CGGBP1
1770,ENSG00000106554,CHCHD3
1799,ENSG00000214575,CPEB1
1805,ENSG00000144655,CSRNP1
1806,ENSG00000110925,CSRNP2
1807,ENSG00000178662,CSRNP3
1823,ENSG00000276644,DACH1
1824,ENSG00000126733,DACH2
1857,ENSG00000117505,DR1
1858,ENSG00000175550,DRAP1
1928,ENSG00000198715,GLMP
1932,ENSG00000062194,GPBP1
1933,ENSG00000159592,GPBP1L1
1941,ENSG00000137947,GTF2B
2032,ENSG00000115041,KCNIP3
2065,ENSG00000012223,LTF
2131,ENSG00000143033,MTF2
2141,ENSG00000148411,NACC2
2150,ENSG00000230257,NFE4
2157,ENSG00000120837,NFYB
2158,ENSG00000066136,NFYC
2159,ENSG00000186416,NKRF
2166,ENSG00000243678,NME2
2180,ENSG00000106459,NRF1
2193,ENSG00000170515,PA2G4
2205,ENSG00000277258,PCGF2
2206,ENSG00000156374,PCGF6
2221,ENSG00000112511,PHF1
2222,ENSG00000119403,PHF19 
2242,ENSG00000188313,PLSCR1
2277,ENSG00000110777,POU2AF1
2291,ENSG00000138073,PREB
2319,ENSG00000185129,PURA
2320,ENSG00000146676,PURB
2321,ENSG00000172733,PURG
2329,ENSG00000166349,RAG1
2336,ENSG00000125826,RBCK1
2351,ENSG00000148300,REXO4
2394,ENSG00000160633,SAFB
2395,ENSG00000130254,SAFB2
2400,ENSG00000010803,SCMH1
2426,ENSG00000157933,SKI
2428,ENSG00000136603,SKIL
2429,ENSG00000188779,SKOR1
2447,ENSG00000185420,SMYD3
2448,ENSG00000104976,SNAPC2
2449,ENSG00000174446,SNAPC5
2454,ENSG00000159140,SON
2456,ENSG00000065526,SPEN
2458,ENSG00000164299,SPZ1
2518,ENSG00000100207,TCF20
2523,ENSG00000168769,TET2
2528,ENSG00000151500,THYN1
2543,ENSG00000144747,TMF1
2555,ENSG00000197579,TOPORS
2597,ENSG00000102804,TSC22D1
2644,ENSG00000136936,XPA
2663,ENSG00000141510,TP53
2664,ENSG00000073282,TP63
2665,ENSG00000078900,TP73
2666,ENSG00000125813,PAX1
2667,ENSG00000196092,PAX5
2668,ENSG00000125618,PAX8
2669,ENSG00000198807,PAX9
2670,ENSG00000196233,LCOR
2671,ENSG00000178177,LCORL
2672,ENSG00000117707,PROX1
2673,ENSG00000119608,PROX2
2674,ENSG00000102908,NFAT5
2675,ENSG00000131196,NFATC1
2676,ENSG00000101096,NFATC2
2677,ENSG00000072736,NFATC3
2678,ENSG00000100968,NFATC4
2679,ENSG00000109320,NFKB1
2680,ENSG00000077150,NFKB2
2681,ENSG00000162924,REL
2682,ENSG00000173039,RELA
2683,ENSG00000104856,RELB
2684,ENSG00000132005,RFX1
2685,ENSG00000087903,RFX2
2686,ENSG00000080298,RFX3
2687,ENSG00000111783,RFX4
2688,ENSG00000143390,RFX5
2689,ENSG00000185002,RFX6
2690,ENSG00000181827,RFX7
2691,ENSG00000196460,RFX8
2692,ENSG00000159216,RUNX1
2693,ENSG00000124813,RUNX2
2694,ENSG00000020633,RUNX3
2695,ENSG00000160224,AIRE
2696,ENSG00000177030,DEAF1
2698,ENSG00000162419,GMEB1
2699,ENSG00000101216,GMEB2
2700,ENSG00000215474,SKOR2
2701,ENSG00000067066,SP100
2702,ENSG00000135899,SP110
2703,ENSG00000079263,SP140
2704,ENSG00000185404,SP140L
2707,ENSG00000162599,NFIA
2708,ENSG00000147862,NFIB
2709,ENSG00000141905,NFIC
2710,ENSG00000008441,NFIX
2711,ENSG00000170365,SMAD1
2713,ENSG00000166949,SMAD3
2714,ENSG00000141646,SMAD4
2715,ENSG00000113658,SMAD5
2718,ENSG00000120693,SMAD9
2719,ENSG00000115415,STAT1
2720,ENSG00000170581,STAT2
2721,ENSG00000168610,STAT3
2722,ENSG00000138378,STAT4
2723,ENSG00000126561,STAT5A
2724,ENSG00000173757,STAT5B
2725,ENSG00000166888,STAT6
2726,ENSG00000163508,EOMES
2727,ENSG00000174197,MGA
2728,ENSG00000164458,T
2729,ENSG00000136535,TBR1
2730,ENSG00000184058,TBX1
2731,ENSG00000167800,TBX10
2732,ENSG00000092607,TBX15
2733,ENSG00000112837,TBX18
2734,ENSG00000143178,TBX19
2735,ENSG00000121068,TBX2
2736,ENSG00000164532,TBX20
2737,ENSG00000073861,TBX21
2738,ENSG00000122145,TBX22
2739,ENSG00000135111,TBX3
2740,ENSG00000121075,TBX4
2741,ENSG00000089225,TBX5
2742,ENSG00000149922,TBX6
2743,ENSG00000112592,TBP
2744,ENSG00000028839,TBPL1
2745,ENSG00000182521,TBPL2
2746,ENSG00000189308,LIN54
2749,ENSG00000187079,TEAD1
2750,ENSG00000074219,TEAD2
2751,ENSG00000007866,TEAD3
2752,ENSG00000197905,TEAD4
2753,ENSG00000131931,THAP1
2754,ENSG00000129028,THAP10
2755,ENSG00000168286,THAP11
2756,ENSG00000137492,THAP12
2757,ENSG00000173451,THAP2
2758,ENSG00000041988,THAP3
2759,ENSG00000176946,THAP4
2760,ENSG00000177683,THAP5
2761,ENSG00000174796,THAP6
2762,ENSG00000184436,THAP7
2763,ENSG00000161277,THAP8
2764,ENSG00000168152,THAP9
