,0
0,TFAP2A
1,TFAP2B
2,TFAP2C
3,TFAP2D
4,TFAP2E
5,ARID3A
6,ARID3B
7,ARID3C
8,ARID5A
9,ARID5B
10,KDM5B
11,ARID2
12,AHCTF1
13,AHDC1
14,AKNA
15,ASH1L
16,CBX2
17,DNTTIP1
18,DOT1L
19,GLYR1
20,HMGA1
21,HMGA2
22,PHF20
23,PHF21A
24,PRR12
25,SCML4
26,SETBP1
27,SRCAP
28,C11orf95
29,FAM200B
30,SGSM2
31,ZBED1
32,ZBED2
33,ZBED3
34,ZBED4
35,ZBED5
36,ZBED6
37,ZBED9
38,AHR
39,AHRR
40,ARNT
41,ARNT2
42,ARNTL
43,ARNTL2
44,ASCL1
45,ASCL2
46,ASCL3
47,ASCL4
48,ASCL5
49,ATOH1
50,ATOH7
51,ATOH8
52,BHLHA15
53,BHLHA9
54,BHLHE22
55,BHLHE23
56,BHLHE40
57,BHLHE41
58,CCDC169-SOHLH2
59,CLOCK
60,EPAS1
61,FERD3L
62,FIGLA
63,HAND1
64,HAND2
65,HELT
66,HES1
67,HES2
68,HES3
69,HES4
70,HES5
71,HES6
72,HES7
73,HEY1
74,HEY2
75,HEYL
76,HIF1A
77,HIF3A
78,LYL1
79,MAX
80,MESP1
81,MESP2
82,MITF
83,MLX
84,MLXIP
85,MLXIPL
86,MNT
87,MSC
88,MSGN1
89,MXD1
90,MXD3
91,MXD4
92,MXI1
93,MYC
94,MYCL
95,MYCN
96,MYF5
97,MYF6
98,MYOD1
99,MYOG
100,NCOA1
101,NCOA2
102,NCOA3
103,NEUROD1
104,NEUROD2
105,NEUROD4
106,NEUROD6
107,NEUROG1
108,NEUROG2
109,NEUROG3
110,NHLH1
111,NHLH2
112,NPAS1
113,NPAS2
114,NPAS3
115,NPAS4
116,OLIG1
117,OLIG2
118,OLIG3
119,PTF1A
120,SCX
121,SIM1
122,SIM2
123,SOHLH1
124,SOHLH2
125,SREBF1
126,SREBF2
127,TAL1
128,TAL2
129,TCF12
130,TCF15
131,TCF21
132,TCF23
133,TCF24
134,TCF3
135,TCF4
136,TCFL5
137,TFAP4
138,TFE3
139,TFEB
140,TFEC
141,TWIST1
142,TWIST2
143,USF1
144,USF2
145,USF3
146,POGK
147,AC023509.3
148,ATF1
149,ATF2
150,ATF3
151,ATF4
152,ATF5
153,ATF6
154,ATF6B
155,ATF7
156,BACH1
157,BACH2
158,BATF
159,BATF2
160,BATF3
161,CEBPA
162,CEBPB
163,CEBPD
164,CEBPE
165,CEBPG
166,CREB1
167,CREB3
168,CREB3L1
169,CREB3L2
170,CREB3L3
171,CREB3L4
172,CREB5
173,CREBL2
174,CREBZF
175,CREM
176,DBP
177,DDIT3
178,FOS
179,FOSB
180,FOSL1
181,FOSL2
182,HLF
183,JDP2
184,JUN
185,JUNB
186,JUND
187,MAF
188,MAFA
189,MAFB
190,MAFF
191,MAFG
192,MAFK
193,NFE2
194,NFE2L1
195,NFE2L2
196,NFE2L3
197,NFIL3
198,NRL
199,TEF
200,XBP1
201,AC008770.3
202,AC092835.1
203,AC138696.1
204,AEBP2
205,AKAP8
206,AKAP8L
207,ANKZF1
208,ATMIN
209,BCL11A
210,BCL11B
211,BCL6
212,BCL6B
213,BNC1
214,BNC2
215,CASZ1
216,CCDC17
217,CHAMP1
218,CPXCR1
219,CTCF
220,CTCFL
221,DPF1
222,DPF3
223,DZIP1
224,E4F1
225,EEA1
226,EGR1
227,EGR2
228,EGR3
229,EGR4
230,FAM170A
231,FEZF1
232,FEZF2
233,FIZ1
234,GFI1
235,GFI1B
236,GLI1
237,GLI2
238,GLI3
239,GLI4
240,GLIS1
241,GLIS2
242,GLIS3
243,GTF3A
244,GZF1
245,HIC1
246,HIC2
247,HINFP
248,HIVEP1
249,HIVEP2
250,HIVEP3
251,HKR1
252,IKZF1
253,IKZF2
254,IKZF3
255,IKZF4
256,IKZF5
257,INSM1
258,INSM2
259,JAZF1
260,KAT7
261,KCMF1
262,KIN
263,KLF1
264,KLF10
265,KLF11
266,KLF12
267,KLF13
268,KLF14
269,KLF15
270,KLF16
271,KLF17
272,KLF2
273,KLF3
274,KLF4
275,KLF5
276,KLF6
277,KLF7
278,KLF8
279,KLF9
280,L3MBTL1
281,L3MBTL3
282,L3MBTL4
283,MAZ
284,MECOM
285,MTF1
286,MYNN
287,MYT1
288,MYT1L
289,MZF1
290,OSR1
291,OSR2
292,OVOL1
293,OVOL2
294,OVOL3
295,PEG3
296,PLAG1
297,PLAGL1
298,PLAGL2
299,PRDM1
300,PRDM10
301,PRDM12
302,PRDM13
303,PRDM14
304,PRDM15
305,PRDM16
306,PRDM2
307,PRDM4
308,PRDM5
309,PRDM6
310,PRDM8
311,PRDM9
312,PRMT3
313,RBAK
314,RBSN
315,REPIN1
316,REST
317,RLF
318,RREB1
319,SALL1
320,SALL2
321,SALL3
322,SALL4
323,SCRT1
324,SCRT2
325,SLC2A4RG
326,SNAI1
327,SNAI2
328,SNAI3
329,SP1
330,SP2
331,SP3
332,SP4
333,SP5
334,SP6
335,SP7
336,SP8
337,SP9
338,ST18
339,TRAFD1
340,TSHZ1
341,TSHZ2
342,TSHZ3
343,VEZF1
344,WIZ
345,WT1
346,YY1
347,YY2
348,ZBTB1
349,ZBTB10
350,ZBTB11
351,ZBTB12
352,ZBTB14
353,ZBTB16
354,ZBTB17
355,ZBTB18
356,ZBTB2
357,ZBTB20
358,ZBTB21
359,ZBTB22
360,ZBTB25
361,ZBTB26
362,ZBTB3
363,ZBTB32
364,ZBTB33
365,ZBTB34
366,ZBTB37
367,ZBTB38
368,ZBTB39
369,ZBTB4
370,ZBTB40
371,ZBTB41
372,ZBTB42
373,ZBTB43
374,ZBTB44
375,ZBTB45
376,ZBTB46
377,ZBTB47
378,ZBTB48
379,ZBTB49
380,ZBTB5
381,ZBTB6
382,ZBTB7A
383,ZBTB7B
384,ZBTB7C
385,ZBTB8A
386,ZBTB8B
387,ZBTB9
388,ZFAT
389,ZFP1
390,ZFP14
391,ZFP2
392,ZFP28
393,ZFP3
394,ZFP30
395,ZFP37
396,ZFP41
397,ZFP42
398,ZFP57
399,ZFP62
400,ZFP64
401,ZFP69
402,ZFP69B
403,ZFP82
404,ZFP90
405,ZFP91
406,ZFP92
407,ZFPM1
408,ZFPM2
409,ZFX
410,ZFY
411,ZIC1
412,ZIC2
413,ZIC3
414,ZIC4
415,ZIC5
416,ZIK1
417,ZIM2
418,ZIM3
419,ZKSCAN1
420,ZKSCAN2
421,ZKSCAN3
422,ZKSCAN4
423,ZKSCAN5
424,ZKSCAN7
425,ZKSCAN8
426,ZMAT1
427,ZMAT4
428,ZNF10
429,ZNF100
430,ZNF101
431,ZNF107
432,ZNF112
433,ZNF114
434,ZNF117
435,ZNF12
436,ZNF121
437,ZNF124
438,ZNF131
439,ZNF132
440,ZNF133
441,ZNF134
442,ZNF135
443,ZNF136
444,ZNF138
445,ZNF14
446,ZNF140
447,ZNF141
448,ZNF142
449,ZNF143
450,ZNF146
451,ZNF148
452,ZNF154
453,ZNF155
454,ZNF157
455,ZNF16
456,ZNF160
457,ZNF165
458,ZNF169
459,ZNF17
460,ZNF174
461,ZNF175
462,ZNF177
463,ZNF18
464,ZNF180
465,ZNF181
466,ZNF182
467,ZNF184
468,ZNF189
469,ZNF19
470,ZNF195
471,ZNF197
472,ZNF2
473,ZNF20
474,ZNF200
475,ZNF202
476,ZNF205
477,ZNF207
478,ZNF208
479,ZNF211
480,ZNF212
481,ZNF213
482,ZNF214
483,ZNF215
484,ZNF217
485,ZNF219
486,ZNF22
487,ZNF221
488,ZNF222
489,ZNF223
490,ZNF224
491,ZNF225
492,ZNF226
493,ZNF227
494,ZNF229
495,ZNF23
496,ZNF230
497,ZNF232
498,ZNF233
499,ZNF234
500,ZNF235
501,ZNF236
502,ZNF239
503,ZNF24
504,ZNF248
505,ZNF25
506,ZNF250
507,ZNF251
508,ZNF253
509,ZNF254
510,ZNF256
511,ZNF257
512,ZNF26
513,ZNF260
514,ZNF263
515,ZNF264
516,ZNF266
517,ZNF267
518,ZNF268
519,ZNF273
520,ZNF274
521,ZNF275
522,ZNF276
523,ZNF28
524,ZNF280A
525,ZNF280B
526,ZNF280C
527,ZNF280D
528,ZNF281
529,ZNF282
530,ZNF283
531,ZNF284
532,ZNF285
533,ZNF286A
534,ZNF286B
535,ZNF287
536,ZNF292
537,ZNF296
538,ZNF3
539,ZNF30
540,ZNF300
541,ZNF302
542,ZNF304
543,ZNF311
544,ZNF316
545,ZNF317
546,ZNF318
547,ZNF319
548,ZNF32
549,ZNF320
550,ZNF322
551,ZNF324
552,ZNF324B
553,ZNF326
554,ZNF329
555,ZNF331
556,ZNF333
557,ZNF334
558,ZNF335
559,ZNF337
560,ZNF33A
561,ZNF33B
562,ZNF34
563,ZNF341
564,ZNF343
565,ZNF345
566,ZNF346
567,ZNF347
568,ZNF35
569,ZNF350
570,ZNF354A
571,ZNF354B
572,ZNF354C
573,ZNF358
574,ZNF362
575,ZNF365
576,ZNF366
577,ZNF367
578,ZNF37A
579,ZNF382
580,ZNF383
581,ZNF384
582,ZNF385A
583,ZNF385B
584,ZNF385C
585,ZNF385D
586,ZNF391
587,ZNF394
588,ZNF395
589,ZNF396
590,ZNF397
591,ZNF398
592,ZNF404
593,ZNF407
594,ZNF408
595,ZNF41
596,ZNF410
597,ZNF414
598,ZNF415
599,ZNF416
600,ZNF417
601,ZNF418
602,ZNF419
603,ZNF420
604,ZNF423
605,ZNF425
606,ZNF426
607,ZNF428
608,ZNF429
609,ZNF43
610,ZNF430
611,ZNF431
612,ZNF432
613,ZNF433
614,ZNF436
615,ZNF438
616,ZNF439
617,ZNF44
618,ZNF440
619,ZNF441
620,ZNF442
621,ZNF443
622,ZNF444
623,ZNF445
624,ZNF446
625,ZNF449
626,ZNF45
627,ZNF451
628,ZNF454
629,ZNF460
630,ZNF461
631,ZNF462
632,ZNF467
633,ZNF468
634,ZNF469
635,ZNF470
636,ZNF471
637,ZNF473
638,ZNF474
639,ZNF479
640,ZNF48
641,ZNF480
642,ZNF483
643,ZNF484
644,ZNF485
645,ZNF486
646,ZNF487
647,ZNF488
648,ZNF490
649,ZNF491
650,ZNF492
651,ZNF493
652,ZNF496
653,ZNF497
654,ZNF500
655,ZNF501
656,ZNF502
657,ZNF503
658,ZNF506
659,ZNF507
660,ZNF510
661,ZNF511
662,ZNF512B
663,ZNF513
664,ZNF514
665,ZNF516
666,ZNF517
667,ZNF518A
668,ZNF518B
669,ZNF519
670,ZNF521
671,ZNF525
672,ZNF526
673,ZNF527
674,ZNF528
675,ZNF529
676,ZNF530
677,ZNF532
678,ZNF534
679,ZNF536
680,ZNF540
681,ZNF543
682,ZNF544
683,ZNF546
684,ZNF547
685,ZNF548
686,ZNF549
687,ZNF550
688,ZNF551
689,ZNF552
690,ZNF554
691,ZNF555
692,ZNF556
693,ZNF557
694,ZNF558
695,ZNF559
696,ZNF560
697,ZNF561
698,ZNF562
699,ZNF563
700,ZNF564
701,ZNF565
702,ZNF566
703,ZNF567
704,ZNF568
705,ZNF569
706,ZNF57
707,ZNF570
708,ZNF571
709,ZNF572
710,ZNF573
711,ZNF574
712,ZNF575
713,ZNF576
714,ZNF577
715,ZNF578
716,ZNF579
717,ZNF580
718,ZNF581
719,ZNF582
720,ZNF583
721,ZNF584
722,ZNF585A
723,ZNF585B
724,ZNF586
725,ZNF587
726,ZNF587B
727,ZNF589
728,ZNF592
729,ZNF594
730,ZNF595
731,ZNF596
732,ZNF597
733,ZNF598
734,ZNF599
735,ZNF600
736,ZNF605
737,ZNF606
738,ZNF607
739,ZNF608
740,ZNF609
741,ZNF610
742,ZNF611
743,ZNF613
744,ZNF614
745,ZNF615
746,ZNF616
747,ZNF618
748,ZNF619
749,ZNF620
750,ZNF621
751,ZNF623
752,ZNF624
753,ZNF625
754,ZNF626
755,ZNF627
756,ZNF628
757,ZNF629
758,ZNF630
759,ZNF639
760,ZNF641
761,ZNF644
762,ZNF645
763,ZNF646
764,ZNF648
765,ZNF649
766,ZNF652
767,ZNF654
768,ZNF655
769,ZNF658
770,ZNF66
771,ZNF660
772,ZNF662
773,ZNF664
774,ZNF665
775,ZNF667
776,ZNF668
777,ZNF669
778,ZNF670
779,ZNF671
780,ZNF672
781,ZNF674
782,ZNF675
783,ZNF676
784,ZNF677
785,ZNF678
786,ZNF679
787,ZNF680
788,ZNF681
789,ZNF682
790,ZNF683
791,ZNF684
792,ZNF687
793,ZNF688
794,ZNF689
795,ZNF69
796,ZNF691
797,ZNF692
798,ZNF695
799,ZNF696
800,ZNF697
801,ZNF699
802,ZNF7
803,ZNF70
804,ZNF700
805,ZNF701
806,ZNF703
807,ZNF704
808,ZNF705A
809,ZNF705B
810,ZNF705D
811,ZNF705E
812,ZNF705G
813,ZNF706
814,ZNF707
815,ZNF708
816,ZNF709
817,ZNF71
818,ZNF710
819,ZNF711
820,ZNF713
821,ZNF714
822,ZNF716
823,ZNF717
824,ZNF718
825,ZNF721
826,ZNF724
827,ZNF726
828,ZNF727
829,ZNF728
830,ZNF729
831,ZNF730
832,ZNF732
833,ZNF735
834,ZNF736
835,ZNF737
836,ZNF74
837,ZNF740
838,ZNF746
839,ZNF747
840,ZNF749
841,ZNF750
842,ZNF75A
843,ZNF75D
844,ZNF76
845,ZNF761
846,ZNF763
847,ZNF764
848,ZNF765
849,ZNF766
850,ZNF768
851,ZNF77
852,ZNF770
853,ZNF771
854,ZNF772
855,ZNF773
856,ZNF774
857,ZNF775
858,ZNF776
859,ZNF777
860,ZNF778
861,ZNF780A
862,ZNF780B
863,ZNF781
864,ZNF782
865,ZNF783
866,ZNF784
867,ZNF785
868,ZNF786
869,ZNF787
870,ZNF788
871,ZNF789
872,ZNF79
873,ZNF790
874,ZNF791
875,ZNF792
876,ZNF793
877,ZNF799
878,ZNF8
879,ZNF80
880,ZNF800
881,ZNF804A
882,ZNF804B
883,ZNF805
884,ZNF808
885,ZNF81
886,ZNF813
887,ZNF814
888,ZNF816
889,ZNF821
890,ZNF823
891,ZNF827
892,ZNF829
893,ZNF83
894,ZNF830
895,ZNF831
896,ZNF835
897,ZNF836
898,ZNF837
899,ZNF84
900,ZNF841
901,ZNF843
902,ZNF844
903,ZNF845
904,ZNF846
905,ZNF85
906,ZNF850
907,ZNF852
908,ZNF853
909,ZNF860
910,ZNF865
911,ZNF878
912,ZNF879
913,ZNF880
914,ZNF883
915,ZNF888
916,ZNF891
917,ZNF90
918,ZNF91
919,ZNF92
920,ZNF93
921,ZNF98
922,ZNF99
923,ZSCAN1
924,ZSCAN10
925,ZSCAN12
926,ZSCAN16
927,ZSCAN18
928,ZSCAN2
929,ZSCAN20
930,ZSCAN21
931,ZSCAN22
932,ZSCAN23
933,ZSCAN25
934,ZSCAN26
935,ZSCAN29
936,ZSCAN30
937,ZSCAN31
938,ZSCAN32
939,ZSCAN4
940,ZSCAN5A
941,ZSCAN5B
942,ZSCAN5C
943,ZSCAN9
944,ZUFSP
945,ZXDA
946,ZXDB
947,ZXDC
948,PATZ1
949,ZBTB24
950,ZNF524
951,ZNF653
952,ZNF277
953,ZNF512
954,ZEB1
955,ZEB2
956,ZFHX3
957,ZFHX4
958,TRERF1
959,ZNF541
960,NFYA
961,MBNL2
962,ZC3H8
963,ZGPAT
964,CENPB
965,CENPBD1
966,JRK
967,JRKL
968,TIGD1
969,TIGD2
970,TIGD3
971,TIGD4
972,TIGD5
973,TIGD6
974,TIGD7
975,CAMTA1
976,CAMTA2
977,LIN28A
978,LIN28B
979,YBX1
980,YBX2
981,YBX3
982,RBPJ
983,RBPJL
984,CUX1
985,CUX2
986,ONECUT1
987,ONECUT2
988,ONECUT3
989,SATB1
990,SATB2
991,CXXC1
992,CXXC4
993,CXXC5
994,DNMT1
995,FBXL19
996,KDM2A
997,KDM2B
998,TET1
999,TET3
1000,KMT2A
1001,KMT2B
1002,DMRT1
1003,DMRT2
1004,DMRT3
1005,DMRTA1
1006,DMRTA2
1007,DMRTB1
1008,DMRTC2
1009,E2F1
1010,E2F2
1011,E2F3
1012,E2F4
1013,E2F5
1014,E2F6
1015,E2F7
1016,E2F8
1017,TFDP1
1018,TFDP2
1019,TFDP3
1020,EBF1
1021,EBF2
1022,EBF3
1023,EBF4
1024,EHF
1025,ELF1
1026,ELF2
1027,ELF4
1028,ELF5
1029,ELK1
1030,ELK3
1031,ELK4
1032,ERF
1033,ERG
1034,ETS1
1035,ETS2
1036,ETV1
1037,ETV2
1038,ETV3
1039,ETV3L
1040,ETV4
1041,ETV5
1042,ETV6
1043,ETV7
1044,FEV
1045,FLI1
1046,GABPA
1047,SPDEF
1048,SPI1
1049,SPIB
1050,SPIC
1051,ELF3
1052,FLYWCH1
1053,FOXA1
1054,FOXA2
1055,FOXA3
1056,FOXB1
1057,FOXB2
1058,FOXC1
1059,FOXC2
1060,FOXD1
1061,FOXD2
1062,FOXD3
1063,FOXD4
1064,FOXD4L1
1065,FOXD4L3
1066,FOXD4L4
1067,FOXD4L5
1068,FOXD4L6
1069,FOXE1
1070,FOXE3
1071,FOXF1
1072,FOXF2
1073,FOXG1
1074,FOXH1
1075,FOXI1
1076,FOXI2
1077,FOXI3
1078,FOXJ1
1079,FOXJ2
1080,FOXJ3
1081,FOXK1
1082,FOXK2
1083,FOXL1
1084,FOXL2
1085,FOXM1
1086,FOXN1
1087,FOXN2
1088,FOXN3
1089,FOXN4
1090,FOXO1
1091,FOXO3
1092,FOXO4
1093,FOXO6
1094,FOXP1
1095,FOXP2
1096,FOXP3
1097,FOXP4
1098,FOXQ1
1099,FOXR1
1100,FOXR2
1101,FOXS1
1102,GATA1
1103,GATA2
1104,GATA3
1105,GATA4
1106,GATA5
1107,GATA6
1108,GATAD2A
1109,GATAD2B
1110,TRPS1
1111,ZGLP1
1112,GCM1
1113,GCM2
1114,GRHL1
1115,GRHL2
1116,GRHL3
1117,TFCP2
1118,TFCP2L1
1119,UBP1
1120,GTF2I
1121,GTF2IRD1
1122,GTF2IRD2
1123,GTF2IRD2B
1124,BBX
1125,CIC
1126,HBP1
1127,HMG20A
1128,HMG20B
1129,HMGN3
1130,LEF1
1131,SOX1
1132,SOX10
1133,SOX11
1134,SOX12
1135,SOX13
1136,SOX14
1137,SOX15
1138,SOX17
1139,SOX18
1140,SOX2
1141,SOX21
1142,SOX3
1143,SOX30
1144,SOX4
1145,SOX5
1146,SOX6
1147,SOX7
1148,SOX8
1149,SOX9
1150,SRY
1151,TCF7
1152,TCF7L1
1153,TCF7L2
1154,ADNP
1155,ADNP2
1156,ALX1
1157,ALX3
1158,ALX4
1159,ANHX
1160,ARGFX
1161,ARX
1162,BARHL1
1163,BARHL2
1164,BARX1
1165,BARX2
1166,BSX
1167,CDX1
1168,CDX2
1169,CDX4
1170,CRX
1171,DBX1
1172,DBX2
1173,DLX1
1174,DLX2
1175,DLX3
1176,DLX4
1177,DLX5
1178,DLX6
1179,DMBX1
1180,DPRX
1181,DRGX
1182,DUX1
1183,DUX3
1184,DUX4
1185,DUXA
1186,EMX1
1187,EMX2
1188,EN1
1189,EN2
1190,ESX1
1191,EVX1
1192,EVX2
1193,GBX1
1194,GBX2
1195,GSC
1196,GSC2
1197,GSX1
1198,GSX2
1199,HDX
1200,HESX1
1201,HHEX
1202,HLX
1203,HMBOX1
1204,HMX1
1205,HMX2
1206,HMX3
1207,HNF1A
1208,HNF1B
1209,HOMEZ
1210,HOXA1
1211,HOXA10
1212,HOXA11
1213,HOXA13
1214,HOXA2
1215,HOXA3
1216,HOXA4
1217,HOXA5
1218,HOXA6
1219,HOXA7
1220,HOXA9
1221,HOXB1
1222,HOXB13
1223,HOXB2
1224,HOXB3
1225,HOXB4
1226,HOXB5
1227,HOXB6
1228,HOXB7
1229,HOXB8
1230,HOXB9
1231,HOXC10
1232,HOXC11
1233,HOXC12
1234,HOXC13
1235,HOXC4
1236,HOXC5
1237,HOXC6
1238,HOXC8
1239,HOXC9
1240,HOXD1
1241,HOXD10
1242,HOXD11
1243,HOXD12
1244,HOXD13
1245,HOXD3
1246,HOXD4
1247,HOXD8
1248,HOXD9
1249,IRX1
1250,IRX2
1251,IRX3
1252,IRX4
1253,IRX5
1254,IRX6
1255,ISL1
1256,ISL2
1257,ISX
1258,LBX1
1259,LBX2
1260,LEUTX
1261,LHX1
1262,LHX2
1263,LHX3
1264,LHX4
1265,LHX5
1266,LHX6
1267,LHX8
1268,LHX9
1269,LMX1A
1270,LMX1B
1271,MEIS1
1272,MEIS2
1273,MEIS3
1274,MEOX1
1275,MEOX2
1276,MIXL1
1277,MKX
1278,MNX1
1279,MSX1
1280,MSX2
1281,NANOG
1282,NANOGNB
1283,NANOGP8
1284,NKX1-1
1285,NKX1-2
1286,NKX2-1
1287,NKX2-2
1288,NKX2-3
1289,NKX2-4
1290,NKX2-5
1291,NKX2-6
1292,NKX2-8
1293,NKX3-1
1294,NKX3-2
1295,NKX6-1
1296,NKX6-2
1297,NKX6-3
1298,NOBOX
1299,NOTO
1300,OTP
1301,OTX1
1302,OTX2
1303,PBX1
1304,PBX2
1305,PBX3
1306,PBX4
1307,PDX1
1308,PHOX2A
1309,PHOX2B
1310,PITX1
1311,PITX2
1312,PITX3
1313,PKNOX1
1314,PKNOX2
1315,PROP1
1316,PRRX1
1317,PRRX2
1318,RAX
1319,RAX2
1320,RHOXF1
1321,RHOXF2
1322,RHOXF2B
1323,SEBOX
1324,SHOX
1325,SHOX2
1326,SIX1
1327,SIX2
1328,SIX3
1329,SIX4
1330,SIX5
1331,SIX6
1332,TGIF1
1333,TGIF2
1334,TGIF2LX
1335,TGIF2LY
1336,TLX1
1337,TLX2
1338,TLX3
1339,TPRX1
1340,UNCX
1341,VAX1
1342,VAX2
1343,VENTX
1344,VSX1
1345,VSX2
1346,ZFHX2
1347,ZHX1
1348,ZHX2
1349,ZHX3
1350,PAX2
1351,PAX3
1352,PAX4
1353,PAX6
1354,PAX7
1355,POU1F1
1356,POU2F1
1357,POU2F2
1358,POU2F3
1359,POU3F1
1360,POU3F2
1361,POU3F3
1362,POU3F4
1363,POU4F1
1364,POU4F2
1365,POU4F3
1366,POU5F1
1367,POU5F1B
1368,POU5F2
1369,POU6F1
1370,POU6F2
1371,HSF1
1372,HSF2
1373,HSF4
1374,HSF5
1375,HSFX1
1376,HSFX2
1377,HSFY1
1378,HSFY2
1379,IRF1
1380,IRF2
1381,IRF3
1382,IRF4
1383,IRF5
1384,IRF6
1385,IRF7
1386,IRF8
1387,IRF9
1388,MSANTD1
1389,MSANTD3
1390,NAIF1
1391,BORCS8-MEF2B
1392,MEF2A
1393,MEF2B
1394,MEF2C
1395,MEF2D
1396,SRF
1397,BAZ2B
1398,MBD2
1399,MBD3
1400,MBD4
1401,MBD6
1402,PIN1
1403,SETDB1
1404,SETDB2
1405,BAZ2A
1406,MECP2
1407,MBD1
1408,MTERF1
1409,MTERF2
1410,MTERF3
1411,MTERF4
1412,CDC5L
1413,DMTF1
1414,MSANTD4
1415,MYB
1416,MYBL1
1417,MYBL2
1418,MYPOP
1419,MYSM1
1420,SNAPC4
1421,TERB1
1422,TERF1
1423,TERF2
1424,TTF1
1425,ZZZ3
1426,MYRF
1427,MYRFL
1428,NFX1
1429,NFXL1
1430,AR
1431,ESR1
1432,ESR2
1433,ESRRA
1434,ESRRB
1435,ESRRG
1436,HNF4A
1437,HNF4G
1438,NR0B1
1439,NR1D1
1440,NR1D2
1441,NR1H2
1442,NR1H3
1443,NR1H4
1444,NR1I2
1445,NR1I3
1446,NR2C1
1447,NR2C2
1448,NR2E1
1449,NR2E3
1450,NR2F1
1451,NR2F2
1452,NR2F6
1453,NR3C1
1454,NR3C2
1455,NR4A1
1456,NR4A2
1457,NR4A3
1458,NR5A1
1459,NR5A2
1460,NR6A1
1461,PGR
1462,PPARA
1463,PPARD
1464,PPARG
1465,RARA
1466,RARB
1467,RARG
1468,RORA
1469,RORB
1470,RORC
1471,RXRA
1472,RXRB
1473,RXRG
1474,THRA
1475,THRB
1476,VDR
1477,AEBP1
1478,ARHGAP35
1479,BPTF
1480,BRF2
1481,CARF
1482,CC2D1A
1483,CEBPZ
1484,CENPA
1485,CENPS
1486,CENPT
1487,CENPX
1488,CGGBP1
1489,CHCHD3
1490,CPEB1
1491,CSRNP1
1492,CSRNP2
1493,CSRNP3
1494,DACH1
1495,DACH2
1496,DR1
1497,DRAP1
1498,GLMP
1499,GPBP1
1500,GPBP1L1
1501,GTF2B
1502,KCNIP3
1503,LTF
1504,MTF2
1505,NACC2
1506,NFE4
1507,NFYB
1508,NFYC
1509,NKRF
1510,NME2
1511,NRF1
1512,PA2G4
1513,PCGF2
1514,PCGF6
1515,PHF1
1516,PHF19 
1517,PLSCR1
1518,POU2AF1
1519,PREB
1520,PURA
1521,PURB
1522,PURG
1523,RAG1
1524,RBCK1
1525,REXO4
1526,SAFB
1527,SAFB2
1528,SCMH1
1529,SKI
1530,SKIL
1531,SKOR1
1532,SMYD3
1533,SNAPC2
1534,SNAPC5
1535,SON
1536,SPEN
1537,SPZ1
1538,TCF20
1539,TET2
1540,THYN1
1541,TMF1
1542,TOPORS
1543,TSC22D1
1544,XPA
1545,TP53
1546,TP63
1547,TP73
1548,PAX1
1549,PAX5
1550,PAX8
1551,PAX9
1552,LCOR
1553,LCORL
1554,PROX1
1555,PROX2
1556,NFAT5
1557,NFATC1
1558,NFATC2
1559,NFATC3
1560,NFATC4
1561,NFKB1
1562,NFKB2
1563,REL
1564,RELA
1565,RELB
1566,RFX1
1567,RFX2
1568,RFX3
1569,RFX4
1570,RFX5
1571,RFX6
1572,RFX7
1573,RFX8
1574,RUNX1
1575,RUNX2
1576,RUNX3
1577,AIRE
1578,DEAF1
1579,GMEB1
1580,GMEB2
1581,SKOR2
1582,SP100
1583,SP110
1584,SP140
1585,SP140L
1586,NFIA
1587,NFIB
1588,NFIC
1589,NFIX
1590,SMAD1
1591,SMAD3
1592,SMAD4
1593,SMAD5
1594,SMAD9
1595,STAT1
1596,STAT2
1597,STAT3
1598,STAT4
1599,STAT5A
1600,STAT5B
1601,STAT6
1602,EOMES
1603,MGA
1604,T
1605,TBR1
1606,TBX1
1607,TBX10
1608,TBX15
1609,TBX18
1610,TBX19
1611,TBX2
1612,TBX20
1613,TBX21
1614,TBX22
1615,TBX3
1616,TBX4
1617,TBX5
1618,TBX6
1619,TBP
1620,TBPL1
1621,TBPL2
1622,LIN54
1623,TEAD1
1624,TEAD2
1625,TEAD3
1626,TEAD4
1627,THAP1
1628,THAP10
1629,THAP11
1630,THAP12
1631,THAP2
1632,THAP3
1633,THAP4
1634,THAP5
1635,THAP6
1636,THAP7
1637,THAP8
1638,THAP9
1639,Q6UWZ7
1640,Q8IUX7
1641,Q8WYP5
1642,P35869
1645,O43918
1646,O43823
1647,Q9ULX6
1648,Q15699
1649,O95076
1651,O00213
1652,O95704
1653,Q8WW27
1654,P10275
1656,A6NJG6
1657,Q03989
1658,P27540
1659,Q9HBZ2
1660,O00327
1661,Q96QS3
1662,Q76L83
1663,Q9C0F0
1664,Q96QE3
1665,P15336
1666,P18847
1667,P18848
1668,Q9Y2D1
1669,Q99941
1670,P18850
1671,P17544-1
1672,P17544
1673,O43313
1674,A0A087WXG3
1675,Q8WYA1
1676,P25440
1677,Q15059
1678,O60885
1679,Q9NPI1
1680,Q9H0E9
1681,Q6RI45
1682,Q3C1V8
1683,P35222
1684,Q6P1N0
1685,Q9Y6Y1
1687,O94983
1689,Q86V15
1690,Q99741
1691,Q9BXL8
1692,Q00526
1693,P47902
1694,Q99626
1695,O14627
1696,P49715
1697,P17676
1698,P49716
1699,Q15744
1701,Q86WJ1
1702,O14647
1703,Q8TD26
1704,Q3L8U1
1705,O96017
1706,Q99966
1707,Q99967
1708,Q96BA8
1709,P16220
1710,P16220-1
1711,O43889
1714,Q70SY1
1715,Q68CJ9
1716,Q8TEY5
1717,Q92793
1718,Q03060
1719,O43186
1721,Q96S65
1723,Q2NKJ3
1724,Q9P0U4
1725,Q10586
1726,P35638
1727,O60479
1729,Q9Y5R6
1730,Q9Y222
1733,Q9UBX2
1734,Q01094
1735,Q14209
1736,O00716
1737,Q16254
1738,Q15329
1739,Q9UH73
1740,Q9H4W6
1741,Q9H4W6-2
1742,P18146
1744,P11161
1746,Q06889
1747,Q05215
1748,P32519
1749,Q15723
1750,P78545
1751,Q99607
1752,Q9UKW6
1753,P19419
1754,P41970
1755,P28324
1756,O95163
1757,O95936
1758,Q09472
1759,Q96L91
1760,Q99814
1762,P04626
1763,P28715
1764,P11308
1766,P03372
1768,Q92731
1770,P11474
1772,O95718
1774,P62508
1777,P14921
1778,P15036
1779,P50549
1781,O00321
1782,P41162
1783,P43268
1785,P41161
1788,Q01780
1789,Q99502
1790,O00167
1791,Q99504
1792,O95677
1793,Q01543
1794,Q8WW38
1795,P01100
1798,P53539
1800,P15407
1801,P55317
1803,Q9Y261
1805,Q12948
1807,Q99958
1809,Q12946
1811,Q12947
1813,Q12951
1814,A8MTJ6
1815,Q92949
1816,Q9P0K8
1820,Q9UPW0
1821,Q08050
1822,O15353
1824,P32314
1825,Q96NZ1
1826,Q12778
1827,O43524
1828,P98177
1829,A8MYZ6
1830,Q6PIV2
1831,Q6PJQ5
1832,P15976
1834,P23769
1836,P23771
1838,P43694
1841,Q9BWX5
1843,Q92908
1845,Q9NP62
1847,O75603
1849,P08151
1850,P10070
1852,P10071
1853,Q8NBF1
1854,Q9BZE0
1855,Q8NEA6
1857,Q8WWB7
1858,Q9Y692
1859,Q9UKD1
1861,Q9NZI5
1862,Q6ISB3
1863,Q8TE85
1865,P61296
1866,O60381
1867,Q13547
1868,Q03014
1869,Q96JB3
1870,Q16665
1871,Q9Y2N7
1872,Q9BQA5
1873,Q5T1R4
1874,P50747
1875,Q16534
1876,P17096
1877,P52926
1878,P20823
1879,P35680
1880,P41235
1882,P31260
1883,P31271
1885,O43364
1886,P31267
1887,P31268
1888,P14653
1889,Q92826
1890,P14652
1891,P14651
1892,P17509
1893,P09629
1895,P17482
1896,P35453
1898,P09016
1899,P28356
1900,Q03933
1901,Q00613
1903,Q4G112
1904,Q7Z6Z7
1906,Q13422
1907,Q53TQ3
1908,P10914
1909,P14316
1910,Q14653
1911,Q13568
1912,O14896
1913,Q92985
1915,P78413
1916,Q6IE81
1917,Q9NQC1
1919,O60674
1920,Q86VZ6
1921,Q9H9V9
1922,Q9Y4A0
1923,P05412
1924,P17275
1925,P17535
1926,Q9H8E8
1927,Q8WYB5
1928,O95251
1929,Q7LBC6
1930,Q9UGL1
1931,Q8N371
1932,Q13351
1934,Q9Y2Y9
1935,Q9UIH9
1936,Q9BXK1
1937,Q9Y5W3
1938,O43474
1939,Q13887
1941,Q99612
1942,O75840
1943,O95600
1944,Q13886
1946,Q03164
1947,Q9UMN6
1948,Q8NEZ4
1950,O14686
1951,F8W9S8
1952,Q9Y4W2
1953,Q9UJU2
1956,A8MZ59
1957,P48742
1958,P50458
1959,Q9UBR4
1960,Q8TE12
1961,O75444
1962,Q8NHW3
1963,Q9Y5Q3
1964,Q6P0Q8
1965,Q9UBB5
1966,Q02078
1967,Q02080-2
1968,Q06413
1969,Q14814
1970,O00470
1971,O14770-4
1972,O14770
1973,O00255
1974,Q8IWI9
1975,O75030
1977,O75030-2
1978,Q9H2W2
1979,Q9HAP2
1980,Q9NP71
1981,P43246
1982,Q9HCI7
1983,O14793
1984,P28360
1985,P35548
1986,Q96E29
1987,Q14872
1989,P10242
1990,P10243
1991,P10244
1993,P01106
1994,P12524
1995,P04198
1996,P13349
1998,P23409
2000,P15172
2002,P15173
2004,Q9Y2G1
2005,Q96LU7
2006,Q9UL68
2007,P28698
2008,Q9H9S0
2009,Q6NSW7
2010,P49321
2011,Q15788
2014,Q15596
2017,Q9Y6Q9
2018,Q8TD19
2019,Q13562
2021,Q15784
2022,Q96NK8
2024,Q92886
2025,Q9H2A3
2026,Q9Y4Z2
2027,O94916
2029,O95644
2031,Q13469
2033,Q12968
2034,Q14934
2036,Q16621
2037,Q14494
2038,Q16236
2039,Q9Y4A8
2040,Q12857
2041,P08651
2042,Q14938
2043,P19838
2044,Q6P4R8
2045,P23511
2046,Q13952-2
2047,Q6KC79
2048,P43699
2050,O95096
2051,P52952
2053,P78426
2054,O60393
2055,Q8IXF0
2056,Q8IUM7
2057,P20393
2058,P55055
2060,Q13133
2062,Q96RI1-2
2063,O75469
2064,Q14994
2065,P04150
2068,P22736
2070,P43354
2072,Q92570
2076,Q13285
2077,O00482
2081,Q15406
2082,Q16656
2083,P54845
2084,O60502
2085,Q9UBC0
2086,Q5XKR4
2088,P32242
2089,P32243
2090,Q9BRP0
2091,Q01860
2093,Q9Y2J8
2094,Q9BTK6
2095,Q9Y6F1
2096,Q02962
2097,P23760
2098,Q02548
2099,P26367
2100,P23759
2101,Q06710
2102,P55771
2103,P52945
2104,P06401
2107,O43189
2108,Q5T6S3
2109,Q9BVI0
2110,A8MW92
2112,Q8WWQ0
2113,O14813
2114,P28069
2115,P78337
2116,Q99697
2118,Q6DJT9
2119,Q9UM63
2120,Q9UPG8
2121,O15162
2122,Q16633
2123,P14859
2125,P09086
2127,Q03052
2128,Q12837
2129,Q06416
2130,Q07869
2131,Q03181
2133,P37231
2135,Q9UBK2
2137,Q86YN6
2139,P49593
2140,P67775
2141,P60510
2142,Q9NQV6
2143,P41743
2144,Q05513
2145,P78527
2147,P55345
2148,O60678
2149,O14744
2150,O75360
2151,Q3B8N5
2152,Q86UA1
2153,P54821
2155,Q99811
2158,Q7RTS3
2159,P17947
2160,Q9Y4B4
2161,P10276
2163,P10826-2
2165,P13631
2167,Q9H1K0
2168,P25791
2169,Q04864
2170,Q04206
2172,Q01201
2174,P22670
2176,A0A669KBM4
2178,P35398
2179,P51449
2180,Q01196
2182,Q13950
2184,Q13761
2186,P19793
2188,P28702
2190,P48443
2192,Q9H4L4
2193,O15047
2194,Q9UPS6
2195,Q9BYW2
2196,Q9NPC8
2197,Q9UIU6
2198,Q15797
2199,P84022
2200,Q13485
2202,Q99717
2203,P51531
2204,P51532
2205,Q92922
2206,Q8TAQ2
2207,O00570
2208,P56693
2211,P35716
2212,O15370
2213,O95416
2214,O60248
2215,Q9H6I2
2216,P35713
2217,P48431
2218,P41225
2219,Q06945
2220,Q9BT81
2221,P57073
2223,P48436
2225,P08047
2226,P23497
2227,Q02447
2228,Q6BEB4
2229,Q3SY56
2230,Q8TDD2
2231,P0CG40
2232,Q01892
2234,Q8N5J4
2235,Q6ZMY3
2236,Q9BUD6
2237,P36956
2238,Q12772
2239,Q6ZRS2
2241,P11831
2242,P42224
2243,P52630
2244,P40763
2245,Q14765
2246,P42229
2248,P51692
2250,P42226
2251,A0A024R0Y4
2252,Q8IZX4
2253,Q9Y6J9
2254,P17542
2256,Q6SJ96
2257,O43435-3
2258,Q9UMR3
2259,Q9UL17
2261,Q9Y458
2262,O15119
2263,P57082
2264,Q99593
2265,O15178
2267,Q99081-3
2268,Q99081
2269,Q9UGU0
2270,P15923
2272,P15884
2274,P36402
2275,Q9HCS4
2276,Q9NQB0
2278,Q8NAT2
2279,P28347
2281,Q15562
2282,Q99594
2283,Q15561
2284,Q10587
2285,Q8NFU7
2286,Q6N021
2287,P05549
2288,Q92481
2289,Q92754
2290,Q7Z6R9
2291,Q12800
2293,Q14186
2294,P19532
2297,P19484
2298,O14948
2300,P10827-2
2301,P10827
2302,P10828
2303,P10828-2
2305,Q96MW7
2306,Q8IY51
2307,Q6NT04
2308,Q04724
2309,Q04726
2310,P04637
2311,Q9H3D4
2313,O15350
2315,D2CFI5
2316,O14545
2317,Q96PN7
2318,Q9Y4A5
2320,Q15672
2321,Q9NPG3
2322,P22415
2324,Q15853
2326,P51784
2327,Q9UPT9
2328,Q5SQQ9
2329,Q9UIW0
2330,P11473
2332,P06492
2333,Q9BQA1
2335,P19544-2
2336,P17861-2
2337,P17861
2338,P25490
2340,O15391
2341,O75152
2342,Q8NCP5
2343,Q13105
2344,H0YEM9
2345,P10074
2346,Q86UP3
2349,P17010
2350,P08048
2351,Q9NS37
2352,O95409
2353,Q14202
2354,Q8WTR7
2356,Q8N8E2
2357,Q8N587
2358,Q9H582
2359,Q8IZM8
2360,Q9ULD5
2361,P52747
2362,Q9UQR1
2364,P17020
2365,P98182
2366,Q6N043
2367,Q5BKZ1
2368,Q9BUY5
2369,H3BS19
2372,Q92618
2373,Q9HCE3
2374,Q92610
2375,Q96N77
2377,Q8N1G0
2378,P17040
2379,P98168
2380,P98169
2381,Q2QGD7
2384,A0A087X169
2385,A0A0A0MRP6
2386,A0A0B4J2G0
2387,A0A0C4DFL8
2388,A0A0C4DFQ2
2389,A0A0C4DH12
2390,A0A0D9SEJ8
2391,A0A1B0GVP4
2392,A0A1C7CYV8
2393,A0A1W2PPX4
2394,A0A1W2PQ09
2395,A0A1W2PRV1
2396,A0A2R8Y491
2397,A0A2R8Y560
2398,A0A2R8Y739
2399,A0A2R8Y7Q1
2400,A0A2R8Y872
2401,A0A2U3TZT0
2402,A0A3B3ISS0
2403,A0A3B3IT03
2404,A0A494C0I1
2405,A0A494C1N8
2406,A0A5F9ZHH6
2407,A0A669KAV7
2408,A0A7I2PJA1
2409,A0AUZ9
2410,A0AVK6
2411,A0PJY2
2412,A1A519
2413,A1YPR0
2414,A2RRD8
2415,A2RU54
2416,A2RUC4
2417,A4D1E1
2418,A6NCS4
2419,A6NFD8
2420,A6NFQ7
2421,A6NGD5
2422,A6NHT5
2423,A6NI15
2424,A6NJ46
2426,A6NJL1
2427,A6NJT0
2428,A6NK75
2429,A6NLW8
2430,A6NMT0
2431,A6NN14
2432,A6NNA5
2433,A8K8V0
2434,A8MTQ0
2436,A8MWA4
2438,A9YTQ3
2439,B2RXF5
2440,B2RXH2
2441,B4DL54
2442,B4DWF2
2443,B7WPH3
2444,C9JBD0
2445,C9JFV4
2446,D6R9L8
2447,E7EQS8
2448,E9PGG2
2449,E9PIW9
2450,F8VU11
2452,G3V3G0
2453,G3XAK1
2454,H0Y6H0
2455,H0Y9M2
2457,H3BPG6
2458,H7BXF5
2459,I3L1J3
2460,I3L2J0
2461,J3KNZ9
2462,J3KPG5
2463,J9JIF5
2464,M0R0C0
2465,M0R2M9
2466,O00159
2470,O00257
2473,O00358
2474,O00409
2475,O00422
2479,O14497
2480,O14503
2481,O14519
2482,O14529
2483,O14578
2484,O14578-4
2486,O14646
2489,O14709
2491,O14757
2493,O14771
2496,O14867
2498,O14901
2499,O14933
2501,O15014
2502,O15015
2504,O15054
2505,O15060
2506,O15062
2507,O15090
2508,O15111
2511,O15164
2513,O15198-2
2514,O15209
2515,O15226
2516,O15265
2517,O15266
2518,O15294
2521,O15355
2523,O15409
2524,O15457
2525,O15516
2526,O15522
2527,O15525
2528,O15535
2529,O43147
2530,O43151
2531,O43159
2532,O43167
2533,O43172
2536,O43196
2537,O43248
2538,O43293
2539,O43296
2540,O43298
2541,O43309
2543,O43365
2544,O43395
2545,O43422
2546,O43463
2549,O43593
2550,O43623
2551,O43680
2552,O43711
2553,O43741
2554,O43763
2555,O43791
2556,O43829
2558,O60281
2559,O60284
2560,O60315
2561,O60341
2563,O60393-2
2565,O60481
2567,O60506
2568,O60663
2571,O60682
2572,O60765
2573,O60870
2575,O60902
2576,O60907
2577,O60934
2579,O75030-10
2580,O75081
2581,O75132
2582,O75150
2583,O75151
2584,O75164
2585,O75182
2586,O75317
2587,O75346
2589,O75362
2590,O75364
2591,O75376
2592,O75398
2593,O75437
2595,O75446
2596,O75461
2597,O75467
2599,O75475
2600,O75528
2601,O75529
2602,O75533
2603,O75564
2604,O75564-2
2605,O75582
2606,O75593
2608,O75604
2609,O75626
2610,O75676
2611,O75688
2612,O75820-2
2614,O76064
2615,O94776
2616,O94805
2617,O94864
2618,O94874
2621,O94993
2622,O95071
2626,O95231
2627,O95238
2628,O95243
2630,O95257
2631,O95343
2632,O95361
2633,O95365
2636,O95475
2637,O95503
2639,O95625
2642,O95696
2644,O95785
2645,O95789
2646,O95863
2647,O95931
2648,O95935
2650,O95948
2651,O95983
2652,O96004
2653,O96006
2655,O96019
2656,O96028
2659,P02788
2666,P06748
2668,P08235
2672,P09630
2673,P09874
2674,P0C1Z6
2675,P0C6A0
2676,P0C870
2677,P0CF97
2678,P0CG23
2679,P0CJ78
2680,P0CJ79
2683,P10072
2684,P10073
2686,P10075
2691,P10589
2694,P11142
2697,P11387
2698,P11388
2703,P12757
2704,P12980
2705,P13056
2707,P13378
2709,P13682
2711,P14373
2717,P15408
2718,P15622
2719,P15822
2721,P15918
2725,P16989
2727,P17019
2729,P17028
2730,P17032
2731,P17039-2
2733,P17098
2734,P17252
2739,P17655
2741,P17844
2744,P18583
2748,P19338
2750,P19447
2753,P19622
2755,P20226
2757,P21506
2758,P22087
2762,P23025
2765,P23497-4
2770,P24278
2771,P24468
2772,P24522
2773,P25208
2776,P26358
2777,P27348
2779,P27695
2783,P28358
2788,P29374
2789,P29375
2793,P31269
2794,P31270
2795,P31274
2796,P31276
2797,P31314
2798,P31629
2799,P31946
2800,P32121
2804,P35226
2805,P35227
2807,P35452
2812,P35711
2813,P35712
2815,P35813
2817,P36508
2820,P37275
2821,P39687
2822,P39880
2823,P40424
2827,P41182
2828,P41212
2830,P41227
2831,P41229
2837,P42568
2843,P45973
2844,P46013
2845,P46100
2846,P46736
2848,P48378
2849,P48382
2852,P49116
2853,P49137
2855,P49407
2857,P49640
2858,P49711
2861,P49910
2862,P50219
2864,P50461
2865,P50539
2866,P50548
2868,P50553
2871,P51522
2874,P51587
2875,P51608
2876,P51610
2879,P51812
2880,P51814-6
2881,P51843
2882,P51858
2883,P51957
2884,P52179
2885,P52333
2887,P52701
2888,P52736
2889,P52737
2890,P52738
2891,P52739
2892,P52741
2893,P52744-2
2894,P52746
2896,P52951
2898,P52954
2899,P53355
2900,P54136
2901,P54198
2902,P54253
2903,P54259
2904,P54274
2905,P54619
2906,P54646
2910,P55197
2911,P55201
2912,P55209
2913,P55316
2915,P55318
2916,P55347
2918,P55895
2919,P56177
2920,P56179
2921,P56179-2
2922,P56270-2
2923,P56524
2924,P56545
2926,P57071
2929,P57682
2930,P58012
2931,P58304
2932,P58317
2933,P59817
2935,P60709
2936,P61088
2937,P61244
2938,P61247
2940,P61371
2941,P62241
2942,P62256
2943,P62258
2945,P62877
2946,P63104
2947,P63146
2949,P67809
2950,P68400
2952,P78347
2953,P78367
2954,P78412
2956,P78414
2957,P78415
2960,P81133
2961,P82094
2962,P82970
2963,P83916
2964,P84550
2965,P85037
2968,Q00056
2970,Q00536
2971,Q00537
2973,Q00653
2974,Q00839
2975,Q01101
2976,Q01167
2979,Q01538
2981,Q01658
2982,Q01664
2984,Q01826
2986,Q01954
2988,Q02386
2991,Q02556
2992,Q02577
2993,Q02880
2994,Q02930
2999,Q03112
3001,Q03188
3002,Q03468
3003,Q03701
3004,Q03828
3005,Q03923
3009,Q04725
3011,Q04741
3012,Q04743
3014,Q05066
3015,Q05195
3017,Q05516
3018,Q05655
3019,Q05925
3020,Q05BQ5
3021,Q06330
3024,Q06546
3026,Q06730-2
3028,Q07687
3030,Q07955
3032,Q08050-3
3033,Q08117
3034,Q08170
3035,Q08945
3036,Q08999
3037,Q08ER8
3039,Q09FC8
3040,Q09FC8-5
3041,Q0VG99
3042,Q0VGE8
3046,Q12788
3048,Q12824
3050,Q12870
3051,Q12873
3052,Q12888
3056,Q12952
3057,Q12962
3059,Q12986
3060,Q13029
3061,Q13043
3063,Q13107
3064,Q13111
3065,Q13112
3066,Q13118
3067,Q13127
3068,Q13129
3069,Q13131
3071,Q13177
3072,Q13185
3073,Q13207
3074,Q13247
3075,Q13263
3077,Q13315
3078,Q13342
3082,Q13472
3084,Q13487
3085,Q13523
3086,Q13526
3087,Q13535
3091,Q13569
3092,Q13616
3093,Q13617
3094,Q13618
3095,Q13620
3096,Q13686
3100,Q13888
3103,Q14119
3104,Q14134
3105,Q14140
3106,Q14151
3108,Q14188
3109,Q14190
3112,Q14258
3113,Q14469
3115,Q14526
3116,Q14527
3117,Q14541
3118,Q14549
3119,Q14586
3120,Q14587
3121,Q14593
3123,Q14676
3124,Q14684
3125,Q14686
3126,Q14687
3128,Q14774
3130,Q14839
3131,Q14865
3135,Q14995
3136,Q149N8
3137,Q14CW9
3138,Q15018
3139,Q15024
3140,Q15047
3142,Q15072
3143,Q15075
3144,Q15078
3145,Q15139
3146,Q15270
3147,Q15291
3148,Q15303
3149,Q15306
3150,Q15326
3152,Q15393
3154,Q15424
3155,Q15475
3156,Q15542
3157,Q15554
3160,Q15583
3161,Q15583-2
3163,Q15651
3164,Q15652
3165,Q15697
3167,Q15714-2
3169,Q15742
3175,Q15911
3176,Q15915
3177,Q15916
3178,Q15928
3181,Q16514
3182,Q16531
3183,Q16576
3184,Q16587
3185,Q16600
3187,Q16644
3188,Q16649
3189,Q16650
3192,Q16670
3193,Q17R98
3194,Q2M1K9
3195,Q2M1V0
3197,Q2TB10
3198,Q2VWA4
3199,Q32MQ0
3200,Q33E94
3202,Q3KNW1
3204,Q3MIS6
3205,Q3MJ62
3206,Q3SXZ3
3207,Q3SY52
3209,Q3SYB3
3210,Q3ZCT1
3211,Q460N3
3212,Q460N5
3213,Q495X7
3214,Q499Z4
3215,Q49A26
3216,Q4FZB7
3218,Q4LE39
3219,Q4VC44
3220,Q52LR7
3221,Q53EQ6
3222,Q53GI3
3224,Q58F21
3225,Q5EBL2
3226,Q5FWF4
3227,Q5H9F3
3228,Q5H9F3-1
3229,Q5H9K5
3230,Q5IJ48
3231,Q5JPB2
3232,Q5JTH9
3233,Q5JUK2
3234,Q5JVG8
3235,Q5MIZ7
3236,Q5PSV4
3237,Q5QJE6
3238,Q5SSJ5
3239,Q5SVQ8
3240,Q5SVZ6
3241,Q5SXM1
3242,Q5SXM2
3243,Q5T0B9
3245,Q5T280
3247,Q5T7W0
3248,Q5TA89
3249,Q5TC79
3250,Q5TEC3
3251,Q5TGS1
3252,Q5TGY3
3253,Q5VTD9
3254,Q5VTL8
3255,Q5VTR2
3256,Q5VUA4
3257,Q5VUG0
3258,Q5VV16
3259,Q5VV52
3260,Q5VVJ2
3261,Q5VWG9
3262,Q5VYV0
3263,Q5VZB9
3264,Q5VZE5
3265,Q5VZL5
3267,Q63HK5
3268,Q66K89
3269,Q68CP9
3270,Q68DE3
3271,Q68DK7
3272,Q68EA5
3273,Q68G74
3274,Q6AHZ1
3275,Q6B0B8
3276,Q6B0I6
3279,Q6IA86
3281,Q6IQ21
3282,Q6IQ32
3287,Q6N069
3289,Q6NSZ9
3291,Q6NT76
3292,Q6NUM6
3293,Q6NUN9
3294,Q6NYC1
3296,Q6P1J9
3297,Q6P1K8
3299,Q6P1X5
3300,Q6P2D0
3301,Q6P2P2
3302,Q6P2Q9
3304,Q6P9F5
3305,Q6P9G9
3306,Q6PCT2
3307,Q6PD62
3310,Q6PL18
3311,Q6QHK4
3312,Q6R2W3
3314,Q6S9Z5
3315,Q6STE5
3316,Q6U7Q0
3318,Q6VMQ6
3319,Q6W2J9
3320,Q6XD76
3321,Q6XYB7
3322,Q6ZMT4
3324,Q6ZN08
3325,Q6ZN18
3326,Q6ZN19
3327,Q6ZN19-3
3328,Q6ZN30
3329,Q6ZN55
3330,Q6ZNB6
3331,Q6ZNC4
3332,Q6ZNG2
3333,Q6ZR52
3334,Q6ZR52-2
3336,Q6ZSB9
3337,Q6ZSZ6
3338,Q6ZW49
3339,Q70CQ1
3341,Q70YC5
3343,Q7KZ85
3344,Q7L3S4
3346,Q7RTS1
3348,Q7RTU0
3349,Q7RTU1
3350,Q7RTU4
3351,Q7RTU7
3352,Q7RTV3
3353,Q7Z353
3354,Q7Z3B3
3355,Q7Z3I7
3356,Q7Z3K3
3357,Q7Z3Z3
3358,Q7Z3Z4
3359,Q7Z4V0
3360,Q7Z570
3361,Q7Z589
3362,Q7Z591
3363,Q7Z5J4
3364,Q7Z5K2
3365,Q7Z6E9
3366,Q7Z6K1
3368,Q7Z7K2
3369,Q7Z7L9
3370,Q86SE8
3371,Q86T24
3372,Q86TJ2
3373,Q86TJ5
3374,Q86U86
3376,Q86UD4
3377,Q86UE8
3379,Q86UP3-2
3380,Q86UQ0-2
3381,Q86UZ6
3383,Q86VE0
3385,Q86W11
3386,Q86W56
3388,Q86WP2
3389,Q86X55
3390,Q86XF7
3391,Q86XN6
3392,Q86XP3
3393,Q86XU0
3394,Q86Y01
3395,Q86Y13
3396,Q86Y25
3397,Q86YF9
3398,Q86YI8
3400,Q86YP4
3401,Q8HWS3
3402,Q8IU81
3403,Q8IUD6
3404,Q8IUE1
3405,Q8IUF8
3406,Q8IUF8-4
3408,Q8IUX4
3410,Q8IVH2
3411,Q8IVH2-3
3412,Q8IVP9
3413,Q8IVW6
3414,Q8IWA0
3416,Q8IWV8
3417,Q8IX07
3418,Q8IX15
3419,Q8IX21
3421,Q8IXK0
3422,Q8IXT2
3424,Q8IY57
3425,Q8IYA7
3426,Q8IYB9
3427,Q8IYR2
3428,Q8IYW5
3429,Q8IZ20
3430,Q8IZ26
3431,Q8IZD2
3433,Q8N0Y2
3434,Q8N100
3435,Q8N141
3436,Q8N143
3437,Q8N196
3439,Q8N1L9
3440,Q8N1W2
3441,Q8N2I2-4
3442,Q8N2R0
3444,Q8N3J2
3445,Q8N3J9
3446,Q8N3Y7
3447,Q8N488
3448,Q8N554
3450,Q8N5Y2
3451,Q8N693
3452,Q8N720
3453,Q8N7H5
3454,Q8N806
3455,Q8N895
3457,Q8N8U2
3458,Q8N988
3459,Q8N9L1
3460,Q8N9N5
3461,Q8N9N5-2
3462,Q8N9V7
3463,Q8N9Z0-2
3464,Q8NA31
3465,Q8NA42
3466,Q8NA92
3467,Q8NAF0
3468,Q8NAM6
3469,Q8NAP3
3470,Q8NAP8
3472,Q8NB12
3474,Q8NBZ0
3475,Q8NCA9
3476,Q8NCD3
3477,Q8NCN2
3478,Q8NCY6
3479,Q8ND82
3480,Q8NDB2
3481,Q8NDG6
3482,Q8NDQ6
3483,Q8NEM1
3484,Q8NEM7
3486,Q8NF99
3487,Q8NFD5
3489,Q8NFW5
3490,Q8NFW5-2
3491,Q8NHM5
3492,Q8NHU6
3494,Q8NHY6
3495,Q8NI51
3496,Q8TAF7
3498,Q8TAU0
3499,Q8TAX0
3500,Q8TBB0
3501,Q8TBC5
3502,Q8TBE0
3503,Q8TBJ5
3504,Q8TBZ5
3505,Q8TC21
3506,Q8TC59
3507,Q8TCN5
3509,Q8TD23
3511,Q8TD47
3512,Q8TD94
3513,Q8TDB6
3514,Q8TDI0
3517,Q8TEE9
3518,Q8TEK3
3520,Q8TF20
3521,Q8TF45
3522,Q8TF47
3523,Q8TF50
3524,Q8WUB8
3525,Q8WUH1
3526,Q8WUH1-1
3527,Q8WUU4
3528,Q8WUU5
3533,Q8WWY3
3534,Q8WXB4
3535,Q8WXI9
3536,Q8WXX7
3537,Q8WY36
3540,Q8WYH8
3541,Q8WYK2
3542,Q8WYN3
3547,Q92613
3549,Q92698
3551,Q92753
3553,Q92766
3554,Q92766-2
3555,Q92782
3556,Q92784
3557,Q92785
3558,Q92786
3560,Q92794
3562,Q92830
3563,Q92831
3564,Q92833
3565,Q92858
3566,Q92870
3567,Q92878
3569,Q92889
3572,Q92925
3574,Q92973
3576,Q92988
3577,Q92993
3578,Q93009
3579,Q93034
3580,Q969F1
3581,Q969R5
3582,Q969W8
3583,Q96A47
3584,Q96A61
3585,Q96AV8
3586,Q96B26
3587,Q96B54
3589,Q96BD5
3590,Q96BD5-2
3591,Q96BF6
3592,Q96BR6
3593,Q96BR9
3594,Q96BT3
3595,Q96BV0
3596,Q96C00
3597,Q96CK0
3598,Q96DP5
3599,Q96DT7
3601,Q96EB1
3602,Q96EK4
3603,Q96ES7
3604,Q96GC6
3605,Q96GD3
3606,Q96H86
3607,Q96HA7
3608,Q96HQ0
3609,Q96HZ4
3610,Q96I27
3611,Q96I27-2
3612,Q96I51
3613,Q96IS3
3614,Q96IU2
3615,Q96J94
3617,Q96JM2
3618,Q96JM3
3619,Q96JM7
3620,Q96JN0
3621,Q96JN0-3
3622,Q96JP5
3623,Q96K58
3624,Q96K83
3625,Q96KB5
3626,Q96KM6
3627,Q96KN3
3628,Q96L73
3630,Q96LA8
3631,Q96LW9
3632,Q96ME7
3633,Q96MM3
3636,Q96N95
3637,Q96NB3
3638,Q96NG8
3640,Q96NX9
3642,Q96PE6
3643,Q96PU4
3645,Q96QR8
3647,Q96QT6
3648,Q96RE9
3649,Q96RI1-1
3651,Q96RK0
3652,Q96RL1
3653,Q96RS0
3654,Q96SC8
3655,Q96SF7
3656,Q96SQ7
3657,Q96SR6
3658,Q96ST3
3659,Q96T23
3660,Q96T25
3661,Q96T58
3662,Q96T68
3663,Q96T88
3664,Q96T92
3666,Q99453
3667,Q99459
3668,Q99496
3671,Q99543
3672,Q99547
3673,Q99549
3674,Q99581
3675,Q99583
3676,Q99592
3681,Q99676
3682,Q99684
3683,Q99687
3685,Q99697-2
3686,Q99708
3687,Q99733
3689,Q99742
3690,Q99743
3691,Q99750
3692,Q99801
3695,Q99853
3696,Q99856
3697,Q99873
3698,Q99929
3701,Q99986
3702,Q9BQ39
3703,Q9BQ87
3706,Q9BQI6
3707,Q9BQW3
3708,Q9BRJ9
3710,Q9BRZ2
3711,Q9BS31
3712,Q9BS34
3713,Q9BSJ1
3714,Q9BSM1
3715,Q9BT49
3716,Q9BTA9
3717,Q9BTP6
3718,Q9BTT0
3719,Q9BU19
3721,Q9BUG6
3724,Q9BVI4
3725,Q9BW11
3726,Q9BW71
3727,Q9BWN1
3729,Q9BXA6
3730,Q9BXA9
3731,Q9BXG8
3733,Q9BXT4
3734,Q9BXT6
3735,Q9BY66
3736,Q9BYE0
3737,Q9BYE7
3738,Q9BYM8
3739,Q9BYU1
3740,Q9BYV9
3742,Q9BZ95
3744,Q9BZE3
3745,Q9BZI1
3746,Q9BZK7
3747,Q9BZL6
3748,Q9BZM3
3749,Q9BZR9
3750,Q9BZS1
3751,Q9C009
3752,Q9C056
3753,Q9C0A1
3754,Q9C0A6
3755,Q9C0D4
3757,Q9C0G0
3758,Q9C0J9
3759,Q9C0K0
3760,Q9GZU2
3761,Q9GZV8
3762,Q9GZX5
3763,Q9H091
3764,Q9H0A0
3765,Q9H0D2
3766,Q9H0E7
3768,Q9H0M4
3769,Q9H0U9
3770,Q9H0W7
3771,Q9H116
3772,Q9H147
3773,Q9H160
3774,Q9H161
3775,Q9H165
3778,Q9H2C1
3779,Q9H2F5
3780,Q9H2P0
3781,Q9H2S9
3783,Q9H2X6
3784,Q9H2Z4
3785,Q9H334
3787,Q9H3R0
3788,Q9H4I2
3790,Q9H4L7
3791,Q9H4Q3
3792,Q9H4Q4
3793,Q9H4S2
3794,Q9H4T2
3797,Q9H4Z2
3799,Q9H5J0
3800,Q9H5L6
3801,Q9H5V7
3802,Q9H609
3803,Q9H6B1
3804,Q9H6W3
3805,Q9H707
3806,Q9H7B4
3807,Q9H7E2
3808,Q9H7E2-3
3809,Q9H7L9
3810,Q9H7R5
3811,Q9H7S9
3812,Q9H7Z6
3814,Q9H8M2
3815,Q9H8N7
3816,Q9H930
3817,Q9H981
3818,Q9H9A7
3820,Q9H9T3
3822,Q9HAK2
3824,Q9HAZ2
3825,Q9HBE1
3826,Q9HBU1
3828,Q9HC52
3829,Q9HC62
3830,Q9HC78
3831,Q9HCC6
3832,Q9HCE1
3835,Q9HCK0
3836,Q9HCK8
3837,Q9HCL3
3838,Q9HCM1
3839,Q9HCM7
3841,Q9HCU9
3842,Q9HD90
3843,Q9NP08
3846,Q9NPC7
3848,Q9NPD3
3849,Q9NPD8
3852,Q9NQ33
3853,Q9NQ87
3854,Q9NQ94
3857,Q9NQL9
3858,Q9NQR1
3859,Q9NQT4
3860,Q9NQT5
3861,Q9NQV5
3863,Q9NQW5
3864,Q9NQX0
3865,Q9NQX1
3866,Q9NQX6
3867,Q9NR22
3868,Q9NR30
3869,Q9NR48
3870,Q9NR83
3871,Q9NRE2
3872,Q9NRL2
3873,Q9NRM2
3874,Q9NRY4
3875,Q9NRZ9
3877,Q9NS56
3878,Q9NS73
3879,Q9NSC2
3880,Q9NSD4
3881,Q9NSI6
3882,Q9NU39
3883,Q9NU63
3884,Q9NUA8
3885,Q9NV66
3886,Q9NVM4
3887,Q9NVP2
3888,Q9NVW2
3889,Q9NWK9
3890,Q9NWS9
3891,Q9NWT6
3892,Q9NX45
3893,Q9NXR8
3894,Q9NXW9
3895,Q9NY27
3896,Q9NY43
3897,Q9NYD6
3898,Q9NYS7
3899,Q9NZC4
3901,Q9NZI6
3902,Q9NZI7
3903,Q9NZL3
3904,Q9NZR4
3905,Q9NZV7
3906,Q9P0J1
3907,Q9P0J7
3909,Q9P0W2
3910,Q9P1Z0
3911,Q9P215
3912,Q9P243
3913,Q9P275
3914,Q9P2D1
3915,Q9P2F9
3916,Q9P2K3
3917,Q9P2L0
3918,Q9P2N6
3919,Q9P2Y4
3922,Q9UBC3
3923,Q9UBD0
3924,Q9UBG7
3926,Q9UBN7
3927,Q9UBP5
3929,Q9UBR4-2
3930,Q9UBU8
3931,Q9UBW7
3932,Q9UBX0
3933,Q9UD57
3934,Q9UEG4
3935,Q9UFB7
3936,Q9UFC0
3937,Q9UFW8
3938,Q9UGJ0
3940,Q9UGL1-2
3941,Q9UGN5
3943,Q9UGU5
3945,Q9UHE5
3946,Q9UHF7
3947,Q9UHI6
3948,Q9UHJ3
3949,Q9UHL9
3950,Q9UHR5
3951,Q9UI36
3952,Q9UI36-2
3953,Q9UID6
3954,Q9UIF8
3955,Q9UIF9
3956,Q9UIG0
3958,Q9UIS9
3961,Q9UJQ4
3963,Q9UJU5
3964,Q9UJV8
3965,Q9UJW3
3966,Q9UK13
3967,Q9UK80
3969,Q9UKI8
3970,Q9UKI9
3971,Q9UKL0
3972,Q9UKN5
3973,Q9UKN8
3974,Q9UKS7
3975,Q9UKT9
3976,Q9UKV0
3978,Q9UKY1
3979,Q9UL36
3980,Q9UL40
3981,Q9UL49
3982,Q9UL59
3984,Q9ULC6
3985,Q9ULD4
3987,Q9ULD9
3988,Q9ULG1
3989,Q9ULI0
3990,Q9ULJ3
3991,Q9ULL5
3992,Q9ULM3
3993,Q9ULU4
3994,Q9ULU4-10
3995,Q9ULV5
3996,Q9ULW6
3997,Q9ULW8
3999,Q9UM07
4003,Q9UMS4
4004,Q9UN79
4005,Q9UNL4
4006,Q9UNX4
4007,Q9UNY5
4009,Q9UPM6
4010,Q9UPN9
4011,Q9UPP1
4013,Q9UPW6
4014,Q9UQ80
4015,Q9UQB9
4016,Q9UQE7
4017,Q9UQR0
4019,Q9Y230
4020,Q9Y232
4021,Q9Y232-2
4022,Q9Y235
4024,Q9Y265
4026,Q9Y2D9
4027,Q9Y2E6
4029,Q9Y2G1-2
4031,Q9Y2K1
4032,Q9Y2K7
4033,Q9Y2R4
4034,Q9Y2V3
4035,Q9Y2W6
4036,Q9Y2W7
4037,Q9Y2X9
4039,Q9Y330
4040,Q9Y3B9
4041,Q9Y3Y2
4043,Q9Y462
4044,Q9Y466
4045,Q9Y467
4046,Q9Y473
4047,Q9Y478
4048,Q9Y483
4053,Q9Y4E5-4
4054,Q9Y4E8
4055,Q9Y4X4
4057,Q9Y543
4058,Q9Y5A6
4059,Q9Y5B9
4060,Q9Y5J3
4061,Q9Y5R5
4063,Q9Y5T5
4065,Q9Y5X4
4066,Q9Y5Z7
4067,Q9Y603
4068,Q9Y618
4069,Q9Y651
4071,Q9Y6I4
4073,Q9Y6K1
4075,Q9Y6X0
4076,Q9Y6X8
