,Gene,Ensembl,Single Cell Type RNA - Adipocytes [nTPM],Single Cell Type RNA - Alveolar cells type 1 [nTPM],Single Cell Type RNA - Alveolar cells type 2 [nTPM],Single Cell Type RNA - Astrocytes [nTPM],Single Cell Type RNA - B-cells [nTPM],Single Cell Type RNA - Basal keratinocytes [nTPM],Single Cell Type RNA - Basal prostatic cells [nTPM],Single Cell Type RNA - Basal respiratory cells [nTPM],Single Cell Type RNA - Basal squamous epithelial cells [nTPM],Single Cell Type RNA - Bipolar cells [nTPM],Single Cell Type RNA - Breast glandular cells [nTPM],Single Cell Type RNA - Breast myoepithelial cells [nTPM],Single Cell Type RNA - Cardiomyocytes [nTPM],Single Cell Type RNA - Cholangiocytes [nTPM],Single Cell Type RNA - Ciliated cells [nTPM],Single Cell Type RNA - Club cells [nTPM],Single Cell Type RNA - Collecting duct cells [nTPM],Single Cell Type RNA - Cone photoreceptor cells [nTPM],Single Cell Type RNA - Cytotrophoblasts [nTPM],Single Cell Type RNA - dendritic cells [nTPM],Single Cell Type RNA - Distal enterocytes [nTPM],Single Cell Type RNA - Distal tubular cells [nTPM],Single Cell Type RNA - Ductal cells [nTPM],Single Cell Type RNA - Early spermatids [nTPM],Single Cell Type RNA - Endometrial stromal cells [nTPM],Single Cell Type RNA - Endothelial cells [nTPM],Single Cell Type RNA - Enteroendocrine cells [nTPM],Single Cell Type RNA - Erythroid cells [nTPM],Single Cell Type RNA - Excitatory neurons [nTPM],Single Cell Type RNA - Exocrine glandular cells [nTPM],Single Cell Type RNA - Extravillous trophoblasts [nTPM],Single Cell Type RNA - Fibroblasts [nTPM],Single Cell Type RNA - Gastric mucus-secreting cells [nTPM],Single Cell Type RNA - Glandular and luminal cells [nTPM],Single Cell Type RNA - granulocytes [nTPM],Single Cell Type RNA - Granulosa cells [nTPM],Single Cell Type RNA - Hepatocytes [nTPM],Single Cell Type RNA - Hofbauer cells [nTPM],Single Cell Type RNA - Horizontal cells [nTPM],Single Cell Type RNA - Inhibitory neurons [nTPM],Single Cell Type RNA - Intestinal goblet cells [nTPM],Single Cell Type RNA - Ionocytes [nTPM],Single Cell Type RNA - Kupffer cells [nTPM],Single Cell Type RNA - Langerhans cells [nTPM],Single Cell Type RNA - Late spermatids [nTPM],Single Cell Type RNA - Leydig cells [nTPM],Single Cell Type RNA - Lymphatic endothelial cells [nTPM],Single Cell Type RNA - Macrophages [nTPM],Single Cell Type RNA - Melanocytes [nTPM],Single Cell Type RNA - Mesothelial cells [nTPM],Single Cell Type RNA - Microglial cells [nTPM],Single Cell Type RNA - monocytes [nTPM],Single Cell Type RNA - Mucus glandular cells [nTPM],Single Cell Type RNA - Muller glia cells [nTPM],Single Cell Type RNA - NK-cells [nTPM],Single Cell Type RNA - Oligodendrocyte precursor cells [nTPM],Single Cell Type RNA - Oligodendrocytes [nTPM],Single Cell Type RNA - Oocytes [nTPM],Single Cell Type RNA - Ovarian stromal cells [nTPM],Single Cell Type RNA - Pancreatic endocrine cells [nTPM],Single Cell Type RNA - Paneth cells [nTPM],Single Cell Type RNA - Peritubular cells [nTPM],Single Cell Type RNA - Plasma cells [nTPM],Single Cell Type RNA - Prostatic glandular cells [nTPM],Single Cell Type RNA - Proximal enterocytes [nTPM],Single Cell Type RNA - Proximal tubular cells [nTPM],Single Cell Type RNA - Rod photoreceptor cells [nTPM],Single Cell Type RNA - Salivary duct cells [nTPM],Single Cell Type RNA - Schwann cells [nTPM],Single Cell Type RNA - Secretory cells [nTPM],Single Cell Type RNA - Serous glandular cells [nTPM],Single Cell Type RNA - Sertoli cells [nTPM],Single Cell Type RNA - Skeletal myocytes [nTPM],Single Cell Type RNA - Smooth muscle cells [nTPM],Single Cell Type RNA - Spermatocytes [nTPM],Single Cell Type RNA - Spermatogonia [nTPM],Single Cell Type RNA - Squamous epithelial cells [nTPM],Single Cell Type RNA - Suprabasal keratinocytes [nTPM],Single Cell Type RNA - Syncytiotrophoblasts [nTPM],Single Cell Type RNA - T-cells [nTPM],Single Cell Type RNA - Undifferentiated cells [nTPM]
0,POLR2J,ENSG00000005075,87.8,71.4,101.6,17.0,75.9,95.5,101.4,181.5,76.2,37.8,150.4,155.9,180.8,78.2,94.6,115.9,130.3,52.7,203.0,76.9,227.0,307.3,129.9,50.9,62.2,86.5,112.8,146.4,5.4,147.7,208.2,96.6,76.6,74.7,85.1,150.4,253.7,211.8,24.5,5.9,137.9,130.3,97.8,105.9,38.5,121.5,88.5,97.1,146.0,66.3,4.5,103.6,70.4,167.6,92.1,8.0,10.1,679.3,158.7,139.2,171.0,103.1,119.4,111.2,224.8,234.4,33.5,69.1,69.6,106.7,103.7,73.4,112.2,96.7,123.6,234.4,115.6,132.0,188.5,85.9,121.2
0,CREBBP,ENSG00000005339,45.6,32.7,30.4,86.4,41.1,45.2,34.0,16.2,34.3,27.0,31.6,24.1,50.9,34.3,27.0,34.8,11.7,15.3,17.2,58.8,27.3,3.1,22.9,34.3,52.1,39.8,24.9,25.8,85.7,21.8,11.1,40.7,32.4,57.4,31.4,29.1,23.0,26.6,36.5,86.0,26.1,18.4,43.4,38.2,81.5,53.0,44.3,53.3,17.2,36.1,83.2,91.1,60.0,31.1,61.2,104.7,94.2,17.6,33.0,6.8,21.2,52.2,31.2,46.6,20.3,9.4,16.5,62.9,40.3,28.1,41.2,38.1,48.8,39.7,36.1,44.4,32.0,45.7,32.2,49.9,23.8
0,PAF1,ENSG00000006712,25.8,20.3,26.7,9.0,44.5,41.1,31.7,29.9,50.3,14.2,28.9,26.6,42.1,21.0,37.4,26.7,19.4,20.4,39.9,42.9,22.7,18.4,26.4,50.4,24.8,24.5,23.0,14.9,3.6,21.5,31.2,28.5,37.7,60.6,36.0,25.2,23.2,22.9,9.4,4.6,21.7,26.9,14.8,62.8,26.2,35.1,17.0,30.0,15.5,32.7,1.8,64.6,36.4,24.5,34.8,6.1,8.2,30.9,39.3,23.8,23.1,25.9,44.8,23.3,26.7,22.5,13.2,35.0,65.1,34.4,20.9,21.8,19.5,27.3,89.6,24.7,38.3,44.7,71.1,43.9,19.0
0,MED24,ENSG00000008838,15.5,16.9,31.7,12.4,12.1,10.1,11.0,193.3,12.6,14.0,31.7,24.0,7.5,13.4,44.8,55.2,21.4,15.3,28.9,6.1,29.2,9.2,15.9,13.9,9.8,38.8,29.9,20.6,17.0,19.5,23.5,11.5,42.4,27.7,6.6,10.6,12.6,18.3,10.7,19.5,29.1,220.2,15.7,10.7,7.4,7.8,16.4,10.5,5.2,16.3,8.9,7.4,12.8,8.2,9.9,12.7,13.0,1.5,8.1,15.3,56.5,8.4,16.1,10.7,21.4,16.7,15.3,51.8,16.3,56.1,22.2,8.2,14.6,10.2,12.6,13.4,11.5,13.5,20.7,10.7,28.5
0,ELOA,ENSG00000011007,24.1,60.2,79.2,8.4,31.5,43.4,28.1,29.8,29.5,15.3,20.7,16.2,31.1,34.3,18.6,28.5,13.6,8.5,29.2,41.6,17.9,9.2,36.7,22.1,27.1,30.0,20.2,10.2,9.7,29.6,39.0,28.6,11.8,24.1,26.8,18.0,49.0,26.6,13.2,10.9,21.7,19.1,23.4,26.7,5.3,18.6,33.3,26.3,25.8,25.1,12.5,33.8,24.3,15.4,28.4,8.0,12.5,14.7,18.5,42.4,19.5,10.8,29.8,34.0,13.3,17.6,18.5,28.3,26.8,22.3,34.9,8.2,17.6,21.5,55.1,27.9,32.0,52.7,48.8,25.5,15.4
0,DPF1,ENSG00000011332,0.3,0.0,0.0,3.1,0.1,1.3,0.0,1.0,0.0,13.0,0.2,0.7,0.2,0.0,4.0,0.1,0.0,3.4,0.2,0.0,0.0,0.0,0.0,16.9,2.1,0.2,0.0,1.1,23.7,0.5,2.3,0.3,0.0,0.4,0.0,2.2,0.0,0.1,27.1,15.6,0.0,0.0,0.0,0.3,27.7,0.3,0.0,0.0,0.0,0.2,0.9,0.0,0.0,4.9,0.0,11.8,4.5,1.5,0.3,0.0,0.0,2.4,0.5,0.0,0.1,0.0,3.4,0.1,0.5,0.1,0.0,2.7,1.0,1.1,9.2,10.6,0.3,0.9,0.1,0.1,0.6
0,MNAT1,ENSG00000020426,29.0,26.8,34.4,86.4,30.3,29.6,32.7,84.9,24.2,36.1,28.7,38.0,76.3,30.5,74.6,44.5,33.1,51.0,51.9,58.0,5.0,70.7,31.1,7.9,33.2,28.7,13.3,16.0,352.9,33.7,36.9,36.7,25.4,59.0,26.8,46.3,29.5,18.1,35.9,214.3,13.5,61.8,5.8,10.2,5.3,31.7,40.5,14.4,20.6,38.2,114.5,15.4,34.9,43.7,52.5,184.4,137.9,27.9,46.1,42.4,11.6,28.7,28.4,24.9,4.0,76.4,51.4,34.2,22.4,53.4,30.8,29.9,92.7,36.0,55.2,37.7,25.4,25.3,34.7,35.2,23.5
0,BRD9,ENSG00000028310,33.5,38.0,22.1,12.4,29.8,32.4,20.6,10.6,31.7,59.6,21.4,17.2,23.5,26.7,22.9,18.4,25.3,35.7,16.7,18.8,19.6,21.5,21.7,81.2,64.6,26.3,22.0,16.6,9.0,23.6,29.9,27.2,41.9,37.6,27.7,22.1,21.9,19.3,56.0,7.9,26.0,12.1,26.0,20.6,59.1,18.6,44.0,24.9,30.9,16.6,6.3,55.5,24.6,22.5,57.3,8.5,11.0,27.2,37.1,20.4,17.5,16.7,27.1,16.5,19.4,22.1,82.5,28.8,28.0,21.4,21.9,19.0,26.3,25.5,45.9,50.8,31.3,28.6,19.8,50.3,21.1
0,ARID4A,ENSG00000032219,56.1,20.2,44.6,65.3,75.4,38.3,38.6,21.9,58.1,86.9,29.7,40.0,81.6,26.7,23.3,30.3,29.2,47.6,20.5,69.4,31.6,15.4,23.6,21.7,35.5,50.0,32.9,30.1,91.0,23.6,24.6,38.5,20.0,50.2,88.1,32.3,37.4,34.4,62.3,75.3,35.6,18.0,52.9,52.9,8.4,35.4,44.4,60.0,25.8,29.7,60.8,89.5,42.1,52.1,69.4,81.1,85.1,90.4,52.9,22.1,36.1,37.4,43.7,27.2,37.3,13.0,55.3,38.2,70.8,44.6,47.2,16.3,27.3,41.9,38.5,35.7,51.1,40.0,23.1,79.3,31.3
0,MED17,ENSG00000042429,8.0,5.6,5.1,15.5,27.5,11.3,7.8,8.9,18.6,24.5,9.5,3.7,4.4,7.6,7.7,7.2,7.8,17.0,15.1,35.1,6.9,3.1,15.3,0.1,11.9,9.8,12.9,8.2,24.9,19.4,13.5,8.5,14.1,9.6,21.9,11.8,3.5,5.8,17.0,26.6,8.3,10.3,6.0,14.7,1.3,9.1,15.3,10.1,18.9,7.6,18.8,17.6,17.2,5.9,24.1,20.8,23.4,2.2,14.5,6.8,7.4,10.4,15.2,5.8,9.1,2.6,49.4,11.4,10.4,8.5,3.0,2.7,11.7,9.6,10.7,7.1,13.2,7.8,13.8,23.2,11.5
0,POLR2B,ENSG00000047315,36.9,34.4,34.3,25.4,61.1,42.3,33.5,61.4,32.4,47.6,31.1,27.5,74.1,30.5,57.5,43.4,42.8,27.2,49.5,74.2,31.0,24.6,62.8,6.4,50.9,37.8,29.9,38.7,30.0,70.9,30.9,37.0,51.9,40.7,34.4,23.7,25.0,28.9,39.0,30.6,32.6,54.5,41.2,41.7,5.8,55.4,52.0,40.2,39.5,32.8,32.2,60.1,40.1,25.6,107.6,22.2,37.6,9.6,51.7,25.5,31.4,39.0,42.1,33.6,30.0,32.2,47.8,35.2,34.5,34.2,29.3,51.7,47.8,36.2,75.6,62.2,31.3,38.7,40.5,69.7,32.7
0,ARID1B,ENSG00000049618,86.0,55.7,82.9,268.1,137.4,77.3,99.9,47.2,71.4,167.1,67.7,42.1,49.9,43.9,79.4,102.2,89.5,142.7,43.9,164.5,49.1,9.2,45.2,28.8,113.6,76.7,72.6,57.0,390.7,63.8,18.9,75.5,45.4,67.5,195.5,61.8,45.1,41.8,230.4,455.0,78.0,60.0,90.4,107.2,29.5,141.4,85.2,76.5,72.1,49.9,312.2,113.2,119.7,65.3,138.0,391.9,468.8,12.5,91.7,25.5,63.5,106.3,63.4,106.8,70.4,18.6,279.8,128.4,140.4,57.1,101.4,70.7,148.3,79.1,18.2,29.5,64.7,81.6,51.5,98.9,64.3
0,ARID4B,ENSG00000054267,144.5,39.4,54.7,102.2,144.8,101.2,92.6,62.1,88.9,100.7,87.3,93.3,103.4,45.8,80.8,85.0,29.2,73.1,65.4,184.1,43.0,9.2,76.0,304.6,120.8,117.1,65.8,39.7,151.7,65.1,79.3,88.0,62.5,150.8,142.2,78.7,26.4,51.9,91.3,151.7,58.2,52.3,61.0,144.6,543.4,100.2,104.9,98.8,65.3,75.7,102.9,183.9,119.7,62.2,264.9,135.8,283.1,55.9,102.4,40.8,44.3,77.3,61.8,116.6,41.8,20.1,133.2,127.1,101.9,81.4,72.2,70.7,93.7,96.0,249.1,146.7,61.3,90.7,163.4,205.6,45.0
0,MED29,ENSG00000063322,31.4,24.0,35.2,8.4,36.6,23.4,40.3,30.7,23.3,17.7,46.1,59.3,30.8,21.0,40.8,30.2,29.2,15.3,36.7,47.7,43.0,36.9,26.0,52.1,39.0,29.3,31.4,14.5,7.8,24.3,33.8,36.1,119.7,46.6,43.8,42.7,49.1,44.8,12.6,9.7,33.1,32.4,41.3,77.3,70.7,39.2,31.6,49.7,27.5,33.1,8.1,104.1,37.4,33.9,31.3,5.2,12.6,50.7,46.9,35.7,54.9,31.5,47.3,41.9,78.2,56.2,12.0,30.8,55.6,40.5,30.7,46.2,48.8,36.0,31.1,15.3,27.7,26.8,30.0,43.1,27.3
0,CDK13,ENSG00000065883,43.9,34.9,35.3,124.8,85.0,42.9,40.5,27.8,37.5,84.7,34.7,27.2,45.9,32.4,49.1,43.0,27.2,78.2,26.5,81.1,35.1,9.2,21.4,19.7,44.7,43.9,38.5,15.5,173.0,28.4,17.7,37.5,34.8,60.1,45.0,48.3,28.4,21.8,77.4,159.2,41.3,35.3,35.8,41.0,10.0,46.9,74.6,44.4,34.4,30.3,138.7,51.6,61.6,35.7,120.5,161.3,185.7,5.9,51.1,10.2,21.8,37.4,34.5,43.0,27.4,11.0,145.3,71.0,36.0,40.1,48.6,43.5,68.3,36.2,57.3,48.9,43.4,45.8,27.3,72.3,29.0
0,SMARCD1,ENSG00000066117,29.7,26.9,21.9,10.5,40.5,23.7,25.3,17.1,33.0,28.9,31.8,25.3,5.6,11.4,15.6,23.1,27.2,28.9,21.7,36.9,18.9,73.8,30.4,4.4,37.1,30.1,23.2,23.8,9.0,24.0,18.7,19.3,14.7,31.2,27.3,26.8,16.4,15.2,24.5,10.1,16.1,10.7,9.0,12.8,7.6,15.5,40.7,20.2,32.6,23.2,7.2,26.2,29.9,23.9,43.9,10.4,16.0,25.0,24.4,27.2,14.7,15.5,33.8,18.9,17.9,53.1,26.7,35.1,26.7,35.3,28.3,24.5,19.5,26.1,28.8,35.6,31.2,22.6,8.6,33.5,19.4
0,AFF4,ENSG00000072364,127.9,102.0,98.8,59.1,101.7,81.1,96.7,51.4,126.8,73.5,88.3,77.7,77.9,45.8,73.5,76.4,56.4,49.3,35.2,141.3,61.8,9.2,51.5,234.3,132.1,79.6,47.6,25.0,96.2,62.6,51.3,89.6,190.4,185.0,81.5,119.5,20.7,46.2,75.5,81.5,58.8,71.8,56.9,138.4,223.7,68.9,62.9,113.3,82.5,82.5,58.2,157.4,156.6,53.5,67.3,69.3,98.7,14.0,97.1,40.8,54.6,66.5,75.6,98.8,46.0,34.5,134.4,143.3,116.0,63.6,67.2,62.6,135.6,91.1,33.0,18.7,126.7,99.0,75.4,69.9,30.3
0,SMARCE1,ENSG00000073584,36.3,27.9,21.3,12.4,49.8,22.7,25.1,23.6,46.8,29.6,18.4,23.1,19.4,15.3,22.0,18.4,21.4,28.9,30.7,49.8,8.2,24.6,39.3,19.8,40.0,31.4,25.3,46.8,16.5,25.5,19.0,37.8,36.6,28.5,30.8,31.4,18.9,13.2,26.4,18.0,13.6,18.8,11.7,17.0,5.3,32.4,47.5,21.4,18.9,33.0,18.8,29.3,22.4,26.1,56.5,25.0,30.4,17.6,40.5,28.9,18.2,25.1,31.2,31.8,17.1,33.2,27.2,25.2,29.5,37.7,16.1,10.9,20.5,34.8,24.9,22.2,44.1,24.4,34.8,37.1,19.8
0,ACTB,ENSG00000075624,2604.6,9859.3,3533.8,135.0,4966.0,4057.0,2450.2,5433.3,2955.3,154.7,1447.1,2143.4,240.4,1005.4,1493.3,2497.8,2197.7,181.8,3818.8,2292.1,6040.4,1724.2,5256.0,91.2,2387.2,2438.7,2382.0,3001.7,125.1,4471.7,13764.8,3233.1,3019.1,2114.5,2424.4,1529.2,2393.5,15165.3,248.0,97.0,2436.6,3149.9,5668.0,11521.0,141.8,1739.9,1974.9,7219.3,2937.5,2383.8,247.8,11294.5,1542.0,1692.7,4416.1,109.0,281.4,561.0,2098.6,12442.7,3781.7,2582.7,2934.6,771.1,5657.2,2099.7,98.4,1176.1,6254.5,2523.3,1092.7,3475.8,576.7,4756.2,134.2,398.4,4584.9,4630.6,3815.3,5252.1,2394.2
0,ACTL6B,ENSG00000077080,0.0,0.0,0.0,1.9,0.0,0.0,0.0,0.0,0.2,3.9,0.0,0.2,0.0,0.0,0.0,0.0,0.0,11.9,0.0,0.0,0.0,0.0,0.0,1.6,0.0,0.0,0.0,0.0,21.3,0.0,0.0,0.0,0.6,0.0,0.0,0.0,0.0,0.0,12.0,18.2,0.0,0.0,0.0,0.0,1.9,0.0,0.0,0.0,0.0,0.0,0.9,0.0,0.0,1.2,0.0,3.3,1.2,0.0,0.0,1.7,0.0,0.0,0.0,0.0,0.0,0.0,1.9,0.0,0.1,0.0,0.0,0.0,0.0,0.0,1.1,0.6,0.2,0.1,0.0,0.0,0.0
0,UBE2A,ENSG00000077721,62.7,73.4,41.5,12.1,67.3,89.1,42.5,121.4,54.7,14.5,58.2,44.7,103.3,43.9,69.6,55.3,37.0,27.2,179.7,90.3,170.6,92.2,84.5,69.2,54.5,49.9,52.6,79.6,9.6,70.6,194.7,60.3,37.1,65.3,60.5,29.7,39.8,124.3,13.2,9.0,49.1,82.8,52.9,193.2,12.8,38.1,41.5,86.7,97.9,42.3,15.2,136.4,36.2,50.1,67.5,13.7,16.7,175.7,32.5,149.4,93.7,40.6,85.5,33.7,86.1,123.7,34.0,35.0,66.7,45.7,31.5,40.8,59.5,60.0,50.2,31.3,77.9,111.4,584.3,77.4,49.2
0,MLLT10,ENSG00000078403,33.2,29.6,32.8,147.7,26.4,35.2,19.5,21.3,47.2,34.8,19.4,21.1,35.3,19.1,17.6,21.7,15.6,35.7,35.8,23.9,14.3,12.3,14.4,56.8,24.8,30.8,16.4,29.2,194.5,15.5,66.0,25.2,18.3,20.7,28.2,26.4,20.1,29.2,29.6,162.6,16.1,13.3,27.6,20.7,115.5,38.8,16.4,29.2,46.4,18.0,102.9,23.2,25.0,19.2,19.7,139.1,149.0,23.5,48.8,3.4,16.5,47.4,22.3,22.0,15.9,19.6,60.0,34.2,12.6,13.7,20.3,38.1,33.2,25.8,218.8,55.4,45.8,41.4,57.0,29.9,20.1
0,SMARCA2,ENSG00000080503,82.3,27.2,41.1,233.8,70.9,65.4,102.4,56.2,91.5,63.1,96.3,61.5,119.1,38.2,58.0,55.5,93.4,37.4,128.0,83.9,35.5,12.3,32.8,48.6,58.1,81.5,41.3,38.3,208.9,18.4,28.1,73.0,25.9,40.8,57.8,66.4,54.7,33.3,49.1,251.5,36.9,53.4,58.3,42.6,21.7,80.7,78.8,71.8,51.5,45.8,136.0,150.0,79.7,57.0,121.0,113.2,93.9,57.3,128.6,23.8,23.4,85.2,53.4,74.5,27.9,15.0,59.4,90.1,61.0,48.0,70.6,54.4,84.9,46.9,37.2,19.4,68.8,57.1,105.4,111.5,29.5
0,SMARCD3,ENSG00000082014,3.3,7.9,26.6,31.9,0.8,5.9,10.7,2.8,19.3,9.4,25.9,25.6,60.9,17.2,7.4,6.6,9.7,0.0,0.2,3.0,0.1,30.7,26.1,1.5,16.8,2.9,1.2,0.7,16.2,7.3,0.3,19.2,1.2,3.0,11.2,16.0,0.3,12.0,21.4,22.9,0.0,1.5,14.5,1.4,11.0,36.5,3.6,13.6,5.2,45.8,8.1,3.7,18.7,17.3,0.8,15.1,6.9,4.4,31.1,11.9,0.1,75.7,1.4,1.4,0.0,2.1,3.1,14.2,7.0,24.0,7.5,21.8,73.2,41.1,1.6,20.5,0.5,1.9,0.5,4.5,1.4
0,CCNT2,ENSG00000082258,24.5,28.0,21.9,47.1,37.7,18.5,24.9,17.3,26.6,26.3,21.4,17.8,33.1,17.2,15.9,27.8,11.7,22.1,12.2,30.3,19.3,6.1,17.9,3.6,27.0,22.4,14.6,12.7,71.1,23.8,9.9,20.7,34.8,25.9,29.0,23.1,16.0,10.2,32.7,67.1,18.9,16.2,15.1,22.7,14.6,14.5,35.9,25.0,10.3,11.6,50.1,39.9,25.8,11.6,32.3,72.2,76.2,11.8,23.3,3.4,7.7,20.3,20.3,31.0,16.4,6.8,32.9,22.7,30.3,19.2,21.2,19.0,25.4,20.3,17.8,22.9,23.6,17.1,15.2,30.7,13.8
0,KAT6A,ENSG00000083168,93.9,37.4,34.7,60.7,58.3,49.7,38.5,15.9,19.1,56.7,32.3,22.5,34.6,19.1,28.8,31.7,17.5,45.9,16.3,63.7,20.3,6.1,16.3,3.8,48.7,68.2,30.9,35.1,60.6,16.4,18.9,34.5,22.4,43.8,51.7,30.4,22.7,19.4,62.3,73.3,27.6,19.1,40.9,38.1,3.0,29.0,63.4,52.1,22.3,20.4,115.4,100.6,58.6,29.7,99.2,87.7,120.2,8.8,33.5,11.9,10.2,24.7,29.7,53.9,21.5,11.5,71.7,55.1,62.7,29.9,45.5,29.9,70.3,40.4,41.2,37.8,24.5,59.3,25.0,79.7,19.1
0,NCOA1,ENSG00000084676,38.3,48.5,34.9,443.4,21.0,25.6,31.0,8.2,13.1,92.8,31.5,26.4,51.9,11.4,17.4,33.1,13.6,54.4,13.8,42.6,30.2,6.1,18.1,39.8,35.6,37.1,25.1,25.1,302.4,24.0,20.3,41.0,20.0,29.0,39.5,33.2,20.5,23.9,52.9,404.0,21.8,9.2,33.8,34.7,4.6,46.6,12.6,40.4,18.9,23.2,326.5,54.0,40.9,62.1,72.8,431.1,284.7,17.6,26.4,8.5,38.7,41.4,16.3,15.7,28.0,11.0,66.6,48.8,41.5,22.1,42.9,32.6,72.2,36.5,39.1,34.8,17.4,38.4,5.4,35.8,19.1
0,HUWE1,ENSG00000086758,37.8,79.4,61.8,66.6,45.4,52.6,48.0,29.5,46.8,52.5,34.2,29.7,151.2,34.3,34.8,41.2,33.1,22.1,30.9,44.2,28.3,0.0,44.6,28.9,56.4,46.9,36.8,37.2,91.2,38.2,34.5,40.5,51.3,64.7,33.2,57.8,39.5,24.0,57.9,82.1,27.4,26.1,31.3,32.1,32.5,26.7,46.0,43.1,32.6,68.1,56.4,46.6,72.9,24.2,47.0,78.8,88.7,21.3,32.2,22.1,17.3,36.2,49.0,69.6,23.7,12.8,32.0,72.3,44.2,52.7,63.2,29.9,82.0,46.6,37.3,38.7,53.1,63.9,35.1,54.8,30.7
0,ATXN7L3,ENSG00000087152,13.8,26.9,14.1,5.3,9.5,13.0,17.8,7.8,8.4,15.4,12.6,8.3,3.1,3.8,9.7,12.3,17.5,13.6,6.2,15.2,15.1,3.1,7.9,8.0,16.0,13.4,12.2,1.5,8.8,12.9,7.2,8.7,10.6,19.8,10.6,8.6,6.9,9.1,31.5,8.2,11.7,8.5,13.6,11.0,40.0,7.8,5.6,13.2,1.7,10.8,8.1,18.9,16.9,8.1,10.7,2.8,4.9,1.5,5.0,3.4,12.9,6.0,6.8,8.2,11.2,4.4,12.5,15.8,11.3,11.8,14.2,5.4,2.0,9.1,5.2,9.5,10.9,16.8,14.8,13.3,9.6
0,CCNK,ENSG00000090061,27.7,27.6,34.6,13.0,38.5,37.1,27.7,29.2,32.1,14.4,27.4,21.5,12.7,17.2,29.8,29.0,23.3,20.4,23.0,49.9,30.6,12.3,19.1,58.8,38.3,27.3,20.2,30.8,13.2,21.7,30.8,27.9,47.2,50.4,35.4,28.0,19.0,26.2,22.7,13.4,37.1,35.7,31.8,35.7,20.6,21.3,28.0,41.1,6.9,24.2,16.1,96.5,34.0,13.8,63.2,13.2,17.2,93.4,25.4,11.9,31.3,15.9,37.6,22.7,23.6,18.2,31.1,36.0,45.3,30.9,25.3,21.8,40.0,21.1,77.2,61.2,34.5,43.0,29.6,48.1,28.9
0,SUPT16H,ENSG00000092201,38.3,57.1,70.7,22.9,55.2,59.8,62.2,47.6,44.1,40.2,45.6,43.7,87.6,19.1,46.0,46.0,50.6,42.5,67.5,73.5,18.2,21.5,66.2,166.4,117.6,52.3,21.5,66.9,26.5,42.5,62.1,63.6,27.1,61.9,66.3,67.2,27.8,35.8,34.6,28.8,25.4,28.7,33.6,24.6,90.5,58.7,52.1,45.2,25.8,62.6,19.7,40.3,55.8,41.2,71.2,15.1,23.5,53.7,60.0,50.9,12.8,55.8,51.9,46.7,14.6,29.7,41.0,65.0,55.9,91.6,44.3,32.6,46.8,60.4,132.2,150.5,40.1,47.5,46.4,60.8,61.2
0,SETD1A,ENSG00000099381,7.4,8.8,7.7,8.7,8.4,12.4,6.2,3.8,16.0,6.5,8.6,7.3,1.8,3.8,5.2,5.9,7.8,3.4,4.7,10.8,5.3,0.0,4.6,2.5,7.5,9.0,10.2,9.5,6.2,4.7,3.6,7.0,4.7,7.4,3.0,6.2,7.4,5.9,6.3,5.8,4.8,4.4,4.4,5.5,2.8,8.4,10.5,6.9,8.6,10.5,6.3,7.2,7.1,4.2,7.5,2.4,5.3,3.7,6.4,1.7,5.8,12.3,8.8,5.5,3.6,2.6,4.0,8.4,9.9,5.3,3.6,5.4,8.8,7.7,17.2,23.0,14.8,12.2,3.3,8.9,6.5
0,BCL7C,ENSG00000099385,73.6,59.3,45.2,20.7,36.4,46.8,41.8,19.7,37.2,12.4,69.7,104.4,21.3,43.9,32.6,38.8,64.2,13.6,55.6,26.8,33.4,138.3,30.1,22.1,50.4,62.0,33.2,39.4,7.4,30.9,62.1,72.9,25.4,45.5,68.8,51.4,24.9,52.5,12.0,19.9,33.5,8.1,24.9,47.0,24.3,52.3,184.7,40.1,46.4,38.7,16.1,46.0,28.2,48.5,77.5,20.8,19.9,5.1,79.2,50.9,28.7,49.8,21.8,40.8,41.4,74.9,12.4,38.7,47.9,103.7,33.7,19.0,32.2,75.6,4.8,3.2,51.0,46.1,21.4,58.8,81.4
0,POLR2E,ENSG00000099817,70.7,79.7,101.6,7.7,68.9,96.7,56.1,152.3,71.4,61.5,81.3,86.6,58.4,63.0,70.2,70.8,62.2,54.4,251.8,58.1,103.5,107.6,132.8,23.8,68.4,69.2,85.4,80.6,12.6,122.1,270.2,93.0,63.1,63.1,49.9,63.5,98.8,257.7,46.0,13.4,76.4,90.2,81.0,246.7,29.8,68.2,47.5,99.4,103.1,122.2,6.3,97.8,42.3,78.5,77.1,4.2,9.9,391.1,86.2,149.4,91.3,60.5,98.3,68.2,160.1,185.3,42.5,43.2,60.8,77.8,61.2,46.2,61.5,81.5,111.9,79.1,107.8,109.8,228.2,68.5,126.2
0,MED15,ENSG00000099917,23.9,49.9,27.5,25.1,20.2,29.7,19.0,23.5,21.9,20.9,18.3,16.6,7.2,13.4,28.2,24.6,23.3,6.8,47.7,14.8,40.5,9.2,29.3,24.9,24.6,25.0,16.3,15.2,30.3,29.0,43.7,23.1,41.3,40.7,16.6,13.5,6.9,29.0,21.4,31.4,24.9,23.2,20.3,29.4,25.7,13.5,24.1,33.5,29.2,21.8,33.1,42.3,25.6,13.3,53.3,20.3,26.2,22.1,15.7,27.2,36.7,13.9,15.5,16.0,30.8,12.2,19.5,21.0,24.2,13.5,12.6,27.2,11.7,21.6,21.9,13.7,25.1,27.6,61.3,40.8,20.9
0,SMARCB1,ENSG00000099956,31.0,38.4,46.7,16.1,117.3,50.3,29.7,80.9,52.3,67.5,44.5,55.2,6.5,34.3,40.5,48.2,58.3,47.6,127.2,99.6,46.0,70.7,84.5,61.7,53.4,35.5,50.0,50.2,13.6,57.3,251.4,46.2,41.9,43.6,33.1,75.8,24.6,71.6,39.0,17.6,50.3,58.9,22.0,44.7,97.5,38.8,38.1,35.8,63.6,52.0,15.2,41.6,31.7,84.5,44.0,16.0,16.8,289.7,90.8,62.8,50.4,30.3,148.4,31.0,45.1,79.4,49.5,35.4,29.0,57.7,26.4,40.8,24.4,50.9,137.7,166.0,63.9,58.2,157.4,39.5,78.9
0,POLR2F,ENSG00000100142,83.6,62.8,96.3,9.0,60.0,155.0,70.6,196.6,70.9,27.1,138.7,139.4,136.5,99.2,95.1,97.1,124.5,35.7,255.8,46.6,135.8,172.1,141.1,154.9,120.4,88.5,106.9,129.3,9.6,120.4,322.6,107.9,57.8,90.3,71.6,111.2,354.0,171.6,25.8,10.2,118.3,126.6,78.0,80.1,27.3,153.9,91.0,65.2,249.1,95.2,2.7,59.2,71.9,99.3,79.4,9.0,92.2,194.1,145.6,185.1,126.0,147.8,83.4,61.0,186.6,310.7,24.2,61.6,102.5,98.7,90.0,179.5,86.8,102.9,255.9,204.1,108.4,176.8,203.7,75.5,140.6
0,EP300,ENSG00000100393,40.4,41.3,39.4,55.1,49.9,37.1,53.2,16.4,35.0,35.8,30.5,26.2,38.9,38.2,32.7,33.6,23.3,28.9,17.7,82.8,36.6,3.1,17.9,11.1,49.1,37.9,28.3,37.8,69.3,23.1,19.0,33.6,23.0,62.0,47.2,25.5,21.8,21.3,32.7,70.5,30.5,19.5,52.3,41.2,9.0,27.3,33.3,67.3,27.5,37.3,43.8,147.4,58.1,25.6,60.7,76.4,74.7,8.8,22.5,8.5,37.0,26.7,41.2,54.6,17.0,10.3,29.7,58.7,73.7,38.5,40.4,27.2,37.1,35.5,24.7,28.3,30.3,38.0,33.4,50.8,18.7
0,NELFCD,ENSG00000101158,21.7,29.3,31.2,17.3,44.8,39.2,25.8,40.6,38.8,63.7,33.7,36.2,2.1,45.8,25.9,30.4,19.4,47.6,136.0,20.8,15.3,46.1,52.4,13.4,32.5,26.3,25.8,56.5,22.3,35.1,66.0,26.7,24.8,26.7,23.7,42.0,22.7,31.9,40.3,21.8,21.3,33.5,15.6,25.1,29.8,36.1,50.2,23.3,34.4,37.2,9.8,20.2,29.6,45.8,42.8,19.8,22.0,22.8,60.6,62.8,26.5,25.5,35.9,32.2,26.9,43.6,63.2,24.3,24.7,38.6,21.8,49.0,46.8,30.5,65.3,97.8,38.6,40.3,101.5,44.2,41.5
0,SMARCA1,ENSG00000102038,21.0,42.2,35.3,22.9,1.7,19.1,39.6,27.8,33.7,21.6,31.3,16.0,109.9,13.4,22.2,25.8,37.0,47.6,54.3,3.0,0.5,43.0,31.9,2.6,76.7,24.6,18.2,0.4,28.3,11.7,16.6,55.6,25.4,38.2,4.8,74.1,56.9,10.4,25.8,41.6,0.7,14.4,5.5,6.9,11.1,140.4,66.8,5.1,20.6,48.8,21.5,0.2,38.7,43.6,0.1,38.7,16.0,3.7,108.3,28.9,0.0,123.5,2.2,62.3,0.2,38.9,12.7,37.7,12.1,45.8,19.5,103.3,44.9,47.6,9.4,27.8,14.1,9.1,61.9,2.3,4.1
0,SUPT20H,ENSG00000102710,24.7,29.5,24.6,33.1,27.5,16.7,24.0,18.3,19.5,28.3,20.9,24.9,29.0,11.4,37.2,22.5,27.2,13.6,33.3,18.5,12.9,21.5,23.8,203.9,33.9,23.5,22.7,29.4,40.4,20.4,31.7,22.1,28.3,26.1,35.8,35.8,7.6,18.0,24.5,45.7,22.7,18.4,19.7,19.6,15.5,32.4,23.5,23.0,8.6,14.4,51.9,27.1,20.5,16.2,31.1,42.4,55.9,64.7,34.2,13.6,20.6,30.3,22.3,27.4,16.8,14.7,39.8,21.4,16.3,20.4,13.3,16.3,23.4,23.9,278.1,72.3,22.4,15.9,26.9,35.9,19.7
0,POLR2C,ENSG00000102978,46.0,33.6,102.4,10.5,41.3,29.1,43.5,48.9,27.5,77.5,41.8,59.9,16.5,47.7,31.2,35.3,33.1,51.0,82.5,22.7,33.9,61.5,55.2,6.6,24.6,38.7,33.6,41.3,12.9,46.5,87.2,41.6,15.9,23.0,39.3,52.0,27.3,38.2,39.0,13.3,36.7,43.8,22.5,27.1,5.0,50.6,22.4,23.2,39.5,27.9,8.1,30.6,19.9,95.1,58.0,7.5,8.9,72.8,81.9,79.8,39.3,49.4,39.9,33.4,62.2,96.6,77.0,18.3,29.0,51.0,23.7,32.6,35.1,41.2,51.7,66.2,29.2,34.0,91.2,51.6,45.5
0,MAZ,ENSG00000103495,45.9,62.0,47.3,9.0,40.6,54.2,38.8,25.6,35.9,51.2,77.4,62.5,0.0,21.0,56.2,34.7,13.6,32.3,28.8,45.9,142.2,18.4,31.8,1.5,58.5,38.4,107.1,73.9,12.4,43.3,56.3,44.6,33.0,40.0,48.0,45.0,35.8,57.2,37.1,12.4,91.1,23.9,38.1,45.8,3.3,26.0,51.9,46.2,56.7,53.9,8.1,52.7,24.2,30.6,86.5,9.0,13.2,25.7,36.3,45.8,80.4,33.9,48.4,69.3,33.0,21.4,37.1,23.5,55.3,61.8,40.9,32.6,38.1,49.6,21.8,23.6,35.7,36.3,18.0,71.4,98.1
0,KAT8,ENSG00000103510,25.2,24.4,21.9,15.2,33.0,20.1,27.9,18.2,27.5,17.9,23.3,29.9,18.1,19.1,21.6,27.3,13.6,20.4,31.3,19.9,15.4,27.7,21.6,98.5,18.7,23.1,19.3,26.7,15.8,23.4,21.4,27.2,17.1,18.3,39.7,35.4,14.2,34.6,22.0,17.9,25.3,21.7,28.6,29.5,155.1,52.3,23.6,32.3,15.5,22.5,11.6,35.6,30.5,41.0,19.0,10.4,12.2,12.5,65.8,8.5,25.8,53.8,20.2,24.8,25.2,16.2,24.1,30.2,23.7,42.4,47.4,27.2,38.1,32.0,25.8,29.3,18.9,17.1,46.8,26.1,23.2
0,INTS9,ENSG00000104299,3.1,4.3,6.3,27.2,9.3,4.0,3.1,4.4,5.5,1.7,2.4,1.9,6.6,7.6,4.4,4.1,3.9,8.5,7.7,5.4,2.6,3.1,3.7,9.2,5.1,4.2,3.8,7.2,28.5,5.1,4.9,4.9,8.3,5.3,2.4,3.7,1.8,7.0,2.5,30.0,4.2,1.8,5.0,7.6,4.4,8.4,1.4,4.7,3.4,6.8,22.4,4.3,2.6,1.8,5.8,30.2,37.1,17.6,2.2,3.4,3.0,3.6,4.0,4.3,3.8,4.2,7.2,4.7,2.6,4.0,9.1,5.4,5.9,4.0,3.9,3.6,6.9,4.4,4.5,5.4,4.2
0,INTS10,ENSG00000104613,25.4,31.5,39.5,70.6,35.9,40.7,29.4,28.3,46.3,58.1,29.6,20.5,24.7,38.2,65.1,34.6,17.5,52.7,34.8,52.9,26.1,30.7,40.2,41.3,22.7,31.6,36.4,27.3,85.9,35.5,52.6,31.1,26.5,33.0,31.8,28.6,58.8,39.7,64.2,58.5,30.8,24.7,32.6,22.5,42.2,32.7,27.1,35.8,29.2,50.2,35.8,41.8,32.1,32.6,38.1,75.9,69.7,33.1,33.6,20.4,24.1,33.9,54.3,45.1,31.4,32.8,100.7,31.5,34.5,38.8,43.1,24.5,32.2,30.7,8.1,35.5,48.7,40.3,21.1,36.5,47.3
0,ERCC2,ENSG00000104884,4.4,3.9,8.1,5.9,4.2,6.5,5.8,7.6,6.0,6.2,6.4,4.7,4.9,9.5,5.4,7.8,3.9,5.1,11.1,2.2,4.3,9.2,9.6,3.7,4.3,5.6,7.3,4.9,2.8,7.3,11.3,6.2,4.1,3.7,4.2,8.3,10.5,10.1,8.8,2.9,7.3,10.7,7.9,4.0,3.4,7.8,2.4,6.9,6.9,9.6,0.9,5.4,5.7,5.5,3.4,4.7,1.3,64.7,6.3,6.8,4.0,8.4,8.6,6.8,3.5,12.0,5.1,4.3,7.6,6.1,2.9,0.0,1.0,5.7,30.5,11.9,4.9,5.3,3.8,4.4,9.1
0,DOT1L,ENSG00000104885,8.8,27.0,17.2,11.8,10.7,19.3,3.4,5.2,12.0,23.1,10.8,6.9,3.6,3.8,8.2,7.7,5.8,34.0,6.0,14.3,23.0,6.1,13.4,43.0,9.7,9.6,12.0,3.4,7.5,18.4,14.2,7.9,25.4,21.8,8.7,6.5,9.9,12.4,18.3,6.6,13.0,8.5,9.6,33.1,17.4,2.7,3.7,25.7,5.2,7.7,9.8,22.8,13.1,5.4,9.5,9.9,14.0,2.2,2.9,5.1,10.3,3.2,12.7,5.5,27.0,2.9,30.7,14.1,7.3,6.5,10.7,2.7,4.9,6.7,28.5,23.4,12.3,18.3,17.3,6.7,12.4
0,MED25,ENSG00000104973,9.9,15.3,15.0,16.1,18.4,10.1,13.2,16.6,12.6,13.2,17.4,12.2,10.0,9.5,67.3,16.0,19.4,34.0,31.5,20.5,28.0,3.1,23.0,54.4,17.1,10.3,31.6,41.1,10.1,27.2,26.5,12.9,23.6,22.2,8.0,62.1,7.8,24.3,4.4,12.1,23.4,22.1,16.0,17.7,108.4,17.6,25.7,17.6,8.6,27.9,7.2,14.3,16.6,9.9,12.7,9.9,10.1,58.8,29.7,13.6,21.2,15.5,21.2,11.8,27.5,18.1,38.8,13.0,16.2,21.0,8.9,76.2,26.3,11.7,49.1,42.7,11.4,13.4,40.2,13.5,21.5
0,MED26,ENSG00000105085,13.2,6.4,18.7,10.8,9.7,10.2,6.0,3.4,9.1,4.3,13.8,11.7,1.4,3.8,6.6,4.9,5.8,6.8,6.2,59.3,4.5,6.1,4.0,73.4,7.3,5.9,8.9,4.5,8.3,4.7,11.5,6.2,4.7,14.3,10.9,10.6,4.4,4.6,2.5,7.3,5.2,2.9,8.2,10.5,64.1,6.4,3.9,10.3,5.2,2.6,1.8,16.9,6.0,4.9,11.8,6.6,8.0,6.6,5.2,1.7,2.0,3.6,12.3,5.1,3.4,1.8,6.6,7.0,11.2,6.0,8.6,2.7,22.4,6.2,46.4,18.4,11.7,9.5,15.2,11.6,6.5
0,ELL,ENSG00000105656,11.4,6.5,8.7,8.7,12.7,24.1,8.3,11.1,23.3,5.7,19.4,7.3,5.7,7.6,12.9,8.3,1.9,3.4,46.9,42.9,11.8,6.1,8.2,171.8,14.9,10.6,10.3,3.7,8.8,7.5,17.4,12.8,13.0,34.7,7.0,7.2,12.7,21.9,5.7,10.7,12.3,7.0,12.7,20.6,298.0,4.7,11.7,27.6,8.6,12.2,8.9,23.0,13.7,6.5,11.1,6.6,7.4,7.4,6.2,10.2,6.4,2.8,47.1,6.4,10.0,5.9,3.4,9.8,8.9,13.6,4.8,10.9,17.6,13.0,19.0,24.2,18.3,20.9,76.1,20.9,6.2
0,BCL7B,ENSG00000106635,48.2,60.2,41.0,6.5,44.9,42.4,27.5,16.7,31.9,29.8,35.4,34.2,24.1,17.2,24.9,21.9,19.4,25.5,73.7,31.7,53.1,33.8,40.3,9.7,15.7,34.6,33.4,20.1,10.0,31.8,45.0,30.3,26.5,30.4,53.2,25.5,18.3,51.9,20.1,8.4,40.8,17.7,27.4,45.4,3.8,24.6,36.4,44.1,27.5,33.0,6.3,86.3,20.5,30.1,58.8,5.7,9.3,16.9,20.3,45.8,57.3,31.1,36.1,17.8,46.8,42.4,16.8,22.6,28.3,38.1,19.2,54.4,30.2,40.4,63.4,71.2,27.1,42.5,98.6,50.5,39.7
0,INTS2,ENSG00000108506,7.1,8.7,8.9,16.4,9.6,6.4,6.4,4.4,7.5,11.6,5.9,4.5,13.2,11.4,10.0,6.7,1.9,5.1,5.5,6.8,4.3,0.0,3.4,4.4,7.4,6.9,3.8,9.1,19.2,3.9,3.9,5.4,4.1,7.7,4.9,4.5,5.2,5.1,20.1,25.3,6.2,4.8,8.3,1.8,9.2,4.7,6.3,6.5,1.7,5.4,8.9,7.4,6.3,6.1,6.4,22.6,34.7,3.7,3.8,1.7,1.6,3.6,6.1,8.2,2.9,1.6,10.5,6.8,8.7,4.1,5.6,2.7,5.9,5.8,13.2,9.8,9.5,6.2,1.8,9.5,7.3
0,MED13,ENSG00000108510,47.7,50.9,51.1,102.2,41.1,63.3,47.7,22.7,45.9,40.8,42.5,27.2,37.0,43.9,35.8,34.8,21.4,27.2,19.1,76.5,48.6,15.4,17.4,51.8,57.0,43.2,37.3,45.2,93.7,20.8,12.1,41.2,31.8,67.5,44.1,30.6,43.5,21.6,50.4,102.7,41.0,27.2,33.9,78.0,58.9,29.7,36.6,56.8,39.5,26.0,85.0,100.2,65.4,33.6,50.3,126.9,127.2,11.0,20.0,8.5,34.6,33.1,32.5,38.6,27.1,17.7,41.0,64.8,65.8,36.3,46.6,40.8,82.0,38.3,48.8,17.6,46.6,61.7,48.8,43.4,25.4
0,MED31,ENSG00000108590,33.2,23.3,33.6,12.7,32.3,67.4,24.3,91.3,52.3,9.9,37.2,36.4,6.7,34.3,72.9,38.9,31.1,3.4,43.2,16.9,25.9,52.2,31.5,33.3,32.3,36.5,21.2,28.3,31.6,23.8,44.7,30.1,13.6,42.5,29.5,55.4,65.1,32.6,7.6,23.6,23.3,64.1,27.9,32.0,55.5,44.2,47.8,24.4,34.4,25.2,11.6,15.8,12.8,23.4,24.7,17.0,20.4,53.7,37.9,32.3,15.0,26.7,35.1,23.0,21.4,92.5,10.7,16.6,7.7,24.5,16.7,49.0,7.8,25.3,101.4,72.4,44.1,86.5,49.3,32.9,23.4
0,SMARCD2,ENSG00000108604,14.8,30.0,49.9,18.9,17.9,47.4,58.2,13.9,27.5,9.2,49.6,32.4,3.6,21.0,23.3,33.9,11.7,8.5,55.2,21.8,36.0,0.0,16.5,0.7,25.3,19.8,35.6,15.0,7.0,17.5,39.3,35.0,15.3,21.0,24.5,8.3,67.4,19.7,18.9,5.5,39.4,18.4,37.3,20.2,3.9,51.3,7.9,27.4,15.5,30.8,8.1,30.8,31.7,17.3,18.2,6.1,9.9,13.2,13.5,8.5,35.2,26.3,17.2,60.6,27.3,10.2,13.6,27.7,24.5,29.4,57.1,19.0,11.7,24.4,14.2,22.6,27.5,48.6,53.9,18.1,42.7
0,KAT2A,ENSG00000108773,22.0,11.1,13.2,80.2,21.0,12.7,7.9,6.3,20.6,14.2,21.0,23.1,3.5,13.4,6.6,8.8,19.4,13.6,26.1,12.6,5.5,3.1,8.4,0.6,10.0,17.1,15.8,6.4,38.3,12.5,18.7,9.9,17.7,6.9,7.0,14.1,12.6,10.9,22.0,39.3,7.1,9.9,11.2,6.8,2.5,30.7,28.8,9.9,17.2,18.7,31.3,3.0,6.6,4.4,4.3,39.1,26.3,9.6,20.8,3.4,10.7,27.5,7.6,7.5,2.9,4.6,7.2,5.7,8.6,7.4,3.7,13.6,27.3,10.9,5.3,19.0,16.6,12.4,9.9,7.4,20.6
0,SUPT6H,ENSG00000109111,31.8,36.5,43.6,22.9,32.8,36.7,31.7,16.1,37.2,22.0,26.0,23.9,72.8,19.1,19.6,27.3,19.4,45.9,24.3,53.7,23.0,3.1,22.4,4.3,43.9,36.0,19.7,26.1,20.8,23.9,22.8,32.0,41.9,45.4,39.4,22.3,23.5,24.7,25.8,18.9,18.4,19.5,25.8,29.4,16.0,26.7,29.8,45.8,13.7,38.9,16.1,63.3,48.2,22.7,43.1,16.5,18.0,11.8,23.9,20.4,14.6,26.3,52.0,30.8,20.1,11.1,43.3,46.6,45.2,31.2,33.9,29.9,36.1,29.9,20.9,19.5,37.6,42.1,57.4,40.9,17.2
0,GTF2H1,ENSG00000110768,27.0,19.8,16.0,18.3,23.0,37.8,15.9,19.5,34.6,15.7,23.2,20.6,30.0,21.0,16.0,16.1,5.8,13.6,26.0,17.7,12.4,9.2,22.2,55.3,17.6,20.9,9.8,39.8,31.1,22.5,28.1,21.8,19.5,20.8,23.4,18.8,11.7,22.3,15.7,28.7,13.7,12.1,25.2,26.6,44.7,16.5,17.3,26.6,29.2,25.2,19.7,17.8,18.7,22.2,23.0,22.6,27.4,28.7,18.8,17.0,17.0,16.7,22.6,13.4,17.7,22.7,17.5,19.6,16.3,14.1,15.3,8.2,26.3,20.1,77.0,29.3,37.2,38.6,29.8,20.9,18.0
0,BCL7A,ENSG00000110987,5.4,23.3,20.3,8.1,38.1,33.3,33.9,24.4,17.3,36.3,30.6,24.8,32.9,36.2,29.7,21.2,31.1,8.5,1.5,74.6,3.8,58.4,34.3,4.7,11.4,4.8,12.7,38.7,15.4,13.2,0.6,10.4,7.7,31.8,18.4,28.4,15.3,3.7,52.9,19.0,6.4,9.9,3.8,21.7,18.7,14.2,9.1,8.0,15.5,4.6,1.8,13.4,19.3,4.3,0.7,12.7,15.1,6.6,12.7,10.2,5.5,8.8,9.4,7.8,1.4,34.7,12.4,36.7,5.6,23.2,8.6,5.4,24.4,14.2,1.0,7.6,3.6,25.5,0.4,3.3,15.5
0,CCNC,ENSG00000112237,36.9,47.6,66.7,24.2,39.0,63.6,36.3,56.2,49.0,31.3,56.3,28.3,18.6,89.7,34.6,49.7,15.6,30.6,112.6,57.0,38.0,79.9,108.6,59.6,25.3,40.5,39.1,40.6,62.0,139.3,95.4,33.3,38.9,40.1,38.1,16.5,60.8,35.8,37.8,54.2,38.1,52.3,40.2,53.8,40.0,21.6,28.6,30.5,37.8,37.2,23.3,36.0,57.0,58.5,39.0,49.5,37.6,23.5,25.5,144.3,34.5,23.9,126.0,59.5,36.0,121.3,38.8,30.4,32.3,57.7,82.5,24.5,14.6,29.0,58.9,18.0,60.9,61.0,182.3,38.2,49.8
0,MED23,ENSG00000112282,15.5,10.5,11.2,23.5,20.3,10.3,30.1,10.4,12.9,18.6,14.1,9.9,5.4,9.5,15.4,15.7,19.4,6.8,8.5,27.3,11.2,3.1,8.3,2.4,13.5,14.4,11.4,11.7,69.5,12.6,6.6,12.1,13.6,14.7,13.7,11.2,8.6,8.2,21.4,64.3,18.3,15.5,12.4,10.0,2.0,14.2,27.3,13.1,13.7,7.1,34.9,21.7,16.6,6.6,30.7,39.6,56.5,8.8,12.3,5.1,11.5,9.2,12.2,25.7,12.0,8.0,27.1,14.8,9.6,11.3,13.2,10.9,10.7,12.2,13.2,4.3,10.6,9.6,7.4,20.4,11.4
0,KAT2B,ENSG00000114166,14.5,17.1,7.8,156.7,14.2,8.1,9.5,2.3,5.3,13.6,4.8,3.5,79.3,3.8,6.3,6.9,5.8,10.2,7.0,50.9,12.4,3.1,4.0,4.8,5.3,13.9,11.4,30.8,21.6,5.0,1.0,10.8,3.5,11.7,10.1,3.4,26.5,9.3,12.0,30.8,8.4,3.7,19.0,22.3,1.9,6.1,25.8,17.9,15.5,8.8,50.1,13.7,15.6,13.0,20.6,392.4,163.3,0.7,6.4,1.7,3.2,5.6,13.2,14.4,20.7,5.6,9.5,7.4,53.5,6.0,33.5,2.7,46.8,9.8,0.8,1.5,10.4,19.5,9.6,23.5,3.3
0,INO80B,ENSG00000115274,3.3,3.0,3.5,0.0,3.3,8.8,3.1,1.6,1.1,11.7,6.3,2.6,0.7,5.7,5.9,1.9,5.8,3.4,3.5,1.6,4.3,0.0,13.3,1.7,3.9,4.3,4.2,0.4,0.0,17.9,3.8,3.3,1.8,2.2,4.0,5.8,5.8,4.2,6.9,0.0,5.1,5.2,8.7,13.8,4.4,2.7,2.9,3.9,0.0,2.6,0.0,6.9,4.9,2.7,9.3,0.0,0.0,4.4,6.7,11.9,3.1,2.4,4.6,1.4,9.7,6.8,13.9,3.0,3.3,8.4,4.2,2.7,1.0,3.6,3.3,1.4,2.4,9.2,5.9,6.6,5.8
0,RBBP5,ENSG00000117222,14.7,13.6,16.4,10.8,27.7,19.9,19.9,6.2,15.5,12.1,15.9,14.1,12.8,5.7,11.1,11.2,21.4,15.3,8.9,16.0,15.6,12.3,11.1,5.6,13.2,14.1,12.2,21.6,19.3,11.3,11.4,12.9,9.4,19.7,20.4,10.5,19.5,10.1,15.1,15.0,15.6,7.0,17.9,23.4,3.9,12.5,10.1,19.2,20.6,9.0,8.1,28.2,15.0,9.3,25.4,13.7,19.7,14.7,9.9,1.7,8.5,13.9,20.2,16.0,12.0,30.7,19.4,16.3,21.1,11.0,13.0,21.8,24.4,14.4,9.9,21.3,13.4,23.8,11.7,27.2,14.8
0,ARID1A,ENSG00000117713,50.1,62.7,53.2,94.7,70.3,66.9,60.7,31.7,97.5,72.4,70.7,43.3,30.5,40.1,43.3,51.6,35.0,56.1,39.9,61.1,40.8,3.1,35.8,30.0,59.1,46.5,58.5,51.8,45.4,38.5,45.0,38.3,38.3,70.5,61.6,32.6,61.1,59.6,63.6,57.3,48.0,33.9,89.6,50.7,8.3,37.8,24.0,77.5,27.5,25.7,85.9,65.5,72.0,31.6,67.3,74.1,108.1,13.2,31.2,8.5,35.9,44.2,53.2,56.9,30.7,15.5,56.8,62.7,63.3,34.4,36.8,49.0,51.7,45.2,51.2,53.4,100.8,79.0,44.9,70.4,55.5
0,KMT2A,ENSG00000118058,52.1,34.8,33.9,88.6,68.9,56.5,59.6,22.8,39.7,91.2,59.3,50.3,37.6,26.7,40.8,42.4,23.3,68.0,11.1,45.0,17.0,3.1,27.0,4.8,60.7,54.5,27.1,46.9,141.1,24.3,7.9,49.2,35.4,46.0,53.1,58.4,19.8,13.9,95.7,162.8,21.0,22.1,29.6,50.3,3.3,45.6,38.9,34.7,32.6,47.7,59.9,40.5,79.1,54.5,62.9,100.0,122.8,2.2,51.9,10.2,18.9,47.0,65.5,64.3,13.7,7.0,100.8,82.4,53.2,49.9,42.4,40.8,47.8,58.9,18.2,15.3,33.0,50.5,3.9,84.6,27.0
0,MED28,ENSG00000118579,47.3,34.6,45.7,4.6,64.6,68.2,55.2,82.6,46.5,38.9,54.3,60.6,24.5,36.2,38.8,45.9,29.2,25.5,123.1,75.6,28.4,73.8,56.1,11.8,46.6,56.2,45.6,84.9,4.9,45.0,178.5,49.5,19.5,36.5,59.3,73.5,36.9,98.9,36.5,5.6,37.6,51.2,64.1,101.3,14.1,56.7,47.8,57.9,36.1,27.3,5.4,80.0,37.5,55.7,74.9,9.0,8.3,57.3,85.1,42.4,44.8,46.2,35.7,33.9,32.9,58.8,33.9,37.6,37.9,53.2,30.1,38.1,45.9,43.6,84.6,98.4,44.1,68.6,135.7,61.5,56.6
0,SUPT7L,ENSG00000119760,15.0,15.3,15.9,31.9,15.5,9.0,13.0,19.4,14.4,19.0,12.7,11.2,22.5,11.4,19.3,14.6,17.5,25.5,35.1,25.5,13.0,24.6,17.3,17.2,17.5,16.0,19.2,7.9,30.1,18.0,30.7,16.5,19.5,14.1,15.0,11.2,12.3,23.2,22.7,31.3,12.4,17.3,13.0,11.9,3.1,14.9,12.4,17.2,5.2,19.5,13.4,10.2,14.9,15.3,18.5,16.5,30.8,34.6,16.8,10.2,7.5,15.5,23.1,10.4,9.0,17.8,25.9,15.9,24.1,11.4,9.0,13.6,11.7,16.4,28.2,20.9,14.3,10.0,43.6,18.4,13.3
0,BCL11A,ENSG00000119866,0.8,0.3,3.9,3.4,210.9,52.0,9.9,39.8,155.3,2.9,29.2,23.0,19.1,11.4,8.0,20.2,1.9,0.0,0.3,512.5,12.7,0.0,10.0,16.0,1.8,1.6,24.5,79.1,174.6,12.3,0.3,5.4,7.1,4.7,52.8,14.1,0.0,48.6,40.9,146.4,15.6,14.7,14.8,173.8,9.6,0.3,3.5,22.1,32.6,0.3,10.7,24.9,21.6,0.4,0.1,3.3,4.3,2.2,1.9,5.1,22.3,0.0,7.9,12.8,23.5,0.4,0.4,38.2,46.2,13.8,28.2,0.0,1.0,3.2,3.0,11.2,153.8,67.7,0.7,3.4,41.5
0,ENY2,ENSG00000120533,224.6,106.9,115.4,15.5,117.4,152.6,120.2,300.7,144.7,69.0,158.5,207.6,233.2,141.2,122.6,150.4,142.0,127.4,280.7,167.6,147.4,365.7,197.9,222.3,136.9,222.7,145.3,150.6,21.9,184.9,306.0,151.4,86.7,155.7,165.0,191.6,434.3,312.2,56.0,22.9,178.2,195.1,193.0,267.9,101.2,149.5,249.6,196.0,144.3,146.6,17.0,266.7,93.5,109.5,135.4,18.4,25.7,808.0,165.6,278.5,206.3,114.3,158.3,93.9,264.1,497.9,152.8,90.1,118.1,153.8,102.7,116.9,114.2,143.9,204.8,125.2,143.2,135.7,167.7,130.3,197.2
0,EPC1,ENSG00000120616,99.9,36.4,38.5,126.3,153.3,30.8,61.0,55.0,62.5,81.2,70.9,91.3,53.0,59.1,48.7,55.8,29.2,61.2,36.6,140.7,45.9,12.3,51.4,14.2,81.3,73.9,51.9,72.5,104.3,47.6,45.0,69.5,53.6,63.6,85.8,85.0,29.5,43.3,81.2,102.0,64.0,54.1,44.3,48.5,11.4,89.4,101.5,81.4,46.4,47.1,127.9,162.6,68.6,54.9,214.2,151.9,122.6,55.1,97.3,22.1,59.5,66.1,95.6,84.7,41.6,18.3,81.9,78.2,114.2,65.9,54.5,68.0,143.4,77.2,73.5,61.8,59.6,29.9,48.7,181.9,43.9
0,TAF12,ENSG00000120656,32.1,25.3,31.9,7.4,35.3,29.9,36.5,71.5,29.5,15.4,36.5,47.6,38.3,30.5,23.0,32.2,29.2,13.6,72.9,17.3,20.5,40.0,29.7,46.5,37.4,31.8,17.2,20.5,9.5,28.6,88.3,38.0,15.3,22.4,32.2,22.0,37.9,80.5,9.4,10.3,24.9,39.4,46.1,32.6,12.3,49.6,26.3,38.5,36.1,33.9,7.2,33.6,16.2,26.7,38.3,9.0,10.7,64.0,45.4,35.7,29.2,33.5,39.8,15.2,36.4,63.8,20.7,18.6,19.9,39.4,28.0,21.8,20.5,29.7,270.9,156.4,34.6,36.5,120.7,39.0,31.2
0,MED13L,ENSG00000123066,96.8,46.4,61.5,288.3,63.6,99.9,56.8,30.5,77.8,56.6,55.7,43.1,44.0,26.7,38.8,48.5,38.9,51.0,12.0,121.3,36.0,12.3,18.9,105.9,127.9,85.0,33.9,52.7,301.0,39.0,29.3,73.1,38.9,108.4,32.5,58.7,27.4,37.4,105.1,307.4,43.8,37.6,60.2,81.7,44.8,117.8,52.6,87.9,60.1,61.0,408.0,204.9,121.8,25.3,41.1,331.1,284.3,8.8,42.0,13.6,28.8,73.3,85.5,53.6,25.4,12.6,74.1,101.9,64.8,32.2,66.8,51.7,115.1,73.0,25.0,26.4,43.3,85.7,18.9,42.9,30.2
0,NCOA3,ENSG00000124151,79.1,17.7,21.8,26.3,155.2,33.6,32.3,24.9,65.8,18.2,21.8,12.3,20.4,13.4,34.9,37.3,11.7,15.3,67.1,64.4,16.2,3.1,13.0,14.2,28.1,53.6,11.4,20.2,46.9,16.5,25.3,31.8,22.4,76.0,18.4,19.5,15.8,24.8,11.3,61.7,13.5,33.5,44.3,67.5,5.3,23.3,35.7,65.6,17.2,21.2,104.7,103.9,43.8,10.2,34.3,46.2,50.4,18.4,19.2,8.5,19.4,23.9,161.2,23.7,7.5,6.3,23.8,31.1,42.1,21.4,35.4,27.2,27.3,36.5,45.2,22.6,64.1,40.7,104.2,49.0,9.8
0,USP22,ENSG00000124422,45.5,59.3,63.7,30.0,53.5,39.9,53.0,33.5,42.1,87.8,71.9,46.0,21.5,45.8,50.9,57.6,54.5,71.4,52.2,52.1,54.5,24.6,53.4,17.3,71.2,56.5,61.1,47.9,51.3,65.1,37.4,55.6,56.0,64.6,47.2,57.8,58.2,36.8,104.5,63.2,42.4,42.3,57.6,39.5,53.9,52.0,65.2,38.5,56.7,49.5,41.2,34.5,67.3,53.9,34.7,36.3,47.2,25.7,58.5,47.5,35.6,68.1,36.5,56.2,27.0,45.1,60.7,61.6,33.9,48.1,32.5,27.2,56.6,52.7,17.4,19.4,48.2,34.9,65.7,37.9,44.5
0,MED20,ENSG00000124641,4.6,8.5,4.8,2.2,4.3,4.2,4.6,6.9,6.0,2.2,6.2,4.1,6.8,3.8,4.0,5.0,5.8,1.7,22.7,8.2,6.3,6.1,6.5,0.4,6.8,4.8,8.0,6.7,2.7,3.7,19.2,5.6,6.5,6.6,3.9,4.3,8.8,7.8,1.3,2.7,6.9,4.0,5.9,1.5,0.4,3.0,1.5,3.8,1.7,4.2,4.5,4.8,5.2,4.5,4.4,5.2,2.8,23.5,4.7,5.1,4.1,6.4,5.3,6.9,6.8,9.7,5.8,4.4,2.8,4.1,2.1,5.4,5.9,5.2,9.5,12.8,5.3,5.7,25.2,3.3,8.0
0,GTF2F1,ENSG00000125651,30.3,33.2,38.0,5.0,46.7,36.8,43.2,36.1,51.6,22.5,41.7,34.7,34.1,24.8,49.2,34.6,29.2,32.3,46.2,76.1,68.4,27.7,44.0,170.2,67.5,40.3,25.4,47.9,6.7,42.9,43.5,42.2,46.0,57.3,61.8,44.9,31.8,54.3,20.8,6.7,41.5,28.0,44.9,32.4,417.1,44.9,56.2,43.2,34.4,64.7,5.4,51.0,53.2,28.4,55.4,3.3,4.6,43.4,81.6,37.4,52.4,46.2,52.5,43.2,59.4,56.9,23.2,57.8,31.6,70.5,37.6,21.8,17.6,48.7,61.0,36.6,41.5,41.8,49.3,50.5,44.2
0,MED1,ENSG00000125686,22.4,32.4,31.6,9.6,30.5,28.3,24.7,14.0,21.1,10.6,18.3,14.0,25.8,15.3,19.2,20.0,5.8,8.5,19.0,28.2,16.3,3.1,12.9,10.1,31.3,27.1,13.1,22.1,12.9,13.8,13.3,22.6,13.0,29.8,24.4,12.9,19.7,16.3,17.0,13.3,17.3,9.9,19.6,15.9,5.8,15.5,24.4,25.1,12.0,21.2,10.7,33.2,31.5,14.6,25.2,10.4,14.9,17.6,12.9,5.1,11.6,21.5,22.4,25.4,9.1,7.9,12.7,33.9,19.5,17.8,17.8,21.8,24.4,23.2,24.4,17.4,25.5,30.4,24.3,28.8,18.6
0,BCL11B,ENSG00000127152,2.2,0.1,0.3,1.2,7.4,83.9,10.1,7.8,89.5,0.2,6.9,5.0,1.6,1.9,0.8,4.3,0.0,0.0,0.1,14.0,6.4,3.1,0.2,0.0,0.4,2.7,5.2,3.4,55.3,0.2,0.1,3.9,4.1,0.7,6.0,0.6,1.6,0.3,1.3,101.1,10.1,2.6,5.1,15.6,0.0,0.7,0.4,8.6,1.7,0.6,0.9,9.3,4.5,0.0,135.5,30.2,1.9,2.9,0.4,5.1,10.4,0.0,6.4,0.8,15.6,0.7,0.3,33.2,7.0,0.6,15.2,0.0,2.9,2.7,1.7,9.6,42.0,76.2,0.2,301.6,13.8
0,SMARCA4,ENSG00000127616,25.3,83.0,88.6,26.0,29.2,56.2,34.9,46.0,35.2,96.5,42.5,27.8,53.7,47.7,65.4,64.8,35.0,98.6,72.5,22.6,54.3,33.8,75.4,60.8,46.0,39.5,60.3,47.4,31.1,58.0,62.4,30.7,53.6,59.8,29.7,36.0,19.8,44.1,114.6,37.9,47.3,61.8,27.8,26.4,38.1,33.8,36.9,34.6,22.3,47.2,13.4,37.7,72.6,32.0,30.4,30.7,26.2,41.2,28.4,42.4,50.7,14.7,49.4,52.5,29.2,25.7,80.9,74.2,37.7,40.1,62.8,27.2,38.1,34.9,99.7,98.4,57.3,80.0,70.3,37.4,61.2
0,MBD4,ENSG00000129071,34.5,27.8,45.9,14.6,118.0,25.9,33.2,37.8,23.9,35.2,28.5,34.9,61.1,32.4,42.0,35.5,38.9,40.8,51.4,49.0,19.9,46.1,31.0,20.7,41.4,36.2,25.2,44.6,17.5,59.9,50.6,36.9,48.3,44.7,63.2,28.9,30.8,74.1,25.2,12.3,27.5,37.9,35.2,28.6,10.4,33.1,59.0,49.1,29.2,28.6,23.3,31.7,38.0,18.4,70.8,13.2,20.5,116.2,51.7,20.4,29.1,38.6,73.6,23.5,27.0,48.7,41.6,34.6,37.4,39.8,32.2,32.6,29.3,32.5,51.3,75.6,30.0,26.5,40.0,54.2,29.2
0,CCNT1,ENSG00000129315,40.2,16.6,19.2,15.2,37.0,30.5,24.2,11.9,40.6,17.9,20.6,15.6,17.9,13.4,20.1,16.4,13.6,25.5,14.2,40.4,9.6,0.0,7.9,133.9,22.2,28.6,15.0,16.6,18.3,10.9,17.6,22.4,25.9,23.4,45.5,29.4,11.2,11.8,19.5,17.7,15.5,21.0,15.6,37.2,47.0,16.5,14.8,31.1,10.3,16.3,18.8,50.5,30.4,18.7,57.0,17.5,21.0,7.4,19.9,5.1,12.1,15.1,25.3,23.5,11.6,9.0,16.6,24.7,23.5,17.0,21.1,16.3,15.6,24.2,17.1,14.7,28.1,30.1,17.6,48.7,10.9
0,ASH2L,ENSG00000129691,10.0,14.3,13.2,17.3,14.4,13.2,13.5,12.4,9.5,8.4,9.6,7.6,23.8,9.5,12.9,13.5,9.7,13.6,37.7,14.8,11.7,6.1,20.4,13.0,12.7,15.4,11.2,52.9,19.0,20.0,37.9,15.0,5.3,11.4,15.3,29.7,10.8,21.3,13.2,20.5,11.3,7.4,15.8,4.9,8.5,20.3,19.2,15.1,29.2,21.5,15.2,14.5,14.4,18.3,15.4,16.5,15.4,33.8,32.5,17.0,9.9,18.7,10.6,12.9,12.8,14.6,12.0,10.5,13.3,15.6,15.3,19.0,23.4,14.9,61.1,34.2,12.3,13.3,31.6,12.5,15.4
0,PHF10,ENSG00000130024,38.7,33.9,26.3,17.0,23.0,28.6,32.2,13.4,17.5,14.3,36.3,28.1,74.8,30.5,30.1,25.8,11.7,10.2,15.2,32.0,13.5,24.6,12.5,16.2,25.1,27.7,22.7,4.5,14.4,16.0,8.8,23.5,15.3,37.5,35.3,31.5,22.5,13.5,12.6,18.2,26.2,19.5,12.9,27.6,9.5,22.6,25.4,24.1,22.3,16.1,26.8,37.3,59.2,31.2,29.2,16.5,31.3,5.9,15.2,10.2,18.7,20.3,21.3,28.3,16.0,11.4,26.2,46.0,27.4,27.3,25.1,21.8,39.0,27.9,20.3,18.7,20.2,35.6,19.9,27.0,20.4
0,MLLT1,ENSG00000130382,19.8,23.5,40.8,11.5,4.8,14.5,34.6,9.6,5.1,24.6,13.0,12.2,22.9,5.7,37.0,16.2,11.7,42.5,565.3,12.9,11.7,3.1,13.0,15.6,20.3,25.8,8.2,15.1,10.5,15.7,16.2,20.2,11.8,13.9,24.3,7.4,18.9,27.6,22.7,12.8,10.7,13.3,18.2,4.8,59.1,18.6,17.2,14.4,24.0,22.6,10.7,17.3,22.8,33.0,10.4,7.5,15.6,4.4,19.4,10.2,3.5,16.7,10.7,20.8,6.4,6.3,13.4,20.4,11.0,18.4,16.0,16.3,14.6,20.2,9.6,5.8,7.1,15.4,1078.8,9.0,11.8
0,TRIM28,ENSG00000130726,54.5,98.0,108.2,17.3,47.9,72.9,58.3,33.8,50.5,63.6,83.0,84.3,4.5,42.0,56.4,47.1,25.3,22.1,62.1,62.6,56.9,12.3,46.9,100.6,50.7,49.6,58.8,52.5,9.9,58.4,60.1,44.6,62.5,78.6,42.9,61.5,26.8,46.0,46.6,12.1,58.0,37.2,40.7,64.3,96.8,63.8,35.1,54.5,25.8,70.5,6.3,78.9,40.5,46.4,43.4,9.9,16.9,52.2,66.3,57.7,48.2,37.8,55.8,41.7,39.2,33.6,30.1,50.3,62.0,75.2,54.9,46.2,60.5,61.2,140.8,71.7,54.1,71.3,55.1,53.7,85.5
0,MED18,ENSG00000130772,2.8,4.5,4.0,0.6,5.8,3.7,5.5,7.2,1.8,4.7,2.1,3.0,4.2,1.9,6.5,5.4,5.8,3.4,12.1,11.6,7.1,3.1,7.5,0.6,5.0,3.8,5.6,0.7,0.7,5.5,14.6,4.0,3.5,5.0,4.7,2.8,3.7,6.7,1.3,0.7,6.6,6.3,4.1,1.0,0.7,4.4,4.6,3.9,0.0,6.8,0.0,6.3,5.3,2.5,8.0,0.0,0.7,2.2,3.5,8.5,6.7,5.6,4.4,5.7,8.1,8.8,5.9,3.8,6.0,4.7,2.8,10.9,1.0,3.6,7.8,7.7,1.7,4.9,14.4,4.3,5.9
0,CDK8,ENSG00000132964,5.8,11.4,6.4,60.4,10.6,14.6,7.7,6.1,10.2,18.4,6.0,4.7,6.7,7.6,7.2,9.7,5.8,22.1,8.2,7.7,10.9,12.3,8.2,52.6,7.1,6.1,13.1,11.1,114.6,9.2,9.6,8.5,14.7,6.9,19.5,6.0,7.7,7.7,11.3,167.9,9.6,7.0,7.1,13.0,106.8,7.4,2.5,7.6,10.3,8.2,55.5,5.4,8.4,8.4,8.1,140.1,85.6,10.3,3.0,11.9,10.9,8.4,13.2,6.7,16.5,16.1,15.3,8.3,3.7,4.0,12.5,2.7,4.9,8.3,33.2,14.4,12.8,16.7,8.3,9.8,13.0
0,MED10,ENSG00000133398,97.9,51.4,34.9,10.5,88.4,67.7,32.2,135.0,55.0,75.3,54.4,78.8,49.9,32.4,50.7,50.6,50.6,22.1,84.5,81.8,36.9,58.4,89.2,4.7,52.9,70.7,45.3,56.2,27.4,74.0,82.8,64.8,32.4,54.2,60.7,81.5,24.7,61.2,64.2,18.0,57.5,76.2,31.0,53.9,7.0,70.9,123.8,43.5,51.5,42.4,12.5,90.0,25.1,51.5,138.4,11.8,19.6,165.4,87.7,112.1,53.1,46.6,65.2,33.4,63.0,48.3,44.3,27.3,59.9,62.6,17.1,40.8,33.2,62.9,63.2,88.8,49.7,61.8,73.7,98.1,47.8
0,DPF2,ENSG00000133884,19.2,15.6,15.2,13.3,30.3,19.5,22.6,40.0,17.7,42.4,21.5,22.6,11.5,30.5,20.8,26.9,31.1,32.3,27.5,38.4,11.3,30.7,20.6,5.0,28.0,22.6,17.3,38.8,17.8,19.5,22.9,26.5,14.7,17.3,24.5,36.6,14.9,19.8,36.5,19.1,17.1,37.9,14.7,37.3,8.6,58.7,27.0,17.8,29.2,17.7,14.3,23.0,17.9,22.3,43.8,22.6,30.1,134.5,59.0,13.6,12.3,52.2,18.0,19.5,20.7,23.9,47.0,18.3,21.4,23.3,18.1,27.2,19.5,28.7,58.5,63.4,14.6,18.0,25.1,29.2,17.8
0,MED6,ENSG00000133997,34.8,14.4,18.5,15.2,42.9,22.0,20.1,49.6,27.3,71.9,24.7,24.6,7.1,13.4,26.9,27.6,21.4,42.5,40.4,41.1,12.7,3.1,27.0,9.9,24.1,25.7,19.7,26.3,26.2,27.7,49.0,27.7,24.2,29.8,29.6,31.5,14.7,24.3,43.4,23.2,17.4,55.6,16.8,16.3,3.8,27.3,34.6,20.1,12.0,12.5,16.1,36.4,15.2,33.8,50.3,17.5,17.4,62.5,44.0,27.2,18.8,27.5,33.7,14.8,18.0,14.9,103.7,15.2,25.2,31.1,11.9,21.8,26.3,25.2,24.9,39.7,21.6,25.5,53.9,42.1,18.0
0,CDK7,ENSG00000134058,10.9,15.7,12.8,10.2,7.1,48.8,12.2,31.6,13.7,5.5,12.5,16.9,17.3,11.4,26.0,14.1,5.8,10.2,132.7,4.6,13.1,21.5,24.3,38.1,10.8,11.1,6.6,4.9,17.0,16.4,388.1,9.5,7.7,24.8,14.2,14.8,8.0,14.9,3.1,13.1,13.0,15.8,11.1,6.4,3.7,7.4,14.6,8.5,8.6,15.9,10.7,8.5,10.9,9.9,11.4,7.5,11.1,199.2,10.0,17.0,15.9,7.6,7.4,7.2,11.7,31.2,8.4,11.3,4.6,16.7,8.6,21.8,5.9,9.4,59.9,18.8,16.2,40.5,62.4,9.9,16.2
0,CDC73,ENSG00000134371,49.3,40.7,36.6,51.7,46.8,39.2,42.0,39.9,36.6,39.0,26.8,24.7,67.7,34.3,26.4,33.8,31.1,35.7,27.3,53.8,22.3,27.7,35.0,24.9,45.5,43.2,18.4,27.7,69.4,25.7,46.7,42.3,25.4,35.4,50.3,36.1,21.2,34.7,28.3,73.1,19.1,26.5,29.2,56.8,6.6,39.2,45.5,45.5,34.4,34.1,51.9,71.5,44.9,36.2,53.7,73.6,104.5,32.3,40.4,28.9,20.5,41.4,45.6,62.4,19.7,37.3,46.6,45.1,51.1,39.9,40.9,27.2,56.6,51.2,59.9,35.1,37.2,44.9,42.0,55.0,21.3
0,CCNH,ENSG00000134480,60.3,18.3,26.3,14.2,108.7,31.6,36.2,54.9,31.0,37.6,32.0,27.6,18.6,21.0,32.4,32.2,15.6,23.8,21.7,139.1,14.2,21.5,35.3,416.3,22.5,40.6,20.3,30.3,27.4,25.0,27.5,47.1,36.0,23.4,155.6,71.0,28.3,58.9,20.1,41.8,21.5,37.9,50.2,86.4,26.4,34.1,49.3,117.9,39.5,24.8,19.7,393.1,28.9,41.1,192.1,18.9,21.9,431.6,101.0,42.4,23.9,29.1,134.7,59.9,29.4,40.3,37.0,20.4,120.7,38.9,28.7,32.6,34.2,74.7,186.8,51.2,20.3,29.4,37.4,194.6,27.4
0,TAF5L,ENSG00000135801,15.9,15.4,10.3,18.3,7.4,7.3,6.0,3.2,7.1,5.1,7.3,4.1,8.8,3.8,7.8,6.8,5.8,11.9,11.2,17.9,9.5,0.0,3.9,0.3,8.2,8.2,5.8,10.6,11.3,9.3,35.8,7.5,5.3,11.5,8.3,6.5,14.0,7.8,3.1,15.0,11.5,6.3,6.4,9.5,3.6,4.1,5.7,11.7,3.4,5.9,12.5,22.1,14.5,4.1,11.3,20.8,22.3,53.7,3.0,3.4,7.9,4.0,8.5,5.8,5.6,2.6,9.5,12.6,8.8,8.7,6.0,13.6,14.6,11.2,6.2,4.6,9.1,6.3,10.6,9.2,8.2
0,MED4,ENSG00000136146,69.3,59.6,48.6,12.1,62.3,85.9,57.3,156.5,36.6,53.1,46.8,41.5,125.9,59.1,44.0,67.6,58.3,34.0,118.7,81.4,51.0,162.9,73.5,91.1,68.5,72.6,46.0,80.1,23.9,48.8,111.3,65.0,30.7,59.6,65.0,56.9,74.1,68.0,29.6,19.3,52.1,101.6,43.9,62.2,171.3,70.9,81.6,49.4,73.9,30.3,13.4,94.3,34.3,63.0,110.0,18.9,19.0,89.0,72.8,67.9,55.0,71.7,52.0,44.9,64.3,104.5,45.7,40.8,44.6,66.9,41.6,40.8,36.1,67.0,143.7,161.0,49.5,95.9,142.5,78.0,61.8
0,ACTL6A,ENSG00000136518,28.8,27.6,29.6,5.9,22.4,43.7,26.0,55.6,38.1,7.2,24.2,25.3,12.2,30.5,30.0,32.2,19.4,15.3,51.6,17.9,12.5,24.6,44.7,75.8,29.4,24.7,33.1,71.5,2.7,33.5,69.8,26.5,23.6,22.9,22.3,38.3,19.7,30.9,0.6,3.6,29.3,40.5,14.9,16.8,9.6,32.1,17.2,16.0,30.9,24.0,3.6,7.8,17.4,14.0,13.6,6.1,17.7,241.2,39.0,45.8,27.1,27.1,28.9,18.9,18.0,24.0,14.5,20.2,15.0,34.9,24.8,27.2,8.8,26.0,224.2,84.6,39.0,36.4,28.4,21.0,57.3
0,CDK9,ENSG00000136807,41.9,21.2,18.3,37.8,25.2,20.6,21.5,15.4,16.8,9.0,17.0,10.4,8.9,19.1,24.0,14.8,9.7,6.8,22.4,49.7,15.3,6.1,29.6,3.1,21.7,32.3,20.7,12.9,17.5,32.0,23.0,22.4,20.0,23.0,27.9,25.1,25.3,21.8,18.9,16.3,13.1,11.8,15.0,24.9,6.0,18.2,16.9,25.4,12.0,30.7,21.5,54.2,17.6,15.3,37.5,11.8,15.6,15.4,23.5,15.3,13.8,30.7,19.8,16.7,12.9,16.3,7.9,15.5,25.3,23.3,11.1,10.9,6.8,21.4,9.5,22.8,20.5,22.1,52.5,24.4,14.2
0,INTS12,ENSG00000138785,17.6,10.7,10.9,13.3,12.0,10.9,8.4,24.9,13.3,10.5,13.1,14.0,25.7,7.6,8.4,12.0,3.9,1.7,16.7,11.7,11.0,24.6,21.7,18.1,11.1,16.9,8.7,14.1,13.4,14.1,20.8,11.4,8.8,8.6,12.7,9.2,10.1,16.8,5.7,15.0,7.8,18.4,9.4,8.7,39.5,10.8,19.0,9.4,5.2,9.1,8.9,10.0,10.6,14.7,13.7,25.5,17.8,41.2,10.5,10.2,5.1,8.4,19.1,21.3,16.6,14.0,10.4,6.8,10.9,16.2,12.4,2.7,8.8,12.5,14.5,17.7,13.3,10.7,19.1,11.3,12.6
0,SMARCC2,ENSG00000139613,53.7,29.0,35.6,38.1,49.1,36.9,55.7,31.4,63.8,59.5,41.5,36.7,63.8,36.2,31.3,52.9,54.5,78.2,24.0,36.2,26.7,18.4,32.6,2.3,51.4,55.0,37.7,51.6,38.2,32.8,15.2,48.1,38.9,43.2,65.9,42.1,20.0,27.0,56.7,35.9,38.5,43.1,25.3,30.7,4.3,82.4,44.0,44.3,41.2,54.7,22.4,38.2,63.7,44.0,71.0,31.1,21.8,7.4,63.9,17.0,26.1,72.5,41.8,53.9,28.1,23.7,67.1,55.9,54.5,52.6,35.0,38.1,40.0,52.6,62.7,33.7,58.1,42.9,13.9,55.9,35.6
0,SETD1B,ENSG00000139718,9.8,6.5,8.0,9.3,13.0,10.4,11.2,5.6,21.9,14.0,11.5,8.6,5.0,11.4,11.3,7.7,1.9,8.5,8.2,18.4,10.9,0.0,7.0,9.0,14.2,9.5,9.2,8.7,10.2,9.9,7.9,9.7,9.4,19.5,10.9,9.1,12.2,7.0,13.2,11.2,11.8,4.0,15.5,16.2,19.3,11.8,2.9,11.8,3.4,11.9,5.4,10.0,9.3,3.2,12.3,4.7,6.3,8.1,8.1,3.4,13.7,8.4,9.5,8.4,7.5,3.2,9.3,10.8,12.7,9.0,8.6,8.2,12.7,15.8,11.7,4.2,29.6,11.4,13.0,16.0,8.5
0,GTF2A2,ENSG00000140307,101.4,79.3,92.0,16.1,74.1,91.4,95.5,209.0,77.8,51.0,113.0,156.0,150.3,78.2,122.7,112.2,62.2,146.1,226.3,91.1,127.5,178.3,127.8,1379.3,89.0,91.1,92.4,123.3,21.6,106.9,213.4,96.6,50.7,103.9,110.7,123.0,91.2,147.7,44.7,26.3,85.1,141.4,74.5,107.2,730.1,115.1,106.6,93.3,89.3,96.9,16.1,67.9,59.3,158.4,78.9,22.6,33.0,320.6,123.9,174.9,90.7,133.4,120.8,72.3,84.3,136.7,55.0,57.5,49.0,164.4,70.5,141.4,87.8,96.4,1124.2,152.3,90.5,115.3,141.9,80.6,118.6
0,SKIC8,ENSG00000140395,38.6,36.7,42.3,19.5,25.5,52.6,29.2,101.7,32.6,51.3,45.0,48.5,38.3,30.5,53.8,52.1,37.0,57.8,111.9,29.3,31.5,89.1,56.5,43.9,37.7,38.4,40.7,27.0,33.5,47.3,84.4,50.0,22.4,30.2,34.0,37.7,52.9,67.1,32.7,35.3,39.1,73.6,39.2,42.7,7.7,48.9,42.2,35.8,63.6,51.6,11.6,35.6,23.3,71.3,29.3,16.0,30.8,33.1,50.3,57.7,27.1,49.4,43.4,62.7,34.8,111.8,46.7,26.9,27.4,51.1,40.8,24.5,26.3,36.6,112.2,64.0,39.2,79.0,91.0,29.2,65.1
0,MED9,ENSG00000141026,4.9,6.5,6.8,9.6,7.0,5.0,9.5,5.8,6.6,24.1,8.1,6.8,15.2,3.8,5.0,6.5,7.8,10.2,8.8,5.0,8.0,9.2,6.9,2.7,6.0,5.0,13.1,4.5,13.9,2.7,5.3,5.5,9.4,8.9,3.3,8.0,5.6,5.1,11.3,12.3,11.0,7.7,4.2,2.8,11.9,6.1,10.3,3.9,6.9,4.5,1.8,7.8,9.7,22.6,10.1,13.2,6.1,6.6,8.4,6.8,5.6,9.6,6.6,7.8,7.2,5.2,21.4,7.7,4.7,9.8,5.7,0.0,2.9,6.4,12.6,28.8,4.6,5.0,9.6,7.6,9.8
0,SS18,ENSG00000141380,26.1,30.0,29.3,41.5,42.1,34.7,33.5,30.6,34.1,21.9,28.0,22.5,19.6,21.0,52.4,29.6,25.3,25.5,68.5,31.7,21.0,15.4,27.6,55.8,29.4,27.6,19.0,22.1,49.0,24.8,47.7,34.4,21.8,30.2,26.8,31.2,26.2,23.1,39.0,40.9,28.0,26.5,22.1,23.4,53.8,32.7,16.0,25.5,30.9,24.3,62.6,57.7,30.2,43.2,31.3,84.9,109.8,15.4,31.9,32.3,15.1,40.6,38.9,38.0,18.0,24.7,30.5,26.7,27.9,30.8,16.3,57.1,7.8,30.3,27.2,18.7,36.6,42.4,92.4,33.8,17.6
0,INTS7,ENSG00000143493,2.2,9.5,11.7,8.7,5.6,9.9,4.4,4.7,9.3,7.3,5.5,2.3,4.0,7.6,5.5,6.6,1.9,1.7,10.3,5.4,5.0,0.0,5.0,36.6,4.7,4.1,3.5,12.6,19.7,5.0,7.6,5.0,7.7,4.4,3.1,4.5,8.9,4.1,11.3,23.4,6.0,3.3,3.6,3.6,34.5,4.4,1.8,4.5,1.7,7.0,18.8,4.1,5.1,3.0,8.0,32.5,43.3,16.2,3.1,0.0,5.4,6.0,9.5,8.7,4.3,3.3,3.7,5.6,3.1,3.4,2.1,5.4,11.7,4.8,27.5,19.0,10.3,11.5,5.7,5.8,8.7
0,POLR2D,ENSG00000144231,6.0,12.3,11.6,2.5,15.2,8.1,9.0,5.1,18.8,11.9,6.5,3.9,8.7,9.5,8.5,6.6,17.5,3.4,19.1,20.8,6.7,9.2,16.1,18.4,12.1,10.5,11.4,23.5,4.6,12.7,14.4,10.9,8.8,7.1,13.1,16.9,14.6,10.5,13.2,5.0,12.5,4.8,7.7,11.8,50.4,11.8,11.1,10.2,5.2,13.3,2.7,11.5,8.6,9.5,15.1,2.4,7.0,11.0,8.3,8.5,9.1,14.3,40.1,9.8,7.6,7.9,11.8,6.6,13.3,11.6,5.4,10.9,7.8,10.3,32.4,24.3,16.7,7.8,15.4,15.6,19.1
0,MED12L,ENSG00000144893,0.0,0.0,0.2,363.5,1.3,1.4,0.7,0.4,1.1,11.2,0.3,0.4,0.0,0.0,0.6,0.4,1.9,3.4,18.1,6.5,0.0,3.1,0.1,14.3,0.3,0.2,0.6,11.6,292.6,0.3,0.6,0.9,0.0,0.2,0.2,1.2,0.0,0.6,18.3,115.6,0.0,0.0,0.9,0.5,7.8,1.0,0.0,1.6,0.0,0.2,50.1,0.7,0.7,25.9,0.4,211.8,8.9,10.3,0.2,0.0,0.0,0.0,0.7,0.5,0.0,0.7,1.4,2.3,1.5,0.2,0.4,0.0,1.0,0.5,6.9,4.6,0.3,0.5,24.2,0.6,0.1
0,POLR2K,ENSG00000147669,115.3,68.8,77.8,8.4,82.3,109.3,109.8,264.0,76.0,54.1,116.5,136.5,145.9,78.2,100.9,117.5,159.5,74.8,141.1,75.9,86.6,378.0,132.0,5.6,82.6,91.8,97.8,77.4,17.6,104.3,215.4,92.2,61.9,103.3,122.9,79.2,162.9,148.6,36.5,17.1,100.9,220.5,59.8,91.2,12.8,117.1,109.7,73.0,139.1,65.3,8.1,76.3,38.8,109.4,136.6,11.3,16.2,370.6,106.5,190.2,66.8,117.9,118.9,75.9,115.3,379.8,49.3,41.7,51.9,102.1,50.6,57.1,43.9,105.7,152.1,161.3,105.0,111.6,147.4,113.0,107.0
0,MED22,ENSG00000148297,6.4,13.7,8.2,4.3,8.1,5.9,6.7,4.1,4.9,10.6,6.5,4.7,7.2,5.7,4.0,4.9,13.6,11.9,6.1,14.6,7.0,0.0,5.9,1.8,5.9,6.5,7.6,3.4,2.9,7.7,5.0,8.4,5.3,5.6,2.4,4.9,4.4,8.9,12.6,3.1,5.9,2.9,8.0,7.3,2.6,10.5,7.5,8.0,1.7,5.3,3.6,5.4,5.6,9.4,4.7,2.8,4.9,0.7,19.4,5.1,3.1,15.1,6.0,7.0,5.9,5.0,12.4,5.1,7.9,4.4,7.3,19.0,11.7,12.7,13.8,12.6,4.7,6.6,6.1,5.6,5.4
0,SSRP1,ENSG00000149136,30.5,55.2,76.1,4.3,46.7,79.0,52.1,49.7,63.4,25.2,37.7,33.9,43.0,43.9,49.6,45.5,31.1,28.9,120.4,33.4,30.1,21.5,79.6,52.6,46.7,48.7,46.0,101.6,10.1,61.9,111.6,43.8,32.4,35.9,33.2,38.9,36.7,47.8,23.3,8.7,42.2,34.2,33.0,40.9,170.1,40.2,32.8,34.7,25.8,67.0,8.1,26.5,53.1,26.2,34.5,5.7,7.8,104.4,47.9,81.5,42.5,43.8,86.7,33.8,31.4,22.7,17.1,52.8,50.6,57.3,59.3,16.3,39.0,44.0,60.1,113.8,74.9,70.4,61.0,41.0,104.7
0,INTS4,ENSG00000149262,5.1,8.7,7.0,17.3,11.2,5.7,8.9,7.7,7.8,10.7,5.5,6.6,8.1,11.4,7.9,8.4,3.9,5.1,13.2,10.6,4.3,6.1,7.7,2.9,4.5,6.4,5.3,7.2,19.3,5.3,12.3,7.2,5.9,5.2,7.8,8.9,4.5,9.5,5.0,18.6,7.4,6.6,7.9,4.7,2.7,6.4,11.0,8.8,5.2,8.1,19.7,8.0,6.6,6.1,14.8,24.5,28.6,0.0,8.8,6.8,3.9,5.2,8.7,6.9,10.3,6.0,16.8,6.7,20.7,6.2,8.4,8.2,9.8,7.2,16.1,13.0,6.8,5.3,10.7,13.7,7.1
0,TADA1,ENSG00000152382,2.7,5.2,4.0,7.4,7.0,5.8,3.8,4.0,5.3,6.5,4.3,3.8,15.8,1.9,4.3,4.0,5.8,10.2,5.9,4.2,3.7,9.2,4.4,2.2,4.2,4.4,2.8,7.5,9.3,4.1,7.8,4.0,5.3,3.8,4.7,4.2,18.6,3.3,5.0,10.0,5.6,2.2,6.1,3.7,2.9,4.1,2.0,2.4,1.7,3.1,3.6,3.3,3.7,6.7,5.0,7.1,16.5,46.3,4.1,1.7,5.3,3.2,6.6,5.6,4.4,6.4,4.6,2.6,5.5,4.1,4.2,0.0,2.9,3.8,5.2,13.5,6.1,6.7,7.0,5.8,6.3
0,MED21,ENSG00000152944,34.8,39.0,47.5,7.4,35.6,119.9,58.8,96.9,70.0,24.1,41.5,40.4,56.1,28.6,27.8,42.5,62.2,13.6,66.6,23.8,22.6,113.7,40.1,249.8,30.7,35.8,27.7,55.2,23.0,31.4,63.4,42.1,18.3,41.6,49.8,71.2,26.5,29.8,12.6,16.8,32.5,56.0,17.0,42.2,113.0,46.9,39.3,24.9,75.6,22.8,7.2,28.2,29.1,29.1,38.8,9.9,13.4,108.8,58.6,39.1,20.1,49.4,21.5,22.6,24.8,120.7,38.9,30.3,30.5,44.4,29.8,49.0,25.4,47.4,165.1,66.0,69.7,120.9,63.3,45.3,32.1
0,SMARCA5,ENSG00000153147,74.5,119.5,164.6,29.1,92.9,60.1,99.8,49.2,45.7,80.2,55.8,50.5,196.9,36.2,88.3,73.6,44.7,64.6,70.9,123.4,31.8,33.8,74.1,80.6,123.3,74.9,48.3,86.4,41.1,54.4,67.3,69.0,41.9,97.6,91.7,70.1,21.6,45.0,44.1,39.9,38.0,46.4,39.7,45.4,21.2,59.1,76.2,83.7,32.6,77.7,25.9,185.2,120.3,73.2,116.7,35.4,79.3,36.0,53.0,57.7,24.9,58.1,100.7,91.0,34.4,38.2,115.2,107.8,98.3,96.6,54.9,116.9,69.3,76.9,142.1,129.4,42.4,55.1,116.0,114.8,47.6
0,GTF2E1,ENSG00000153767,4.0,5.0,4.1,3.1,6.4,3.3,7.8,4.2,2.2,3.1,4.3,2.2,5.8,9.5,6.4,4.4,5.8,5.1,9.1,3.2,2.9,15.4,5.0,9.2,5.7,5.3,3.2,4.9,3.7,4.7,8.5,4.4,4.1,6.3,3.1,4.3,4.0,7.9,5.7,3.9,4.7,4.8,6.6,2.8,3.0,2.0,5.9,7.1,5.2,4.3,8.1,5.4,4.4,5.3,9.5,4.2,6.7,2.9,3.2,0.0,2.5,4.8,5.9,6.4,3.0,6.1,3.8,3.3,1.5,3.8,5.4,0.0,3.9,3.8,15.7,23.0,3.1,3.4,9.5,7.2,3.8
0,CHD1,ENSG00000153922,85.0,27.4,45.9,33.4,126.9,114.5,44.7,25.5,98.0,31.2,81.0,49.4,48.5,22.9,46.6,34.7,33.1,22.1,55.2,102.4,45.3,6.1,34.2,94.0,105.5,75.5,28.0,40.0,49.2,38.4,38.7,76.5,46.0,95.7,82.9,72.1,26.1,49.4,34.0,57.3,30.9,23.6,58.7,162.6,38.6,31.7,66.7,159.4,68.7,31.0,86.8,658.0,89.6,18.4,210.5,62.3,67.1,50.7,48.6,13.6,50.4,19.5,61.7,30.9,22.9,12.6,43.6,79.5,77.9,64.0,45.9,24.5,97.6,86.3,70.3,52.0,66.6,115.3,91.3,144.7,31.3
0,CXXC1,ENSG00000154832,16.9,9.6,13.1,20.7,23.8,27.0,16.8,20.0,21.7,14.2,19.8,15.8,7.1,11.4,20.2,20.1,17.5,6.8,34.5,11.3,25.6,15.4,18.7,7.7,13.4,17.9,29.5,12.9,9.9,21.7,40.9,16.8,30.7,16.8,16.8,12.8,10.9,22.6,12.0,8.3,22.9,22.1,18.9,17.6,10.9,18.9,16.0,21.5,18.9,14.1,7.2,23.4,14.9,18.3,30.1,9.0,8.8,17.6,25.5,23.8,28.0,19.5,38.4,14.4,23.1,14.6,13.6,13.9,11.2,16.6,13.1,5.4,16.6,16.4,49.8,17.5,23.6,25.5,40.6,26.2,24.2
0,CDK19,ENSG00000155111,16.1,3.7,10.4,48.0,22.1,11.6,9.1,7.1,11.7,14.5,13.5,9.7,5.4,26.7,9.6,13.0,13.6,8.5,6.9,18.9,19.1,3.1,11.1,87.9,17.0,14.7,15.0,21.8,82.5,8.2,22.2,12.4,13.0,26.2,12.1,18.9,11.1,18.8,26.4,49.3,13.3,8.1,33.9,20.6,146.7,11.1,14.5,22.1,25.8,6.8,59.9,16.5,20.7,29.6,19.6,145.3,443.3,10.3,18.3,5.1,16.3,15.9,5.0,130.8,13.9,8.1,16.9,15.2,37.6,7.2,8.5,2.7,11.7,13.4,48.6,16.2,22.5,25.4,9.5,13.8,13.4
0,MED7,ENSG00000155868,11.6,12.9,9.5,5.9,16.5,8.7,13.9,50.1,6.2,20.2,10.6,12.8,29.3,7.6,17.2,22.3,25.3,22.1,39.1,5.0,15.6,40.0,26.3,304.0,13.0,12.4,11.5,19.8,8.8,16.6,24.9,14.1,10.6,9.8,22.4,15.2,10.7,21.0,10.1,9.1,15.4,32.4,12.1,12.7,327.2,16.2,17.3,13.1,8.6,10.2,5.4,14.3,9.3,23.2,23.9,4.2,9.9,78.7,23.4,22.1,8.8,15.5,11.4,13.9,14.9,36.9,13.6,6.8,9.3,22.1,8.9,21.8,12.7,15.4,108.2,35.5,7.7,10.6,31.5,14.5,13.2
0,MED19,ENSG00000156603,41.5,19.3,24.7,4.3,31.6,73.0,31.6,71.8,50.1,39.9,39.8,44.0,21.2,36.2,35.0,35.7,52.5,59.5,60.9,34.1,30.9,64.5,38.3,13.4,38.6,39.1,32.6,26.5,8.9,35.4,55.2,35.7,21.2,36.5,29.1,38.4,33.3,26.1,28.3,8.0,31.5,59.3,16.7,31.0,11.2,29.0,20.7,19.7,20.6,22.5,2.7,24.7,26.8,33.3,32.2,5.2,6.7,194.1,38.5,35.7,25.4,28.3,21.2,25.8,32.4,46.2,53.4,31.8,18.8,44.1,25.4,24.5,21.5,31.1,110.5,101.8,40.6,70.0,77.4,33.9,31.4
0,KAT6B,ENSG00000156650,41.5,44.2,36.6,85.5,61.5,30.4,57.5,26.8,59.8,73.8,47.6,34.1,88.1,17.2,36.7,45.9,15.6,51.0,17.0,58.4,36.1,12.3,20.4,10.6,86.4,35.7,23.9,24.1,125.8,27.8,16.5,55.6,51.3,57.0,76.4,50.1,20.8,17.8,84.3,125.8,37.7,33.1,16.1,18.9,6.3,62.1,48.6,34.7,18.9,34.1,39.4,78.1,76.5,52.2,99.3,94.8,85.7,11.0,77.5,20.4,29.5,49.0,62.2,54.6,25.6,11.0,111.2,78.1,71.8,42.7,70.8,95.2,83.9,58.7,37.1,37.9,48.3,40.4,37.4,98.9,21.4
0,MED8,ENSG00000159479,22.3,41.1,45.6,5.6,19.6,26.1,31.7,35.1,14.6,29.4,26.1,27.5,15.9,32.4,17.9,31.8,15.6,40.8,54.5,15.9,37.2,27.7,43.6,13.4,24.9,23.8,26.4,43.8,11.1,45.4,80.4,32.1,23.6,22.0,30.3,23.2,30.9,55.0,12.6,7.7,33.3,31.3,17.6,32.2,23.0,25.0,10.7,27.8,8.6,24.3,4.5,21.9,19.7,31.3,24.7,6.1,12.9,120.6,28.1,37.4,32.7,21.9,52.6,25.0,42.0,44.6,44.6,12.0,15.2,21.7,30.2,24.5,7.8,24.5,62.4,40.4,25.1,60.7,98.9,21.4,22.9
0,MED27,ENSG00000160563,10.5,15.7,16.7,52.9,16.3,15.3,10.7,29.9,13.3,31.7,4.6,7.6,6.8,7.6,13.1,15.3,15.6,34.0,37.1,15.7,6.0,15.4,14.7,16.1,11.9,13.9,7.7,6.7,84.8,14.2,23.4,15.3,7.7,9.5,14.1,13.7,5.5,18.9,24.5,60.6,5.7,20.6,9.2,7.4,5.1,18.2,10.2,12.7,15.5,12.7,32.2,17.8,9.0,28.6,16.7,65.1,121.0,17.6,15.6,13.6,4.8,20.3,17.0,13.5,3.1,8.3,30.2,12.6,10.9,18.0,11.8,5.4,10.7,16.5,25.3,34.3,11.0,17.8,61.7,19.5,7.9
0,MED11,ENSG00000161920,11.3,24.8,33.9,7.4,29.4,23.4,23.2,40.7,21.9,21.4,22.4,20.2,19.1,36.2,33.5,34.0,17.5,23.8,46.5,34.1,31.9,46.1,34.0,1.3,26.3,14.0,31.1,20.0,5.3,30.5,36.6,21.7,28.9,26.7,46.0,21.7,35.2,32.7,16.4,6.9,30.3,44.5,30.3,25.1,1.5,16.9,10.8,24.6,12.0,29.4,5.4,38.2,19.8,20.6,32.9,4.7,13.6,31.6,25.4,18.7,52.0,13.1,23.4,33.3,63.5,94.3,24.4,19.2,16.3,32.1,23.7,13.6,13.7,22.3,60.0,40.1,31.0,30.0,27.0,25.7,30.4
0,TAF6L,ENSG00000162227,5.6,8.3,8.1,8.4,8.4,7.0,5.7,1.3,9.1,6.8,6.8,6.3,1.4,9.5,4.3,5.1,1.9,10.2,14.6,3.4,10.9,12.3,4.6,6.5,4.9,6.1,4.1,12.6,3.4,4.8,9.1,5.8,10.6,7.2,5.1,8.6,12.6,10.3,5.7,5.0,7.0,0.7,12.1,4.7,4.8,5.1,10.8,7.5,10.3,7.6,2.7,7.2,4.4,8.6,8.1,5.7,4.7,11.8,9.6,0.0,8.2,3.6,11.2,5.2,9.2,16.1,4.1,4.5,3.3,8.4,17.5,0.0,10.7,6.7,3.1,10.6,9.5,7.7,21.3,5.4,8.3
0,DPY30,ENSG00000162961,63.9,58.8,72.3,9.6,52.9,85.8,92.0,222.5,56.7,21.5,112.2,132.0,98.2,74.4,334.2,117.8,101.1,20.4,198.9,17.3,75.6,233.6,108.6,88.0,57.9,60.4,82.8,52.7,15.5,96.4,272.9,65.3,44.2,112.2,53.2,99.6,116.2,121.7,13.2,16.9,91.3,215.4,46.6,60.3,11.8,72.9,74.5,56.1,75.6,42.0,12.5,29.7,53.7,50.4,42.8,12.7,24.8,367.6,110.8,105.3,95.8,83.6,50.2,87.0,133.9,260.2,19.5,50.1,23.6,95.5,65.4,73.4,43.9,59.8,61.3,57.3,72.1,115.1,137.6,60.9,121.1
0,SMARCAD1,ENSG00000163104,17.8,17.3,15.7,53.3,14.5,16.5,13.5,12.8,19.7,13.8,15.0,13.0,16.3,5.7,16.8,13.5,9.7,25.5,13.8,19.9,4.9,6.1,12.1,2.7,29.6,15.9,14.8,21.8,83.6,11.9,12.5,17.2,18.9,17.2,9.0,12.1,13.1,9.7,13.8,79.1,10.2,12.1,15.6,4.6,2.3,13.2,23.4,13.6,6.9,20.3,45.6,11.1,17.2,8.4,19.2,81.1,92.6,9.6,15.9,15.3,6.6,17.1,16.4,19.7,3.8,14.9,18.6,18.1,7.7,14.8,12.8,8.2,6.8,13.9,27.1,35.1,18.3,11.7,10.2,18.2,12.9
0,VPS72,ENSG00000163159,22.7,18.2,16.0,7.1,22.2,22.3,17.7,38.4,21.1,12.5,25.2,29.9,12.2,19.1,15.9,23.7,25.3,35.7,58.3,11.0,21.9,61.5,43.8,12.3,17.9,26.5,19.4,29.2,6.1,37.9,56.5,24.9,22.4,18.3,20.7,36.7,19.1,29.2,8.8,6.6,29.0,29.5,17.0,17.2,9.7,21.3,18.5,17.1,37.8,18.9,2.7,6.5,14.4,31.1,18.0,4.2,8.4,219.1,37.3,22.1,34.0,22.7,14.4,13.1,25.9,33.7,11.0,16.2,6.4,32.1,12.1,38.1,27.3,27.1,36.1,31.0,26.0,26.5,64.6,20.3,30.6
0,ERCC3,ENSG00000163161,11.2,16.0,11.7,23.5,15.1,9.7,11.6,20.0,15.1,10.8,12.5,11.6,11.1,5.7,29.8,16.0,5.8,6.8,19.0,16.6,5.3,3.1,12.7,11.7,12.3,13.0,12.2,8.0,21.6,16.9,12.5,13.4,19.5,11.0,12.6,9.7,7.0,13.2,12.0,22.5,9.6,23.2,7.7,6.6,2.5,16.5,11.2,11.7,13.7,17.5,9.8,7.8,12.2,10.5,14.9,17.0,20.9,13.2,12.3,6.8,5.8,14.3,13.9,10.7,7.0,8.5,11.9,13.9,11.3,9.8,9.7,16.3,13.7,12.3,38.4,30.3,11.3,9.6,15.5,14.7,10.7
0,ATXN7,ENSG00000163635,28.6,25.1,46.3,32.8,30.5,41.1,29.1,20.8,30.8,80.0,25.9,16.8,11.7,32.4,50.3,38.6,31.1,112.1,17.7,49.0,32.5,6.1,14.3,20.6,34.7,24.7,27.7,29.7,78.5,21.8,18.9,27.5,17.1,98.2,49.1,16.3,17.7,19.1,60.4,64.2,20.1,42.7,34.2,34.0,11.2,13.5,22.7,40.9,13.7,23.8,61.7,95.6,64.5,26.9,103.3,56.6,43.5,5.9,16.0,5.1,28.4,13.1,17.1,17.2,25.4,10.2,122.4,53.8,42.5,27.2,36.3,8.2,34.2,27.3,18.9,18.1,24.4,41.4,82.4,81.4,18.9
0,POLR2H,ENSG00000163882,43.9,57.9,88.4,22.6,31.8,92.7,39.8,112.0,56.5,23.9,75.2,81.1,18.2,42.0,55.1,70.8,46.7,20.4,114.5,29.7,121.4,135.2,65.8,23.3,61.3,52.5,60.3,65.6,12.4,70.6,155.1,47.5,54.2,89.1,37.1,65.0,75.4,55.7,18.3,15.2,68.1,79.9,21.3,51.4,9.9,44.9,55.6,30.3,24.0,58.7,8.9,21.9,37.5,27.8,34.5,8.0,10.7,130.1,52.7,69.6,61.8,29.5,62.0,49.7,91.7,128.1,22.4,41.8,35.1,65.1,35.8,24.5,41.0,45.0,99.5,105.7,64.5,61.8,125.2,37.6,97.8
0,PBRM1,ENSG00000163939,46.2,47.6,65.8,90.4,45.0,51.0,46.7,26.9,41.2,38.9,37.6,26.1,71.4,26.7,61.0,51.0,19.4,30.6,36.4,89.2,26.4,27.7,36.0,45.6,52.0,46.2,25.3,56.8,73.8,46.3,40.2,41.3,40.1,46.5,52.9,39.5,41.2,53.5,33.4,80.9,33.2,25.8,56.8,43.5,16.0,36.5,53.0,74.5,55.0,43.4,76.9,68.1,77.5,28.1,52.3,82.5,126.1,17.6,55.3,28.9,31.5,58.5,74.6,57.7,17.3,18.9,47.1,63.4,43.3,36.6,44.3,38.1,62.5,54.9,46.2,35.7,42.8,72.8,57.9,55.1,39.1
0,H2AZ1,ENSG00000164032,627.5,111.1,279.7,14.9,427.5,1203.8,207.5,902.9,997.0,187.6,521.5,905.6,185.6,164.1,266.9,365.0,190.6,207.3,713.5,242.5,224.1,328.9,274.2,22.2,221.6,371.7,295.3,757.2,36.7,296.4,1564.7,363.1,234.6,305.3,279.2,328.3,166.3,675.0,72.4,33.9,338.2,519.5,258.0,1681.6,26.2,199.1,222.0,475.8,620.1,198.8,27.7,480.7,215.5,200.6,345.5,14.1,23.8,97.8,369.9,597.7,224.9,226.6,793.0,139.4,185.9,374.0,172.3,239.2,332.3,212.9,204.5,440.6,286.9,346.8,537.6,194.9,920.5,911.1,432.7,514.0,884.0
0,WDR82,ENSG00000164091,44.7,49.7,48.1,11.5,42.5,55.4,52.5,21.9,34.8,53.1,37.4,34.5,66.1,34.3,36.7,31.1,15.6,13.6,29.8,69.2,36.0,18.4,17.9,23.5,71.1,47.7,39.7,39.1,19.7,23.4,30.5,40.9,28.3,87.7,37.3,38.4,40.9,31.7,41.5,21.1,33.4,15.5,58.9,37.8,177.0,54.3,35.3,50.7,24.0,31.0,20.6,75.9,60.6,30.8,76.7,14.1,16.9,14.7,30.9,17.0,30.1,57.3,30.8,34.3,24.4,20.9,29.7,53.8,46.7,46.2,30.6,46.2,48.8,42.6,21.6,29.3,41.5,56.6,30.5,72.0,35.3
0,PEX2,ENSG00000164751,26.3,24.2,23.0,30.7,25.9,22.3,172.2,55.6,27.7,27.3,38.2,36.0,35.6,36.2,37.3,40.7,27.2,27.2,43.1,28.0,29.7,104.5,48.2,7.5,19.6,23.1,39.3,17.0,11.5,34.2,25.1,32.9,20.6,24.1,29.0,28.4,39.1,27.3,10.7,14.6,43.2,34.6,30.9,23.2,4.5,28.4,21.7,27.3,32.6,35.0,16.1,34.3,22.0,63.2,47.1,29.7,42.7,64.0,31.8,40.8,31.3,32.7,40.9,40.6,44.1,55.8,27.8,18.1,36.2,48.9,32.3,24.5,29.3,26.8,12.3,21.4,27.9,22.6,32.6,34.9,35.9
0,MED30,ENSG00000164758,48.6,11.1,21.0,8.7,66.8,98.6,20.6,62.6,55.0,3.9,32.2,42.5,5.9,22.9,48.2,25.0,7.8,1.7,46.4,61.3,30.7,12.3,20.5,39.1,39.1,31.7,37.2,38.8,9.7,14.2,74.5,42.7,18.3,44.5,30.9,28.1,24.2,39.5,4.4,12.1,45.3,47.1,22.3,60.1,11.6,60.4,28.9,33.6,32.6,22.0,6.3,60.5,9.9,8.7,55.9,8.5,17.1,34.6,51.7,17.0,35.3,37.4,35.2,6.7,21.7,15.6,3.9,17.1,29.6,35.6,8.7,38.1,17.6,34.2,48.9,32.5,43.0,88.3,61.7,56.6,44.4
0,INTS1,ENSG00000164880,15.7,29.7,33.6,18.9,11.8,13.0,16.0,11.4,12.2,30.9,20.9,16.0,6.2,17.2,20.0,18.1,9.7,20.4,13.2,12.1,36.5,0.0,18.9,23.0,13.8,17.2,19.4,5.2,21.7,27.0,14.0,13.1,25.4,22.5,8.9,12.0,21.2,15.8,39.0,13.8,23.1,17.7,20.1,7.6,38.4,13.2,9.6,16.7,10.3,15.0,11.6,18.6,23.8,16.7,13.7,11.8,10.3,11.8,13.1,8.5,20.9,13.9,14.5,21.3,21.1,11.0,35.0,21.4,16.4,12.3,30.0,10.9,25.4,16.2,18.7,10.1,12.2,16.4,12.6,14.2,18.6
0,INTS8,ENSG00000164941,9.4,9.0,9.2,15.8,19.5,8.9,11.3,8.5,10.0,12.8,6.2,4.8,20.3,3.8,14.4,10.7,9.7,5.1,10.1,9.7,8.5,9.2,8.4,48.3,11.5,10.8,13.2,16.0,43.2,11.0,12.7,10.8,7.7,6.1,10.2,8.8,5.7,10.1,12.6,39.2,13.4,10.3,11.1,7.2,3.9,14.5,11.1,12.9,6.9,10.1,24.2,8.9,9.4,6.2,13.4,31.1,29.0,13.2,9.7,11.9,13.6,13.5,19.5,14.0,7.6,5.0,20.5,10.0,8.2,4.5,10.2,13.6,7.8,9.5,51.9,29.4,7.7,9.3,8.4,16.2,12.3
0,GTF2A1,ENSG00000165417,24.9,16.1,19.2,24.2,18.5,19.2,26.7,11.1,10.9,18.3,17.7,19.8,36.4,9.5,15.3,13.3,19.4,25.5,15.0,24.3,17.7,0.0,12.0,54.4,24.7,21.2,15.5,17.3,31.8,10.9,15.9,22.8,17.7,19.1,26.7,27.1,21.9,18.3,29.6,32.0,17.4,8.1,23.9,23.7,20.5,13.2,16.5,28.8,10.3,15.8,27.7,24.3,23.6,20.1,21.6,25.0,24.5,9.6,12.5,5.1,15.4,11.5,57.4,20.2,11.1,15.5,16.2,21.9,25.3,16.9,19.9,24.5,15.6,23.9,26.4,27.3,25.7,26.3,28.5,22.8,14.2
0,TAF10,ENSG00000166337,34.7,33.5,33.9,5.9,37.6,20.8,33.6,2.7,43.2,6.9,37.0,48.2,27.3,17.2,28.5,19.0,19.4,11.9,15.2,36.8,55.0,6.1,12.6,105.7,29.8,25.6,38.5,28.2,4.2,25.6,15.2,28.6,48.3,30.0,29.9,24.0,13.3,20.3,7.6,4.2,29.8,1.8,39.6,31.5,376.6,9.5,18.2,48.2,5.2,126.0,8.9,128.4,19.5,21.8,49.3,2.4,9.2,17.6,10.1,23.8,37.5,4.0,80.9,39.1,36.3,22.2,11.5,14.5,28.6,66.0,19.1,8.2,4.9,17.9,33.6,15.6,79.4,27.2,17.8,41.4,30.3
0,LEO1,ENSG00000166477,13.3,23.0,21.5,9.6,15.6,37.1,24.3,32.0,20.8,27.8,13.3,12.6,28.6,17.2,15.4,24.7,7.8,20.4,26.1,15.9,20.7,21.5,24.2,1.8,38.2,18.3,16.2,8.6,16.0,21.2,28.3,21.4,16.5,30.7,199.4,17.2,19.0,17.5,20.1,16.2,23.5,21.0,15.0,5.0,2.9,8.8,18.0,13.2,3.4,25.5,5.4,12.1,27.7,19.9,28.5,12.3,12.4,39.0,12.2,15.3,11.1,13.5,15.9,32.5,21.1,21.6,14.8,22.9,12.2,19.5,23.7,10.9,24.4,16.3,20.7,10.1,18.3,45.1,18.1,25.2,19.5
0,CDK12,ENSG00000167258,42.2,43.8,43.8,48.3,55.3,58.0,43.8,31.0,43.2,39.2,38.0,25.7,16.7,30.5,42.1,41.1,37.0,61.2,35.0,69.1,35.2,12.3,29.2,27.5,59.2,42.6,31.0,40.8,52.1,30.9,32.4,36.2,42.4,54.7,49.0,38.3,38.2,29.4,39.0,50.6,36.8,32.4,36.0,49.4,15.4,37.5,52.1,46.9,17.2,31.4,31.3,65.9,55.1,23.5,64.3,44.3,49.4,33.1,44.4,5.1,30.6,34.3,49.8,56.0,29.8,15.9,68.7,60.3,36.0,41.8,41.9,29.9,33.2,37.9,151.3,91.3,52.5,59.1,63.3,65.6,32.8
0,KMT2D,ENSG00000167548,14.3,20.8,17.5,16.7,18.9,16.5,9.7,9.1,15.1,33.3,11.4,6.9,4.5,13.4,12.4,12.5,15.6,25.5,9.1,16.3,12.9,0.0,8.4,2.2,12.4,16.9,15.1,25.2,16.8,11.1,6.9,10.2,26.5,12.1,11.2,13.7,13.6,12.3,29.6,15.8,13.3,13.6,18.8,22.5,2.3,9.5,13.3,19.7,15.5,12.7,14.3,26.5,16.1,7.4,19.4,11.8,18.4,1.5,7.9,8.5,11.3,11.5,13.6,13.6,14.0,4.5,43.2,16.4,9.2,7.8,11.5,10.9,16.6,11.4,7.3,3.7,20.4,16.4,11.4,20.1,11.2
0,POLR2G,ENSG00000168002,55.3,57.9,69.0,3.1,60.7,53.4,61.4,199.9,48.8,46.0,46.4,53.8,67.5,53.4,46.8,76.6,83.6,96.9,227.8,63.8,35.1,138.3,109.7,6.4,67.1,71.1,56.6,55.3,1.9,74.5,140.3,67.2,31.2,65.5,52.0,74.6,85.3,186.9,28.3,2.1,52.5,99.4,71.4,72.5,11.1,70.5,54.5,70.0,99.6,51.9,2.7,83.9,24.7,143.3,91.6,2.4,7.9,64.7,93.9,100.2,43.5,61.7,44.3,51.8,41.7,145.6,47.9,34.8,53.1,61.0,39.0,95.2,19.5,61.2,31.9,43.5,61.8,67.1,128.8,71.5,88.8
0,SF3B5,ENSG00000169976,104.5,172.4,274.4,5.0,127.0,248.7,159.1,277.1,115.0,44.7,190.9,215.5,98.8,166.0,154.6,151.1,128.4,68.0,240.8,247.2,248.2,396.5,220.5,205.9,169.5,134.6,266.0,154.3,3.7,218.0,230.1,147.4,98.5,159.0,124.6,139.9,298.3,351.2,39.7,4.7,295.0,167.9,198.8,222.5,154.8,135.0,112.6,167.2,195.8,205.6,7.2,195.6,91.3,142.2,170.0,6.1,12.2,162.5,195.6,254.7,225.7,111.1,246.2,148.4,327.6,598.4,36.4,96.6,114.1,201.2,153.4,136.0,96.6,140.3,146.4,62.8,170.3,293.5,197.6,167.3,301.5
0,TADA3,ENSG00000171148,23.0,38.5,38.8,21.4,35.6,23.5,38.3,61.2,32.4,33.0,41.3,44.1,5.4,49.6,44.0,44.4,31.1,45.9,47.2,44.5,75.3,46.1,58.1,95.5,33.1,23.2,41.0,33.4,9.6,47.8,57.2,40.1,30.7,23.5,45.6,27.8,43.2,60.5,18.3,10.4,64.6,39.0,37.9,27.4,77.7,35.1,14.1,38.3,36.1,66.3,6.3,38.8,23.0,92.9,87.0,4.7,9.3,14.7,63.4,71.3,64.6,40.6,36.2,58.8,64.8,65.4,23.0,26.3,28.2,56.2,22.5,49.0,27.3,45.0,76.5,92.5,31.6,28.4,35.9,46.6,52.7
0,BPTF,ENSG00000171634,113.4,76.8,91.1,182.4,141.0,90.8,103.6,35.1,80.7,195.4,73.6,76.6,217.6,63.0,107.9,88.6,54.5,107.0,39.2,137.9,60.7,12.3,65.9,29.0,160.4,112.9,89.4,86.5,120.2,65.6,30.5,94.3,80.2,151.5,151.4,71.0,37.8,42.7,146.0,130.6,61.4,29.1,53.0,52.8,20.3,105.6,127.2,96.7,75.6,105.9,104.7,105.8,173.4,118.6,195.7,217.4,244.5,32.3,94.0,23.8,71.0,103.9,97.0,119.5,33.2,15.6,184.7,188.6,121.1,103.6,119.3,103.3,150.3,99.6,144.5,91.8,79.7,101.6,38.9,147.1,72.0
0,AFF1,ENSG00000172493,85.4,29.4,27.3,119.2,30.0,32.4,75.2,16.4,39.0,39.3,18.1,9.4,137.4,34.3,30.0,31.2,64.2,151.2,0.8,37.7,40.3,9.2,11.8,5.2,37.7,67.6,27.4,42.4,66.8,14.0,4.4,43.8,37.1,43.3,42.2,21.8,27.2,14.6,35.9,45.9,43.6,21.0,42.9,32.2,9.4,27.0,46.1,42.0,15.5,39.0,193.2,41.4,39.7,19.5,25.7,69.8,78.2,141.2,26.1,5.1,22.9,27.9,52.7,55.1,25.0,47.6,150.1,33.2,36.5,34.8,36.1,19.0,95.6,39.8,3.7,11.3,44.4,34.8,51.8,28.6,21.2
0,KAT5,ENSG00000172977,17.1,32.2,24.4,10.2,21.8,22.5,23.2,60.2,16.0,48.7,18.6,15.7,0.3,15.3,30.0,30.7,37.0,35.7,52.3,20.5,31.7,15.4,40.9,12.6,14.3,18.7,24.2,10.2,7.3,39.1,47.1,21.5,18.3,19.1,28.0,27.8,10.9,34.1,37.1,8.3,23.6,52.6,15.5,13.8,8.4,31.1,17.6,18.9,49.8,15.6,3.6,21.7,15.6,38.7,28.3,6.6,12.8,15.4,39.3,30.6,32.1,37.8,14.2,15.4,23.4,29.4,37.5,16.8,15.1,32.1,13.6,29.9,25.4,31.0,54.8,27.6,14.5,23.9,114.3,21.1,28.2
0,TADA2B,ENSG00000173011,6.5,13.1,12.1,6.8,11.2,6.2,17.9,3.2,1.1,23.1,11.9,7.3,14.0,7.6,8.9,7.9,5.8,28.9,3.7,20.2,13.0,3.1,4.6,2.8,8.6,7.4,4.5,1.9,4.8,7.3,3.2,7.5,7.1,8.8,10.2,7.5,14.4,5.4,14.5,5.0,9.3,3.7,12.6,3.4,3.9,16.2,2.9,8.7,3.4,8.5,1.8,12.8,14.3,8.0,13.3,4.7,3.4,1.5,7.5,0.0,7.5,11.5,9.5,17.9,7.5,7.3,34.5,14.3,6.0,9.4,16.1,2.7,21.5,8.4,5.4,3.7,3.8,7.8,5.4,13.5,5.7
0,SMARCC1,ENSG00000173473,30.2,53.3,62.5,53.6,71.9,63.8,40.0,33.4,77.1,26.8,59.1,40.9,34.3,34.3,40.9,53.6,60.3,35.7,84.1,52.9,23.7,3.1,62.6,76.6,71.2,34.9,56.6,68.9,45.6,49.7,119.6,27.6,54.2,111.5,42.8,44.6,32.5,28.2,17.0,50.0,54.4,30.9,28.6,39.7,120.9,25.7,33.0,45.2,20.6,39.2,40.3,66.8,86.1,17.2,52.3,92.0,97.6,33.8,42.9,37.4,31.8,29.1,62.5,81.6,21.1,34.1,38.8,65.2,40.6,54.2,40.1,46.2,31.2,36.8,66.7,111.6,80.9,71.9,72.7,55.5,77.9
0,MED16,ENSG00000175221,14.8,30.8,30.3,6.2,17.0,15.3,14.0,14.5,12.4,16.1,18.4,20.0,4.1,19.1,16.7,23.4,21.4,25.5,60.6,8.9,49.0,9.2,25.4,3.5,17.0,16.5,19.4,11.7,3.1,27.2,31.5,18.2,38.9,29.3,13.4,23.2,17.7,21.1,11.3,2.5,34.7,15.8,13.4,4.7,6.5,13.8,14.8,14.0,6.9,22.0,4.5,10.4,18.4,11.7,9.6,2.8,4.3,141.2,19.4,18.7,35.1,14.3,26.9,23.2,33.3,15.2,14.0,17.5,12.4,25.8,15.2,16.3,16.6,17.4,14.5,28.4,11.9,18.5,58.6,19.3,20.5
0,RUVBL1,ENSG00000175792,24.8,40.4,44.0,12.1,22.6,36.5,20.9,58.8,27.9,20.1,18.9,24.1,26.7,22.9,182.0,29.9,23.3,22.1,59.2,20.2,4.5,18.4,36.5,17.0,52.0,27.0,22.8,33.6,12.1,20.6,66.1,24.4,18.3,25.9,28.8,25.8,15.0,25.5,16.4,14.0,13.4,48.6,8.7,7.4,61.3,15.5,29.5,14.8,6.9,39.5,4.5,20.6,13.8,28.4,22.6,8.5,9.3,10.3,22.7,39.1,13.0,19.1,32.7,14.7,3.9,57.1,15.1,21.0,17.8,47.3,33.7,10.9,18.5,21.3,98.2,74.3,26.6,26.6,20.5,27.5,40.0
0,SGF29,ENSG00000176476,10.6,14.9,17.5,3.4,21.1,15.2,14.9,17.9,23.5,5.9,13.8,25.7,7.6,7.6,11.2,13.4,15.6,6.8,17.4,21.3,15.2,6.1,12.6,158.8,10.0,11.3,13.4,17.5,7.9,14.4,12.3,16.4,11.8,8.0,32.8,37.1,17.7,17.3,3.1,6.3,11.3,16.9,10.0,15.4,395.5,28.7,12.6,13.6,15.5,15.9,6.3,19.1,13.1,10.6,23.2,6.6,7.0,314.7,51.7,8.5,15.8,21.5,14.2,6.9,37.5,23.6,12.6,18.4,12.6,22.9,13.6,16.3,27.3,22.1,10.2,33.5,14.4,13.8,23.8,24.9,16.9
0,DMAP1,ENSG00000178028,21.9,17.2,14.7,10.5,21.4,20.9,21.3,35.7,16.4,40.4,19.7,27.8,31.1,13.4,26.3,27.5,9.7,64.6,73.4,20.1,36.3,24.6,30.0,41.9,14.2,25.4,38.6,30.3,10.1,31.6,34.7,23.2,23.0,15.3,26.3,30.3,16.8,33.6,27.7,11.6,36.0,29.8,16.6,10.3,67.9,18.9,39.6,16.0,15.5,21.2,4.5,15.0,26.7,36.5,23.8,8.5,9.0,58.8,37.0,22.1,26.3,17.9,27.2,17.0,45.4,34.1,40.2,24.2,10.5,33.3,24.4,16.3,25.4,21.6,23.1,53.0,15.3,22.3,54.1,25.3,25.5
0,MED14,ENSG00000180182,12.8,24.5,19.1,35.0,16.1,17.6,9.9,8.0,14.2,15.4,12.5,5.3,17.4,13.4,11.8,11.7,15.6,5.1,6.4,21.2,21.9,3.1,9.0,0.5,14.0,12.5,11.9,7.5,29.8,10.3,5.5,9.8,26.5,19.5,11.9,16.0,18.0,10.7,20.1,34.1,18.3,7.4,15.4,15.4,0.6,9.8,14.3,19.5,12.0,10.8,25.9,28.4,9.3,5.8,25.1,39.1,59.1,8.1,7.4,5.1,10.9,8.8,16.5,17.2,18.0,8.3,16.6,12.3,16.4,11.3,7.0,8.2,21.5,12.1,21.3,4.9,18.9,21.7,6.2,17.6,15.8
0,RUVBL2,ENSG00000183207,17.6,44.1,46.3,4.0,19.4,42.6,25.2,86.2,40.3,18.2,30.6,30.7,56.7,22.9,195.8,41.5,33.1,42.5,109.5,15.4,33.5,30.7,67.4,598.5,29.8,28.3,43.0,53.9,5.9,53.2,80.4,38.1,30.1,26.3,19.0,33.4,37.4,44.5,12.6,5.0,28.9,75.5,15.3,21.5,961.8,32.7,17.8,18.7,30.9,55.0,1.8,10.6,24.3,31.2,17.5,4.2,5.3,61.8,39.2,76.4,32.2,37.8,50.1,21.3,34.5,61.3,23.2,25.4,17.2,43.8,37.7,32.6,22.4,35.0,334.4,39.8,47.3,47.3,113.5,18.9,76.2
0,EP400,ENSG00000183495,18.4,18.8,18.9,42.1,25.5,13.7,15.2,11.4,18.2,28.1,12.8,10.2,20.2,3.8,31.3,17.3,19.4,22.1,12.5,24.8,9.9,6.1,11.9,10.0,21.9,20.1,10.5,15.5,57.6,12.9,11.7,18.3,12.4,19.0,16.1,14.9,9.9,14.4,30.8,54.0,12.3,16.2,15.7,5.4,6.5,16.9,16.1,19.2,10.3,13.3,23.3,18.9,24.6,15.1,24.6,52.4,45.5,9.6,17.1,11.9,12.2,17.1,24.4,15.2,7.2,3.5,40.7,25.4,18.1,15.2,15.9,21.8,34.2,16.5,69.5,41.5,18.9,14.2,18.7,27.0,13.5
0,SS18L1,ENSG00000184402,9.9,8.6,7.8,18.6,5.3,14.3,7.7,9.0,13.7,10.3,9.9,7.2,12.8,0.0,9.4,8.1,3.9,3.4,5.7,3.2,6.3,0.0,5.3,10.5,7.6,8.9,6.3,3.0,28.6,7.1,3.2,7.3,6.5,10.9,11.0,10.0,36.8,6.2,25.2,31.4,8.5,12.9,10.6,13.7,18.0,7.8,7.7,8.5,6.9,3.7,19.7,10.4,7.6,3.7,6.9,8.0,23.8,2.2,6.6,5.1,7.7,3.6,6.1,8.4,6.4,8.3,16.4,8.0,8.0,4.1,3.6,8.2,18.5,6.5,4.2,11.1,9.8,11.9,9.6,5.9,6.5
0,MED12,ENSG00000184634,15.2,4.5,4.3,6.8,8.0,6.1,8.4,6.8,4.9,8.0,7.9,8.9,6.7,7.6,9.7,8.9,7.8,6.8,19.8,8.4,10.1,0.0,7.6,0.3,8.1,13.2,7.7,16.3,3.6,7.9,6.8,8.3,7.7,6.9,9.4,16.6,2.0,8.0,8.2,4.0,8.9,8.8,6.5,10.3,0.7,11.5,6.0,8.8,6.9,12.1,6.3,6.9,9.9,5.8,12.3,3.8,3.9,5.1,11.8,5.1,6.9,11.9,6.6,7.0,6.6,2.6,4.7,11.3,14.0,7.0,7.7,10.9,6.8,7.7,8.5,5.9,6.1,7.4,25.3,9.1,6.0
0,NELFA,ENSG00000185049,11.3,16.0,14.1,29.1,17.4,31.3,23.4,19.0,20.4,20.0,17.2,18.1,3.8,11.4,16.7,20.7,13.6,30.6,28.1,11.9,13.6,6.1,18.0,18.1,16.8,13.4,11.8,15.6,54.0,12.5,28.5,13.9,13.6,27.3,7.9,45.8,6.7,14.0,27.7,39.2,17.9,13.3,8.5,10.8,11.8,15.5,11.1,11.6,8.6,11.3,12.5,14.7,16.9,17.7,20.6,29.7,28.1,33.8,22.0,1.7,21.5,12.7,13.5,11.4,15.2,8.6,24.1,20.4,9.0,20.9,18.4,21.8,22.4,14.4,32.1,40.0,29.4,37.9,28.4,18.3,20.6
0,INTS5,ENSG00000185085,4.7,11.4,16.7,2.2,6.7,4.7,9.9,8.1,4.2,7.9,6.4,6.1,2.2,5.7,12.3,10.1,3.9,5.1,14.2,13.5,4.6,3.1,11.9,6.4,4.8,6.7,6.2,2.6,1.9,10.5,9.1,7.0,4.1,4.6,13.3,3.5,9.9,7.0,10.7,2.0,8.3,10.7,4.6,3.3,7.9,6.4,5.4,5.1,0.0,7.6,1.8,6.3,6.1,10.7,6.3,1.9,1.0,4.4,4.4,6.8,1.9,8.4,8.6,9.3,8.5,9.5,3.7,6.4,3.6,11.9,11.0,13.6,6.8,5.8,10.2,10.5,5.5,8.1,20.2,7.4,7.9
0,TAF9B,ENSG00000187325,15.6,8.1,6.0,2.8,6.5,10.7,12.2,5.4,41.0,16.2,10.5,8.4,37.6,11.4,6.2,6.5,17.5,5.1,18.5,4.6,2.1,12.3,6.4,0.3,7.3,16.4,7.4,16.3,3.9,5.4,16.8,11.7,2.9,5.1,9.4,4.3,5.5,5.2,10.1,3.8,4.5,5.9,2.9,7.2,1.0,10.5,12.6,4.5,25.8,10.4,3.6,2.2,7.8,19.0,4.1,4.2,8.2,75.0,7.5,8.5,5.8,13.5,11.5,13.8,1.1,17.3,10.8,4.4,13.1,11.7,7.9,8.2,7.8,14.9,6.2,34.3,19.8,8.6,6.8,9.6,6.0
0,GTF2F2,ENSG00000188342,21.0,49.9,45.4,39.0,35.1,73.4,38.6,83.7,35.5,17.9,29.0,30.4,100.9,7.6,26.4,37.9,15.6,35.7,35.8,25.2,32.4,64.5,41.5,78.8,38.6,27.7,38.7,37.6,22.8,30.9,52.6,26.8,13.0,58.8,41.5,43.8,23.6,50.8,12.6,33.5,27.2,46.4,22.1,38.3,96.7,21.3,21.3,35.2,103.1,31.0,34.9,41.4,38.1,31.6,28.7,54.2,45.5,83.1,45.3,45.8,26.3,32.3,32.8,22.1,22.7,43.7,13.6,58.9,46.4,34.0,44.3,76.2,55.6,31.9,69.4,88.1,34.1,80.2,37.6,32.3,52.8
0,NELFB,ENSG00000188986,29.2,36.5,28.0,15.8,13.2,20.9,23.4,11.6,8.4,19.2,22.2,19.0,5.8,17.2,16.2,18.7,19.4,18.7,25.1,18.7,32.0,3.1,25.5,3.9,17.4,22.1,25.3,11.9,8.6,33.2,28.4,19.2,11.2,21.7,22.2,23.1,16.0,25.5,25.8,8.1,36.3,9.9,12.9,12.8,4.9,21.9,24.4,21.0,12.0,20.7,10.7,16.9,17.1,30.7,21.9,9.0,10.9,11.8,18.3,18.7,20.4,19.1,19.6,23.0,25.0,12.4,14.4,18.3,15.2,16.1,23.1,29.9,21.5,23.4,11.0,24.0,12.8,24.9,13.4,16.9,27.3
0,ARID2,ENSG00000189079,22.5,15.7,16.7,104.7,27.1,26.8,29.2,16.3,37.5,45.8,19.8,13.1,17.7,19.1,17.6,20.0,29.2,28.9,15.5,62.6,18.6,9.2,13.5,422.9,20.1,20.1,16.8,37.6,54.8,19.1,10.5,18.2,25.9,21.5,28.3,21.5,13.4,12.4,39.7,57.8,20.5,25.0,26.0,39.9,265.8,24.3,15.9,24.9,13.7,12.9,122.6,29.7,22.0,17.5,42.4,135.4,147.0,4.4,16.8,10.2,24.7,19.9,25.3,33.0,14.1,7.0,66.0,23.1,22.8,18.9,18.4,19.0,37.1,20.0,71.7,13.2,36.5,29.2,22.5,35.6,16.9
0,SF3B3,ENSG00000189091,17.8,38.1,41.8,15.8,29.6,30.9,35.6,24.1,20.2,35.0,19.5,15.6,27.3,15.3,23.1,27.4,23.3,17.0,33.6,16.3,19.8,3.1,20.6,3.7,30.4,26.7,25.8,32.7,22.5,19.3,31.6,24.1,19.5,17.0,21.3,25.8,18.9,22.3,27.7,25.4,21.1,28.3,19.1,13.9,8.7,32.4,26.0,20.2,13.7,36.2,23.3,21.2,18.4,17.4,23.4,24.5,24.8,4.4,24.1,10.2,16.1,30.7,29.5,25.5,16.0,13.7,25.8,23.6,14.6,28.3,12.0,27.2,21.5,18.8,32.7,26.6,40.3,85.8,25.5,30.5,32.7
0,SUPT5H,ENSG00000196235,44.9,42.6,49.1,25.1,53.6,54.5,39.7,33.6,35.9,41.1,37.6,51.0,77.3,28.6,50.8,38.7,50.6,51.0,35.3,138.7,47.1,9.2,36.7,70.8,53.4,45.3,54.0,29.3,16.1,38.4,48.4,37.0,64.9,87.0,44.8,32.7,52.4,40.3,49.7,16.9,53.2,43.4,40.6,83.8,73.8,39.8,39.6,58.5,37.8,39.9,14.3,72.0,79.5,28.2,72.9,14.1,21.5,23.5,41.1,39.1,32.7,39.4,80.5,33.7,50.9,24.3,54.0,57.2,65.2,35.0,73.9,19.0,67.3,37.4,76.0,83.1,39.8,57.5,58.6,70.7,35.7
0,SUPT3H,ENSG00000196284,4.7,10.2,8.0,105.0,12.0,3.3,12.0,9.3,5.8,4.7,5.1,7.8,2.0,0.0,6.9,8.0,9.7,6.8,11.9,25.5,1.3,21.5,7.6,114.7,4.6,5.5,3.1,6.7,276.7,5.4,13.8,7.8,6.5,7.0,9.1,20.4,3.9,8.0,9.4,389.3,2.5,5.5,1.8,5.7,197.8,7.1,6.2,5.8,8.6,5.4,119.0,3.5,8.9,3.3,14.4,171.7,179.6,122.8,21.3,10.2,2.3,4.4,11.4,3.9,2.1,12.9,13.5,10.0,15.2,12.5,12.3,21.8,5.9,8.5,23.5,22.8,6.1,3.5,9.5,26.6,5.0
0,WDR5,ENSG00000196363,7.6,24.9,19.6,10.2,10.2,14.2,8.8,6.3,19.9,8.3,13.6,12.3,9.9,13.4,7.8,8.7,7.8,8.5,29.5,6.4,8.5,3.1,12.8,143.7,13.8,9.6,9.5,19.0,15.9,14.9,40.8,11.5,14.1,9.9,5.2,9.4,18.1,16.9,8.8,15.9,13.3,7.7,9.6,11.3,64.1,11.1,5.0,11.3,6.9,12.9,10.7,8.5,7.1,6.8,8.6,9.4,13.3,30.9,9.5,20.4,10.6,10.0,27.2,8.2,15.7,9.5,9.8,8.4,9.8,9.5,17.2,5.4,7.8,8.8,87.2,41.8,24.6,15.3,16.0,9.3,26.2
0,TRRAP,ENSG00000196367,11.7,14.0,14.5,28.8,20.5,15.9,12.0,8.6,20.2,37.0,12.2,7.4,14.3,3.8,15.7,13.0,5.8,22.1,11.0,25.4,9.1,0.0,9.0,4.5,17.7,16.1,11.0,14.3,42.2,8.4,6.6,13.8,14.1,17.0,15.5,15.8,11.0,8.6,35.9,43.6,14.6,9.9,11.1,11.0,3.9,12.2,12.2,14.6,8.6,13.3,27.7,10.6,27.3,9.0,13.9,34.4,39.5,5.9,14.2,8.5,5.9,13.5,22.2,23.9,7.0,4.5,23.0,20.6,10.4,11.5,16.8,19.0,22.4,14.0,17.3,11.6,18.1,15.4,14.1,21.4,10.4
0,GTF2E2,ENSG00000197265,19.5,21.1,23.3,15.8,41.4,35.2,19.3,41.6,44.5,9.1,18.6,14.6,9.1,19.1,38.1,27.6,13.6,6.8,44.1,40.5,24.8,24.6,26.8,122.5,33.9,21.8,19.7,16.0,29.2,32.1,56.3,26.2,25.9,28.1,12.8,21.1,29.4,33.9,4.4,28.8,29.8,30.9,20.5,36.6,58.1,39.5,17.0,26.5,17.2,26.5,12.5,22.3,21.2,6.9,34.3,16.0,20.3,73.5,53.8,44.1,27.5,70.9,34.6,18.0,45.2,47.6,11.4,18.9,24.3,24.5,20.5,40.8,5.9,23.1,79.1,85.7,36.3,41.0,71.5,34.8,28.3
0,NCOA6,ENSG00000198646,16.9,27.1,18.2,52.0,10.8,19.4,19.2,11.1,13.7,26.7,13.7,12.3,16.7,13.4,15.5,16.4,15.6,17.0,13.0,11.1,28.4,6.1,12.9,16.1,21.0,13.4,17.5,14.5,49.2,12.1,12.6,15.0,17.1,23.4,13.6,14.6,10.6,10.2,23.9,56.3,21.2,13.3,10.5,9.7,20.2,18.9,15.4,15.9,5.2,11.1,43.8,19.9,24.8,13.7,14.5,50.9,121.3,11.8,9.3,8.5,16.8,14.3,17.8,19.7,19.4,8.0,28.5,27.6,14.5,13.0,19.3,21.8,16.6,16.3,25.0,27.2,19.6,22.1,18.2,15.3,16.8
0,CTR9,ENSG00000198730,47.6,34.0,40.6,13.9,45.9,76.9,33.5,27.5,50.5,31.2,29.2,34.1,68.8,30.5,29.6,31.3,23.3,73.1,38.2,39.4,23.8,15.4,26.4,42.7,35.9,35.3,27.4,23.3,15.9,21.8,25.0,31.7,14.7,52.8,69.9,23.2,31.7,27.4,27.1,20.5,41.9,28.3,29.7,16.1,8.5,32.7,31.1,35.4,8.6,32.2,14.3,32.5,37.1,25.9,41.8,19.3,17.4,25.7,23.0,23.8,17.1,29.5,37.2,36.0,21.2,16.6,35.2,37.8,27.7,31.1,31.8,35.4,32.2,26.9,101.1,64.4,45.1,67.8,53.1,49.3,27.1
0,NELFE,ENSG00000204356,46.7,67.2,52.4,4.3,35.9,53.4,44.8,60.7,41.9,12.8,54.8,68.5,57.8,59.1,97.5,42.5,37.0,11.9,102.4,39.7,69.6,92.2,80.9,595.7,39.9,48.6,46.2,33.1,6.0,91.5,121.4,50.8,30.1,47.5,56.4,58.4,36.3,88.4,10.1,6.0,65.7,48.2,48.4,39.1,1684.0,70.2,39.8,45.3,51.5,43.7,3.6,62.0,51.7,53.4,41.1,6.1,9.2,117.6,70.9,98.5,71.2,39.0,73.8,27.1,124.4,95.6,22.0,48.7,30.8,78.3,47.4,54.4,56.6,54.7,192.9,94.4,54.5,73.5,114.8,40.1,74.3
0,DPF3,ENSG00000205683,1.1,0.0,0.2,99.1,6.4,0.4,0.4,0.0,0.2,4.2,1.1,0.4,42.7,1.9,0.2,0.1,0.0,71.4,2.8,2.2,7.9,3.1,0.1,69.8,0.7,3.3,4.8,4.1,17.1,0.3,1.2,1.5,0.0,0.1,0.3,48.1,4.2,0.5,31.5,20.6,3.9,0.0,0.8,0.3,34.3,0.3,0.3,0.5,0.0,0.5,8.1,0.4,0.3,6.0,1.9,115.6,107.7,8.1,22.6,0.0,2.6,4.8,3.1,0.0,3.4,9.2,94.5,0.1,0.1,0.2,2.5,0.0,18.5,1.6,3.7,1.0,0.3,0.3,0.3,2.6,5.3
0,SUPT4H1,ENSG00000213246,2.0,2.8,1.9,3.7,26.7,2.5,2.0,4.7,50.5,0.3,2.8,2.0,1.2,7.6,1.8,2.3,3.9,0.0,4.7,6.8,7.2,9.2,16.7,2.6,4.0,8.1,5.6,41.2,5.3,8.9,4.9,10.7,17.1,4.0,4.3,4.3,7.1,5.2,0.0,5.2,7.5,2.9,10.3,15.3,3.6,2.7,2.4,22.8,5.2,29.6,4.5,6.7,2.3,3.2,7.0,5.2,7.6,3.7,3.3,13.6,5.3,2.4,40.0,1.4,10.6,9.8,2.1,1.6,14.0,3.3,0.8,0.0,2.0,6.9,2.1,2.0,55.6,4.4,6.5,18.5,7.7
0,KMT2B,ENSG00000272333,23.8,23.2,25.8,13.0,22.0,22.3,19.6,5.8,9.3,67.7,17.5,16.5,6.1,9.5,15.6,18.9,9.7,35.7,6.5,33.5,19.0,0.0,7.1,2.4,31.4,18.3,10.5,4.1,11.3,10.6,6.4,14.6,27.7,24.4,27.6,16.6,8.0,8.5,56.0,11.4,14.3,7.4,11.3,7.0,3.2,7.4,18.5,18.3,5.2,20.9,7.2,20.8,29.9,23.4,27.4,7.1,9.3,5.9,13.0,8.5,12.0,11.5,20.6,21.9,11.5,4.6,76.8,27.7,17.3,22.7,28.8,13.6,31.2,21.2,26.0,37.3,11.4,26.8,9.6,30.4,11.2
